Name,Ticker,GICS Level 1 Sector,GICS Level 2 Sector,Port. Weight,SedolChk,ISIN,NTM_PE,Est 3-5 Yr EPS Growth,ROE,Operating Margin,P/E using FY1 Est ( Incl. Negative Values ),Dividend Yield,Price to Book,Market Capitalization,Quarter Report Date Standard Deviation - Historical,Quarter Report Date - Historical,Quarter Mean Estimate - Historical,Latest Quarter Mean Estimate,Latest Quarter Actual EPS,PEG using FY1 Est,sed,RIC Code,Company Common Name,GICS Sector Name,GICS Industry Group Name,GICS Sub-Industry Name,Company Market Cap,Price Close,1-day Price PCT Change,2-day Price PCT Change,1 Week Total Return,1 Month Total Return,3 Month Total Return,6 Month Total Return,52 Week Total Return,YTD Total Return,"AVG(TR.Volume(SDate=0D,EDate=0D-29D))",Return On Equity - Mean,P/E (Daily Time Series Ratio),"TR.PRICECLOSE(SDate=0D,Curn=USD)/TR.EPSMEAN(Period=NTM,SDate=0D,Curn=USD)","TR.PRICECLOSE(SDate=0D,Curn=USD)/TR.EPSMEAN(Period=FY2022,SDate=0D,Curn=USD)","TR.PRICECLOSE(SDate=0D,Curn=USD)/TR.BVPSMEAN(Period=NTM,SDate=0D,Curn=USD)","TR.EPSMEAN(Period=NTM,SDate=0D,Curn=USD)/TR.EPSMEAN(Period=NTM,SDate=-60D,Curn=USD)-1","TR.EPSMEAN(Period=CY2022,SDate=0D,Curn=USD)/TR.EPSMEAN(Period=CY2022,SDate=-60D,Curn=USD)-1","TR.EPSMEAN(Period=FY2022,SDate=0D,Curn=USD)/TR.EPSMEAN(Period=FY2019,SDate=0D,Curn=USD)-1",Volatility - 100 days,Dividend yield,Short Interest %,"Relative Valuation P/E, NTM",Earnings Per Share - Mean,Business Description
Apple Inc.,AAPL,Information Technology,Technology Hardware & Equipment,7.62,2046251,US0378331005,33.20,7.9,--,31.51,34.2,0.39,66.94,"3,812,454",0.03,11/01/2024,1.60,1.60,0.97,4.31,2046251,AAPL.OQ,Apple Inc,Information Technology,Technology Hardware & Equipment,"Technology Hardware, Storage & Peripherals",3863453200570.00,252.20,-1.33,-2.63,-1.20,6.27,8.36,20.01,31.63,31.63,17980394.87,191.87,41.55,33.07,41.36,63.67,0.01,0.00,1.09,18.19,0.40,1.04,32.84,7.63,"Apple Inc. designs, manufactures and markets smartphones, personal computers, tablets, wearables and accessories, and sells a variety of related services. Its product categories include iPhone, Mac, iPad, and Wearables, Home and Accessories. Its software platforms include iOS, iPadOS, macOS, watchOS, visionOS, and tvOS. Its services include advertising, AppleCare, cloud services, digital content and payment services. The Company operates various platforms, including the App Store, that allow customers to discover and download applications and digital content, such as books, music, video, games and podcasts. It also offers digital content through subscription-based services, including Apple Arcade, Apple Fitness+, Apple Music, Apple News+, and Apple TV+. Its products include iPhone 16 Pro, iPhone 16, iPhone 15, iPhone 14, iPhone SE, MacBook Air, MacBook Pro, iMac, Mac mini, Mac Studio, Mac Pro, iPad Pro, iPad Air, AirPods, AirPods Pro, AirPods Max, Apple TV and Apple Vision Pro."
NVIDIA Corporation,NVDA,Information Technology,Semiconductors & Semiconductor Equipment,6.74,2379504,US67066G1040,32.00,42.0,91.46,54.12,46.5,0.02,51.13,"3,369,605",0.02,11/21/2024,0.75,0.75,0.81,1.11,2379504,NVDA.OQ,NVIDIA Corp,Information Technology,Semiconductors & Semiconductor Equipment,Semiconductors,3355374900000.00,137.49,0.35,-1.74,-1.56,-0.54,13.22,11.31,177.71,177.71,49508873.87,99.35,54.18,31.95,316.43,19.99,0.15,0.00,1.65,44.96,0.03,1.14,31.15,4.30,"NVIDIA Corporation is a full-stack computing infrastructure company. The Company is engaged in accelerated computing to help solve the challenging computational problems. The Company’s segments include Compute & Networking and Graphics. The Compute & Networking segment includes its Data Center accelerated computing platforms and artificial intelligence (AI) solutions and software; networking; automotive platforms and autonomous and electric vehicle solutions; Jetson for robotics and other embedded platforms, and DGX Cloud computing services. The Graphics segment includes GeForce GPUs for gaming and PCs, the GeForce NOW game streaming service and related infrastructure, and solutions for gaming platforms; Quadro/NVIDIA RTX GPUs for enterprise workstation graphics; virtual GPU software for cloud-based visual and virtual computing; automotive platforms for infotainment systems, and Omniverse Enterprise software for building and operating three-dimensional Internet applications."
Microsoft Corporation,MSFT,Information Technology,Software & Services,6.31,2588173,US5949181045,30.12,12.8,37.13,44.64,32.5,0.72,10.98,"3,159,036",0.04,10/31/2024,3.10,3.10,3.30,2.53,2588173,MSFT.OQ,Microsoft Corp,Information Technology,Software & Services,Systems Software,3200939220491.28,424.83,-1.32,-3.03,-2.39,0.32,-1.07,-4.59,13.81,13.81,7937478.70,33.13,35.07,30.34,45.73,7.96,0.02,0.00,1.02,19.76,0.78,0.81,30.22,14.00,"Microsoft Corporation is a technology company. The Company develops and supports software, services, devices, and solutions. The Company’s segments include Productivity and Business Processes, Intelligent Cloud, and More Personal Computing. The Productivity and Business Processes segment consists of products and services in its portfolio of productivity, communication, and information services. This segment primarily comprises: Office Commercial, Office Consumer, LinkedIn, and Dynamics business solutions. The Intelligent Cloud segment consists of server products and cloud services, including Azure and other cloud services, SQL Server, Windows Server, Visual Studio, System Center, and related Client Access Licenses (CALs), and Nuance and GitHub; and Enterprise Services, including enterprise support services, industry solutions and Nuance professional services. The More Personal Computing segment primarily comprises Windows, Devices, Gaming, and search and news advertising."
"Amazon.com, Inc.",AMZN,Consumer Discretionary,Consumer Discretionary Distribution & Retail,4.14,2000019,US0231351067,35.47,15.8,17.49,6.54,43.1,--,8.98,"2,326,084",0.07,11/01/2024,1.14,1.14,1.43,2.72,2000019,AMZN.OQ,Amazon.com Inc,Consumer Discretionary,Consumer Discretionary Distribution & Retail,Broadline Retail,2352733713040.00,221.30,-1.09,-2.53,-1.67,6.45,18.77,14.51,45.65,45.65,12636474.33,23.68,47.43,35.75,-1873.68,6.42,0.10,0.00,-1.11,28.21,NULL,0.79,35.50,6.19,"Amazon.com, Inc. provides a range of products and services to customers. The products offered through its stores include merchandise and content it has purchased for resale and products offered by third-party sellers. The Company’s segments include North America, International and Amazon Web Services (AWS). It serves consumers through its online and physical stores and focuses on selection, price, and convenience. Customers access its offerings through its Websites, mobile apps, Alexa, devices, streaming, and physically visiting its stores. It manufactures and sells electronic devices, including Kindle, Fire tablet, Fire TV, Echo, Ring, Blink, and eero, and it develops and produces media content. It serves developers and enterprises of all sizes, including start-ups, government agencies, and academic institutions, through AWS, which offers a broad set of on-demand technology services, including compute, storage, database, analytics, and machine learning, and other services."
Meta Platforms Inc Class A,META,Communication Services,Media & Entertainment,2.58,B7TL820,US30303M1027,23.30,10.9,28.04,37.21,26.1,0.25,9.07,"1,492,290",0.24,10/31/2024,5.25,5.25,6.03,2.40,B7TL820,META.OQ,Meta Platforms Inc,Communication Services,Media & Entertainment,Interactive Media & Services,1514213466978.73,591.24,-1.43,-2.01,-1.44,3.03,3.37,17.46,67.67,67.67,4001609.47,33.67,27.26,23.33,65.08,6.43,0.07,0.00,0.41,24.98,0.34,1.16,23.08,25.34,"Meta Platforms, Inc. builds technology that helps people connect and share, find communities, and grow businesses. The Company’s products enable people to connect and share with friends and family through mobile devices, personal computers, virtual reality (VR) and mixed reality (MR) headsets, and wearables. It operates through two segments: Family of Apps (FoA) and Reality Labs (RL). The FoA segment includes Facebook, Instagram, Messenger, Threads and WhatsApp. The RL includes augmented, mixed and virtual reality related consumer hardware, software, and content. Instagram is a place where people and creators can connect and express themselves through photos, video, and private messaging, and discover and shop from their favorite businesses. Threads is an application for text-based updates and public conversations. Its RL product offerings in VR include Meta Quest devices, and software and content available through the Meta Quest Store, which enable a range of social experiences."
"Tesla, Inc.",TSLA,Consumer Discretionary,Automobiles & Components,2.33,B616C79,US88160R1014,124.80,8.5,27.95,9.19,172.4,--,19.14,"1,338,634",0.08,10/24/2024,0.59,0.59,0.72,20.34,B616C79,TSLA.OQ,Tesla Inc,Consumer Discretionary,Automobiles & Components,Automobile Manufacturers,1385654352403.94,417.41,-3.30,-8.09,-3.06,20.93,59.54,110.94,67.99,67.99,18250671.30,10.84,114.45,128.28,104.05,17.37,0.11,0.00,-135.08,67.17,NULL,2.52,128.13,3.25,"Tesla, Inc. designs, develops, manufactures, sells and leases high-performance fully electric vehicles and energy generation and storage systems, and offers services related to its products. The Company's segments include automotive, and energy generation and storage. The automotive segment includes the design, development, manufacturing, sales and leasing of high-performance fully electric vehicles, and sales of automotive regulatory credits. It also includes sales of used vehicles, non-warranty after-sales vehicle services, body shop and parts, paid supercharging, vehicle insurance and retail merchandise. Its consumer vehicles include the Model 3, Y, S, X and Cybertruck. The energy generation and storage segment includes the design, manufacture, installation, sales and leasing of solar energy generation and energy storage products and related services and sales of solar energy systems incentives. Its lithium-ion battery energy storage products include Powerwall and Megapack."
Alphabet Inc. Class A,GOOGL,Communication Services,Media & Entertainment,2.23,BYVY8G0,US02079K3059,21.31,11.6,27.36,28.05,23.8,0.21,7.47,"2,345,367",0.06,10/30/2024,1.84,1.84,2.12,2.06,BYVY8G0,GOOGL.OQ,Alphabet Inc,Communication Services,Media & Entertainment,Interactive Media & Services,2366658680000.00,191.24,-0.79,-2.23,-1.74,13.32,15.44,5.25,37.40,37.40,10664255.47,32.55,25.05,21.34,40.71,5.86,0.05,0.00,1.03,26.80,0.42,1.06,21.25,8.96,"Alphabet Inc. is a holding company. The Company's segments include Google Services, Google Cloud, and Other Bets. The Google Services segment includes products and services such as ads, Android, Chrome, devices, Google Maps, Google Play, Search, and YouTube. The Google Cloud segment includes infrastructure and platform services, collaboration tools, and other services for enterprise customers. Its Other Bets segment is engaged in the sale of healthcare-related services and Internet services. Its Google Cloud provides enterprise-ready cloud services, including Google Cloud Platform and Google Workspace. Google Cloud Platform provides access to solutions such as cybersecurity, databases, analytics, and artificial intelligence (AI) offerings, including its AI infrastructure, Vertex AI platform, and Duet AI for Google Cloud. Google Workspace includes cloud-based communication and collaboration tools for enterprises, such as Calendar, Gmail, Docs, Drive, Meet and other enterprise services."
Broadcom Inc.,AVGO,Information Technology,Semiconductors & Semiconductor Equipment,2.20,BDZ78H9,US11135F1012,35.93,27.1,13.46,29.57,37.1,0.89,16.31,"1,103,928",0.02,12/13/2024,1.39,1.39,1.42,1.37,BDZ78H9,AVGO.OQ,Broadcom Inc,Information Technology,Semiconductors & Semiconductor Equipment,Semiconductors,1133168350713.00,235.58,-2.55,-3.99,1.39,45.72,36.91,47.57,113.83,113.83,12491236.67,37.32,184.20,36.31,62.93,12.86,0.05,0.00,0.76,59.29,1.00,1.46,36.32,6.49,"Broadcom Inc. is a global technology company that designs, develops, and supplies a broad range of semiconductors, enterprise software and security solutions. The Company operates through two segments: semiconductor solutions and infrastructure software. The Company's semiconductor solutions segment includes all of its product lines and intellectual property (IP) licensing. It provides semiconductor solutions for managing the movement of data in data center, service provider and enterprise networking applications. Its infrastructure software segment includes its mainframe, distributed and cybersecurity solutions, and its fiber channel storage area networking (FC SAN) business. It provides a portfolio of software solutions that enables customers to plan, develop, automate, manage and secure applications across mainframe, distributed, mobile and cloud platforms. Its product portfolio serves markets, including cloud, data center, networking, broadband, wireless and enterprise software."
Alphabet Inc. Class C,GOOG,Communication Services,Media & Entertainment,1.83,BYY88Y7,US02079K1079,21.47,11.6,27.36,28.05,24.0,0.21,7.52,"2,363,150",0.06,10/30/2024,1.84,1.84,2.12,2.08,BYY88Y7,GOOG.OQ,Alphabet Inc,Communication Services,Media & Entertainment,Interactive Media & Services,2366658680000.00,192.69,-0.70,-2.24,-1.68,13.15,15.38,5.31,37.22,37.22,8141216.80,32.22,25.05,21.58,40.97,5.89,0.05,0.00,1.03,26.63,0.42,NULL,21.64,8.93,"Alphabet Inc. is a holding company. The Company's segments include Google Services, Google Cloud, and Other Bets. The Google Services segment includes products and services such as ads, Android, Chrome, devices, Google Maps, Google Play, Search, and YouTube. The Google Cloud segment includes infrastructure and platform services, collaboration tools, and other services for enterprise customers. Its Other Bets segment is engaged in the sale of healthcare-related services and Internet services. Its Google Cloud provides enterprise-ready cloud services, including Google Cloud Platform and Google Workspace. Google Cloud Platform provides access to solutions such as cybersecurity, databases, analytics, and artificial intelligence (AI) offerings, including its AI infrastructure, Vertex AI platform, and Duet AI for Google Cloud. Google Workspace includes cloud-based communication and collaboration tools for enterprises, such as Calendar, Gmail, Docs, Drive, Meet and other enterprise services."
Berkshire Hathaway Inc. Class B,BRK.B,Financials,Financial Services,1.66,2073390,US0846707026,22.44,--,18.62,13.20,22.9,--,1.55,"975,043",0.63,11/04/2024,4.89,4.89,4.68,--,2073390,BRKb.N,Berkshire Hathaway Inc,Financials,Financial Services,Multi-Sector Holdings,984502858123.66,452.16,-0.95,-1.51,-0.48,-6.39,-1.76,11.15,26.78,26.78,1311513.97,5.00,9.13,22.46,31.11,1.41,-0.01,0.00,0.40,15.74,NULL,NULL,22.38,20.14,"Berkshire Hathaway Inc. and its subsidiaries are engaged in diverse business activities, including insurance and reinsurance, utilities and energy, freight rail transportation, manufacturing, services and retailing. The Company’s segments include Insurance; Railroad (BNSF); Berkshire Hathaway Energy (BHE); Pilot Travel Centers (Pilot); Manufacturing; McLane Company (McLane), and Service and retailing. The Insurance segment includes GEICO, Berkshire Hathaway Primary Group and Berkshire Hathaway Reinsurance Group. The BNSF segment includes operation of railroad systems in North America through Burlington Northern Santa Fe, LLC. The BHE segment offers regulated electric and gas utilities. The Manufacturing segment manufacturers various products, including industrial, consumer and building products. The McLane segment is engaged in wholesale distribution of groceries and non-food items. The Pilot segment is an operator of travel centers in North America and a marketer of wholesale fuel."
JPMorgan Chase & Co.,JPM,Financials,Banks,1.35,2190385,US46625H1005,14.09,2.6,16.89,26.34,13.0,1.92,2.08,"673,767",0.13,10/11/2024,3.99,3.99,4.37,5.05,2190385,JPM.N,JPMorgan Chase & Co,Financials,Banks,Diversified Banks,678975649573.74,239.32,-0.77,-1.57,0.39,-4.16,14.17,19.69,44.03,44.03,3006467.17,16.69,13.31,14.17,20.61,1.92,-0.01,0.00,0.11,26.66,2.09,1.04,13.92,16.89,"JPMorgan Chase & Co. is a financial holding company. The Company is engaged in investment banking, financial services for consumers and small businesses, commercial banking, financial transaction processing and asset management. The Company operates through three segments: Consumer & Community Banking (CCB), Commercial & Investment Bank (CIB), and Asset & Wealth Management (AWM). Its CCB segment offers products and services to consumers and small businesses through bank branches, ATMs, digital and telephone banking. Its CIB segment consists of banking and payments and markets and securities services, and offers a suite of investment banking, lending, payments, market-making, financing, custody and securities products and services to a global base of corporate and institutional clients. AWM segment offers investment and wealth management solutions. It offers multi-asset investment management solutions, retirement products and services, brokerage, custody, estate planning, and others."
Eli Lilly and Company,LLY,Health Care,Pharmaceuticals Biotechnology & Life Sciences,1.22,2516152,US5324571083,34.19,36.3,48.93,30.26,58.8,0.67,51.64,"735,314",0.22,10/30/2024,1.42,1.42,1.18,1.62,2516152,LLY.N,Eli Lilly and Co,Health Care,"Pharmaceuticals, Biotechnology & Life Sciences",Pharmaceuticals,743475572069.98,773.84,-1.19,-2.56,-2.82,-2.70,-12.50,-14.26,33.62,33.62,891129.17,86.62,83.59,34.22,101.14,23.96,0.03,0.00,0.32,32.44,0.78,0.61,33.36,22.61,"Eli Lilly and Company is a medicine company. The Company discovers, develops, manufactures and markets products in the human pharmaceutical products segment. Its diabetes, obesity and other cardiometabolic products include Basaglar, Humalog, Mounjaro, Trulicity and Zepbound. Its oncology products include Alimta, Retevmo, Tyvyt and Verzenio. Its immunology products include Ebglyss, Olumiant, Omvoh and Taltz. Its neuroscience products include Cymbalta and Emgality. Its other products and therapies include Cialis and Forteo. It manufactures and distributes its products through facilities in the United States (U.S.), including Puerto Rico, and in Europe and Asia. The Company, through its subsidiary, POINT Biopharma Global Inc., is engaged in radiopharmaceutical discovery, development, and manufacturing, as well as clinical and pre-clinical radioligand therapies. It is also developing oral small molecule inhibitor of ?4?7 integrin (known as MORF-057) for inflammatory bowel disease (IBD)."
Visa Inc. Class A,V,Financials,Financial Services,1.09,B2PZN04,US92826C8394,27.27,13.1,51.79,67.25,28.2,0.68,16.27,"619,895",0.02,10/30/2024,2.58,2.58,2.71,2.16,B2PZN04,V.N,Visa Inc,Financials,Financial Services,Transaction & Payment Processing Services,624903073408.44,315.31,-1.05,-1.75,-0.60,0.07,14.90,20.60,22.04,22.04,2634854.73,55.78,33.82,27.27,42.50,15.87,0.03,0.00,0.37,18.32,0.75,1.28,27.22,11.56,"Visa Inc. is a global payments technology company. It facilitates global commerce and money movement across more than 200 countries and territories among a global set of consumers, merchants, financial institutions and government entities through technologies. It operates through the Payment Services segment. It provides transaction processing services (primarily authorization, clearing and settlement) to its financial institution and merchant clients through VisaNet, its proprietary advanced transaction processing network. It offers a range of Visa-branded payment products that its clients, including nearly 14,500 financial institutions, use to develop and offer payment solutions or services, including credit, debit, prepaid and cash access programs for individual, business and government account holders. It also provides value-added services to its clients, including issuing solutions, acceptance solutions, risk and identity solutions, open banking solutions and advisory services."
UnitedHealth Group Incorporated,UNH,Health Care,Health Care Equipment & Services,0.93,2917766,US91324P1021,17.01,11.7,26.88,7.76,18.4,1.57,4.96,"468,699",0.07,10/15/2024,7.01,7.01,7.15,1.58,2917766,UNH.N,Unitedhealth Group Inc,Health Care,Health Care Equipment & Services,Managed Health Care,469335807496.66,507.80,-0.43,-0.66,0.29,-16.47,-12.82,0.44,-2.04,-2.04,1405079.93,23.45,33.02,17.01,23.05,4.23,-0.02,0.00,0.47,29.43,1.65,0.70,17.03,29.86,"UnitedHealth Group Incorporated is a healthcare company. The Company has two businesses, Optum and UnitedHealthcare. Optum serves the health care marketplace, including patients and consumers, payers, care providers, employers, governments and life sciences companies. UnitedHealthcare offers a full range of health benefits designed to simplify the health care experience and make it more affordable for consumers to access care. UnitedHealthcare Employer & Individual serves consumers and employers, ranging from sole proprietorships to large, multi-site and national employers and public sector employers. UnitedHealthcare Medicare & Retirement delivers health and well-being benefits to seniors and other Medicare eligible consumers. The Company’s segments include Optum Health, Optum Insight, Optum Rx and UnitedHealthcare. UnitedHealthcare segment includes UnitedHealthcare Employer & Individual, UnitedHealthcare Medicare & Retirement and UnitedHealthcare Community & State."
Exxon Mobil Corporation,XOM,Energy,Energy,0.93,2326618,US30231G1022,13.39,2.4,18.01,13.00,13.3,3.63,1.73,"464,815",0.04,11/01/2024,1.88,1.88,1.92,5.54,2326618,XOM.N,Exxon Mobil Corp,Energy,Energy,Integrated Oil & Gas,467989666193.28,105.76,-0.68,-0.69,-0.51,-10.34,-9.04,-6.64,9.39,9.39,5088900.97,14.40,13.19,13.54,7.59,1.71,-0.08,0.00,4.77,20.14,3.74,1.03,13.69,7.81,"Exxon Mobil Corporation is an international energy and petrochemical company. Its primary businesses include exploration for, and production of, crude oil and natural gas; manufacturing, transport and sale of crude oil, natural gas, petroleum products, petrochemicals, and a variety of specialty products; and pursuit of lower-emission business opportunities including carbon capture and storage, hydrogen, lower-emission fuels and lithium. The Upstream segment explores for and produces crude oil and natural gas. The Energy Products, Chemical Products and Specialty Products segments manufacture and sell petroleum products and petrochemicals. Energy Products include fuels, aromatics, and catalysts and licensing. Its Chemical Products consist of olefins, polyolefins, and intermediates. Its Specialty Products include finished lubricants, synthetics, and elastomers and resins. It also focuses on net-zero greenhouse gas emissions from its operated unconventional operations in the Permian Basin."
Mastercard Incorporated Class A,MA,Financials,Financial Services,0.86,B121557,US57636Q1040,32.32,15.4,--,57.84,36.3,0.50,64.99,"483,506",0.05,10/31/2024,3.74,3.74,3.89,2.36,B121557,MA.N,Mastercard Inc,Financials,Financial Services,Transaction & Payment Processing Services,488469673101.60,525.55,-1.25,-1.98,-0.64,-1.39,6.57,19.46,23.93,23.93,808450.57,189.55,39.72,32.24,49.74,49.17,0.00,0.00,0.37,14.53,0.58,0.60,32.15,16.30,"Mastercard Incorporated is a technology company that connects consumers, financial institutions, merchants, governments and businesses across the world, enabling them to use electronic forms of payment. It allows users to make payments by creating a range of payment solutions and services using its brands: MasterCard, Maestro and Cirrus. It enables a variety of payments capabilities (including products and value-added services and solutions) over its multi-rail network among account holders, merchants, financial institutions, businesses, governments and others, offering customers one partner for their payment needs. Its products include consumer credit, consumer debit, prepaid, B2B accounts payable, commercial point of sale, disbursements and remittances, and others. It offers additional payment capabilities that include automated clearing house (ACH) transactions (both batch and real-time account-based payments). It also offers other services, such as cyber and intelligence solutions."
Costco Wholesale Corporation,COST,Consumer Staples,Consumer Staples Distribution & Retail,0.82,2701271,US22160K1051,49.31,8.2,30.27,3.65,51.0,0.49,16.74,"409,408",0.09,12/13/2024,3.76,3.76,4.04,6.25,2701271,COST.OQ,Costco Wholesale Corp,Consumer Staples,Consumer Staples Distribution & Retail,Consumer Staples Merchandise Retail,417131768139.00,922.21,-1.86,-3.55,-2.92,-5.11,4.16,8.79,40.52,40.52,736727.27,30.39,54.16,49.03,70.24,13.42,0.04,0.00,0.62,18.02,0.50,1.45,48.69,18.81,"Costco Wholesale Corporation (Costco) operates membership warehouses and e-commerce sites that offer a selection of nationally branded and private-label products in a wide range of categories. The Company buys the majority of its merchandise directly from suppliers and route it to cross-docking consolidation points (depots) or directly to its warehouses. It operates 891 warehouses, including 614 in the United States and Puerto Rico, 108 in Canada, 40 in Mexico, 35 in Japan, 29 in the United Kingdom, 19 in Korea, 15 in Australia, 14 in Taiwan, seven in China, five in Spain, two in France, and one each in Iceland, New Zealand and Sweden. It also operates e-commerce sites in the United States, Canada, the United Kingdom, Mexico, Korea, Taiwan, Japan and Australia. The Company provides wide selection of merchandise, plus the convenience of specialty departments and exclusive member services."
Procter & Gamble Company,PG,Consumer Staples,Household & Personal Products,0.79,2704407,US7427181091,23.25,6.0,30.58,24.03,24.1,2.37,7.71,"393,504",0.03,10/18/2024,1.90,1.90,1.93,4.01,2704407,PG.N,Procter & Gamble Co,Consumer Staples,Household & Personal Products,Household Products,399250224317.37,167.09,-1.44,-1.80,-0.61,-6.79,-2.96,2.52,16.86,16.86,2684080.30,31.94,28.82,23.25,28.69,6.86,0.01,0.00,0.30,14.75,2.41,0.75,23.29,7.19,"The Procter & Gamble Company is focused on providing branded consumer packaged goods to consumers across the world. The Company’s segments include Beauty, Grooming, Health Care, Fabric & Home Care and Baby, Feminine & Family Care. The Company’s products are sold in approximately 180 countries and territories primarily through mass merchandisers, e-commerce, including social commerce channels, grocery stores, membership club stores, drug stores, department stores, distributors, wholesalers, specialty beauty stores, including airport duty-free stores), high-frequency stores, pharmacies, electronics stores and professional channels. It also sells direct to individual consumers. It has operations in approximately 70 countries. It offers products under brands, such as Head & Shoulders, Herbal Essences, Pantene, Rejoice, Olay, Old Spice, Safeguard, Secret, SK-II, Braun, Gillette, Venus, Crest, Oral-B, Ariel, Downy, Gain, Tide, Always, Always Discreet, Tampax, Bounty and others."
Walmart Inc.,WMT,Consumer Staples,Consumer Staples Distribution & Retail,0.79,2936921,US9311421039,33.06,9.8,19.32,4.17,36.5,0.90,8.26,"727,639",0.01,11/19/2024,0.53,0.53,0.58,3.72,2936921,WMT.N,Walmart Inc,Consumer Staples,Consumer Staples Distribution & Retail,Consumer Staples Merchandise Retail,736340180466.90,90.57,-1.19,-2.39,0.24,-1.87,12.41,34.43,74.40,74.40,5695779.93,21.63,37.23,33.11,42.34,7.12,0.03,0.00,0.33,18.97,0.92,0.50,33.00,2.74,"Walmart Inc. is a technology-powered omnichannel retailer. The Company is engaged in the operation of retail and wholesale stores and clubs, as well as e-commerce websites and mobile applications, located throughout the United States, Africa, Canada, Central America, Chile, China, India and Mexico. It operates through three segments: Walmart U.S., Walmart International and Sam's Club. The Walmart U.S. segment includes the Company's mass merchant concept in the United States, as well as e-commerce, which includes omni-channel initiatives and certain other business offerings such as advertising services through Walmart Connect. It operates under the Walmart and Walmart Neighborhood Market brands. The Walmart International segment consists of the Company's operations outside of the United States, as well as e-commerce and omni-channel initiatives. The Sam's Club segment includes the warehouse membership clubs in the United States, as well as e-commerce and omni-channel initiatives."
"Home Depot, Inc.",HD,Consumer Discretionary,Consumer Discretionary Distribution & Retail,0.77,2434209,US4370761029,24.96,3.3,--,14.21,25.8,2.31,66.83,"386,704",0.08,11/12/2024,3.65,3.65,3.78,7.86,2434209,HD.N,Home Depot Inc,Consumer Discretionary,Consumer Discretionary Distribution & Retail,Home Improvement Retail,390252435750.32,389.43,-0.87,-1.45,-0.77,-9.25,-3.39,14.42,15.12,15.12,990206.17,396.40,26.45,25.09,25.16,29.32,0.01,0.00,0.58,19.23,2.31,1.15,25.00,15.52,"The Home Depot, Inc. is a home improvement retailer. The Company offers a wide assortment of building materials, home improvement products, lawn and garden products, decor products, and facilities maintenance, repair, and operations products. It also provides various services, including home improvement installation services and tool and equipment rental. The Company operates approximately 2,335 stores located throughout the United States including the Commonwealth of Puerto Rico and the territories of the U.S. Virgin Islands and Guam, Canada, and Mexico. The Home Depot stores average approximately 104,000 square feet of enclosed space, with approximately 24,000 additional square feet of outside garden area. It also maintains a network of distribution and fulfillment centers, as well as various e-commerce websites in the United States, Canada, and Mexico. The Company serves two primary customer groups: do-it-yourself (DIY) Customers and Professional Customers (Pros)."
"Netflix, Inc.",NFLX,Communication Services,Media & Entertainment,0.77,2857817,US64110L1061,37.81,31.8,26.15,20.62,45.4,--,16.94,"384,896",0.07,10/18/2024,5.12,5.12,5.40,1.43,2857817,NFLX.OQ,Netflix Inc,Communication Services,Media & Entertainment,Movies & Entertainment,387939611360.70,900.43,-0.78,-2.57,-1.21,1.54,26.95,33.42,84.94,84.94,1030022.87,37.80,50.95,37.75,86.87,13.23,0.07,0.00,2.06,28.16,NULL,1.69,37.73,23.85,"Netflix, Inc. is a provider of entertainment services. The Company acquires, licenses and produces content, including original programming. The Company provides paid memberships in approximately 190 countries offering television (TV) series, films and games across a wide variety of genres and languages. Its members can play, pause and resume watching as much as they want, anytime, anywhere, and can change their plans at any time. The Company offers members the ability to receive streaming content through a host of Internet-connected devices, including TVs, digital video players, TV set-top boxes and mobile devices. The Company also has agreements with various cable, satellite and telecommunications operators to make its service available through TV set-top boxes. The Company's paid plans range from the United States dollar equivalent of $1 to $28 per month, and pricing on its extra member sub accounts range from the United States dollar equivalent of $2 to $8 per month."
Johnson & Johnson,JNJ,Health Care,Pharmaceuticals Biotechnology & Life Sciences,0.69,2475833,US4781601046,13.55,4.4,18.31,26.03,14.4,3.43,4.92,"345,062",0.12,10/15/2024,2.21,2.21,2.42,3.28,2475833,JNJ.N,Johnson & Johnson,Health Care,"Pharmaceuticals, Biotechnology & Life Sciences",Pharmaceuticals,349225712088.60,143.34,-1.18,-1.54,-1.33,-7.53,-10.84,-0.39,-5.64,-5.64,2504068.50,32.71,23.56,13.53,14.27,4.26,0.00,0.00,0.16,12.68,3.46,0.73,13.60,10.59,"Johnson & Johnson, through its subsidiaries, is engaged in the research and development, manufacture, and sale of a range of products in the healthcare field. The Company's primary focus is products related to human health and well-being. It operates through two segments: Innovative Medicine and MedTech. The Innovative Medicine segment is focused on various therapeutic areas, including immunology, infectious diseases, neuroscience, oncology, pulmonary hypertension, and cardiovascular and metabolic diseases. Products in this segment are distributed directly to retailers, wholesalers, distributors, hospitals, and healthcare professionals for prescription use. The MedTech segment includes a broad portfolio of products used in the orthopedic, surgery, interventional solutions, cardiovascular intervention, and vision fields. The MedTech segment also offers a commercially available intravascular lithotripsy (IVL) platform for coronary artery disease (CAD) and peripheral artery disease (PAD)."
"Salesforce, Inc.",CRM,Information Technology,Software & Services,0.64,2310525,US79466L3024,30.14,14.3,7.01,17.21,33.4,0.36,5.48,"320,967",0.03,12/04/2024,2.44,2.44,2.41,2.34,2310525,CRM.N,Salesforce Inc,Information Technology,Software & Services,Application Software,323896650000.00,335.74,-0.80,-1.75,-2.09,1.86,22.81,31.16,28.31,28.31,1751765.87,15.21,55.21,30.33,71.73,4.82,0.02,0.00,0.79,30.96,0.48,1.28,30.25,11.07,"Salesforce, Inc. is a provider of customer relationship management (CRM) technology. The Company's Customer 360 platform spans sales, service, marketing, commerce, collaboration, integration, artificial intelligence, analytics, automation, and others. It connects customer data across systems, applications and devices to create a complete view of customers. The Company also enables third parties to use its platform and developer tools to create additional functionality and applications that run on the Company’s platform. Its customers use its sales offering to store data, monitor leads and progress, forecast opportunities, gain insights through analytics and relationship intelligence and deliver quotes, contracts and invoices. Its service offering helps to connect its service agents with customers across any touchpoint. It helps customers to resolve routine issues with predictions and recommendations. The Company offers its services to businesses worldwide on a subscription basis."
"AbbVie, Inc.",ABBV,Health Care,Pharmaceuticals Biotechnology & Life Sciences,0.62,B92SR70,US00287Y1091,14.45,8.2,34.91,33.29,16.1,3.52,51.62,"311,364",0.03,10/30/2024,2.92,2.92,3.00,1.96,B92SR70,ABBV.N,AbbVie Inc,Health Care,"Pharmaceuticals, Biotechnology & Life Sciences",Biotechnology,314568648897.23,176.20,-1.02,-1.67,-1.23,-3.68,-10.05,4.51,17.89,17.89,2005090.13,246.25,61.47,14.45,12.81,31.21,0.02,0.00,0.54,28.71,3.72,1.05,14.46,12.20,"AbbVie Inc. is a global, diversified research-based biopharmaceutical company. It researches and develops, manufactures, commercializes and sells medicines and therapies. Its product portfolio includes immunology, oncology, aesthetics, neuroscience, eye care and Other Specialties. Immunology includes Rheumatology, Dermatology, and Gastroenterology. Oncology includes Acute Myeloid Leukemia, Acute Lymphoblastic Leukemia, Chronic Lymphocytic Leukemia and Diffuse large B-cell lymphoma. Neuroscience includes Parkinson's disease, Migraine, Movement Disorders, Psychiatric Disorders and Alzheimer’s disease. Eye Care includes Chronic Dry Eye Disease, Glaucoma, Age-Related Retinal Diseases, and Refractive Disorders. Aesthetics includes Botox Cosmetic, The Juvederm Collection of Fillers and others. Its NX-13 for the treatment of ulcerative colitis and Crohn's disease. Its CEL383 for the treatment of inflammatory bowel disease. Its ALIA-1758 for the treatment of patients with Alzheimer's disease."
Bank of America Corp,BAC,Financials,Banks,0.59,2295677,US0605051046,11.81,9.0,9.79,16.49,13.7,2.23,1.24,"337,614",0.02,10/15/2024,0.76,0.76,0.81,1.52,2295677,BAC.N,Bank of America Corp,Financials,Banks,Diversified Banks,340215481419.66,43.91,-0.97,-1.44,0.05,-7.06,11.28,11.77,33.74,33.74,10126556.93,10.13,15.96,11.92,14.07,1.16,0.03,0.00,0.16,23.07,2.37,0.98,11.90,3.68,"Bank of America Corporation is a bank holding company and a financial holding company. Its segments include Consumer Banking, Global Wealth & Investment Management (GWIM), Global Banking and Global Markets. Consumer Banking segment offers a range of credit, banking and investment products and services to consumers and small businesses. The GWIM includes two businesses: Merrill Wealth Management, which provides tailored solutions to meet clients' needs through a full set of investment management, brokerage, banking and retirement products and Bank of America Private Bank, which provides comprehensive wealth management solutions. Global Banking segment provides a range of lending-related products and services, integrated working capital management and treasury solutions, and underwriting and advisory services. Global Markets segment offers sales and trading services and research services to institutional clients across fixed-income, credit, currency, commodity, and equity businesses."
Oracle Corporation,ORCL,Information Technology,Software & Services,0.54,2661568,US68389X1054,25.03,14.0,--,30.34,27.1,0.96,33.95,"466,680",0.02,12/10/2024,1.48,1.48,1.47,1.94,2661568,ORCL.N,Oracle Corp,Information Technology,Software & Services,Systems Software,472573685760.00,166.91,-1.21,-2.78,-1.32,-9.70,-1.82,18.81,60.25,60.25,2189835.27,93.49,40.83,25.00,35.17,15.70,0.00,0.00,0.38,31.74,0.96,0.73,25.06,6.68,"Oracle Corporation offers integrated suites of applications plus secure, autonomous infrastructure in the Oracle Cloud. The Company's segments include cloud and license, hardware, and services. The cloud and license segment markets, sells and delivers a broad spectrum of enterprise applications and infrastructure technologies through its cloud and license offerings. The hardware segment provides a broad selection of enterprise hardware products and hardware-related software products including Oracle Engineered Systems, servers, storage, operating systems, virtualization, management and other hardware-related software and related hardware support. The services segment helps customers and partners maximize the performance of their investments in Oracle applications and infrastructure technologies. Its products and services are delivered worldwide through a variety of flexible and interoperable IT deployment models. These models include on-premise, cloud-based and hybrid deployments."
"Merck & Co., Inc.",MRK,Health Care,Pharmaceuticals Biotechnology & Life Sciences,0.50,2778844,US58933Y1055,10.42,58.2,0.87,4.98,12.7,3.13,5.60,"249,076",0.08,10/31/2024,1.48,1.48,1.57,0.22,2778844,MRK.N,Merck & Co Inc,Health Care,"Pharmaceuticals, Biotechnology & Life Sciences",Pharmaceuticals,252204673806.50,98.37,-1.33,-1.50,-1.01,-2.43,-12.67,-19.38,-7.30,-7.30,3990129.63,45.97,20.63,10.38,13.31,3.72,0.00,0.00,0.43,18.11,3.29,1.27,10.43,9.48,"Merck & Co., Inc. is a research-intensive biopharmaceutical company engaged in research to deliver health solutions that advance the prevention and treatment of diseases in people and animals. Its Pharmaceutical segment includes human health pharmaceutical and vaccine products. Human health pharmaceutical products consist of therapeutic and preventive agents, generally sold by prescription, for the treatment of human disorders. Human health vaccine products consist of preventive pediatric, adolescent and adult vaccines. The Animal Health segment discovers, develops, manufactures and markets a range of veterinary pharmaceutical and vaccine products, as well as health management solutions and services, for the prevention, treatment and control of disease in all major livestock and companion animal species. It is also engaged in developed a novel class of small molecules that target cancer cells lacking expression of a key DNA repair protein called O6-methylguanine methyl transferase."
Coca-Cola Company,KO,Consumer Staples,Food Beverage & Tobacco,0.48,2206657,US1912161007,20.88,6.6,42.82,24.99,21.7,3.13,10.08,"267,349",0.01,10/23/2024,0.75,0.75,0.77,3.28,2206657,KO.N,Coca-Cola Co,Consumer Staples,"Food, Beverage & Tobacco",Soft Drinks & Non-alcoholic Beverages,269021931268.10,62.03,-0.67,-0.86,-0.56,-3.20,-13.03,-1.14,8.47,8.47,6567066.67,48.82,25.76,20.87,24.94,9.95,-0.01,0.00,0.18,13.21,3.13,0.81,20.92,2.97,"The Coca-Cola Company is a beverage company. The Company's segments include Europe, Middle East and Africa, Latin America, North America, Asia Pacific, Global Ventures and Bottling Investments. It owns or licenses and markets various beverage brands, which are grouped into categories, such as Trademark Coca-Cola; sparkling flavors; water, sports, coffee and tea; juice, value-added dairy and plant-based beverages and emerging beverages. It owns and markets various nonalcoholic sparkling soft drink brands, including Coca-Cola, Diet Coke/Coca-Cola Light, Coca-Cola Zero Sugar, Fanta, Fresca, Schweppes, Sprite and Thums Up. Its water, sports, coffee and tea brands include Aquarius, Ayataka, BODYARMOR, Ciel, Costa, Dasani, dogadan, FUZE TEA, Georgia, glaceau smartwater, glaceau vitaminwater, Gold Peak, Ice Dew, I LOHAS, Powerade and Topo Chico. Its juice, value-added dairy and plant-based beverages brands include AdeS, Del Valle, fairlife, innocent, Minute Maid, Minute Maid Pulpy and Simply."
Chevron Corporation,CVX,Energy,Energy,0.48,2838555,US1667641005,12.90,3.6,13.35,14.37,13.8,4.56,1.65,"257,110",0.10,11/01/2024,2.42,2.42,2.51,3.88,2838555,CVX.N,Chevron Corp,Energy,Energy,Integrated Oil & Gas,258781150800.00,143.07,-0.65,-0.63,0.07,-11.65,-1.87,-6.58,0.00,0.00,2847182.47,12.33,15.75,13.12,7.47,1.71,-0.09,0.00,2.05,18.66,4.56,3.55,13.34,10.91,"Chevron Corporation is an integrated energy company. The Company produces crude oil and natural gas; manufactures transportation fuels, lubricants, petrochemicals and additives; and develops technologies that enhance its business and the industry. The Company’s upstream operations consist primarily of exploring for, developing, producing and transporting crude oil and natural gas; liquefaction, transportation and regasification associated with liquefied natural gas (LNG); transporting crude oil by major international oil export pipelines; processing, transporting, storage and marketing of natural gas; carbon capture and storage; and a gas-to-liquids plant. The Company’s downstream operations consist primarily of refining of crude oil into petroleum products; marketing of crude oil, refined products, and lubricants; manufacturing and marketing of renewable fuels; transporting of crude oil and refined products by pipeline, marine vessel, motor equipment and rail car; and others."
"Cisco Systems, Inc.",CSCO,Information Technology,Technology Hardware & Equipment,0.47,2198163,US17275R1023,15.73,3.8,22.98,24.15,16.2,2.69,5.20,"235,221",0.01,11/14/2024,0.87,0.87,0.91,4.29,2198163,CSCO.OQ,Cisco Systems Inc,Information Technology,Technology Hardware & Equipment,Communications Equipment,237412219878.60,59.19,-0.70,-1.32,0.36,-0.03,12.06,26.61,20.97,20.97,9072700.00,29.35,25.48,15.68,17.66,4.96,0.03,0.00,0.09,18.48,2.70,1.43,15.65,3.77,"Cisco Systems, Inc. designs and sells a range of technologies that power the Internet. The Company is integrating its product portfolios across networking, security, collaboration, applications and cloud. The Company's segments include the Americas; Europe, Middle East, and Africa (EMEA), and Asia Pacific, Japan, and China (APJC). Its Networking product category represents its core networking technologies of switching, routing, wireless, fifth generation (5G), silicon, optics solutions and compute products. Its Security product category consists of its cloud and application security, industrial security, network security, and user and device security offerings. Its Collaboration product category consists of its meetings, collaboration devices, calling, contact center and platform as a service (CPaaS) offering. Its Observability product category consists of its full stack observability offerings."
Wells Fargo & Company,WFC,Financials,Banks,0.47,2649100,US9497461015,12.55,10.7,11.01,19.74,13.3,2.13,1.43,"235,556",0.06,10/11/2024,1.28,1.28,1.42,1.25,2649100,WFC.N,Wells Fargo & Co,Financials,Banks,Diversified Banks,237898505000.00,70.41,-0.98,-1.88,-0.18,-7.56,25.35,20.14,46.83,46.83,5936558.60,11.12,14.64,12.68,22.53,1.34,0.04,0.00,-0.31,32.57,2.27,1.13,12.35,5.55,"Wells Fargo & Company is a financial services company. It provides a diversified set of banking, investment and mortgage products and services, and consumer and commercial finance, through banking locations and offices, the Internet (www.wellsfargo.com) and other distribution channels to individuals, businesses and institutions in all 50 states, the District of Columbia and in countries outside the United States. Its segments include Consumer Banking and Lending; Commercial Banking; Corporate and Investment Banking, and Wealth and Investment Management. The Wealth and Investment Management segment provides personalized wealth management, brokerage, financial planning, lending, private banking, trust and fiduciary products and services to affluent, high-net worth and ultra-high-net worth clients. Commercial Banking products and services include banking and credit products across multiple industry sectors and municipalities, secured lending and lease products, and treasury management."
Accenture Plc Class A,ACN,Information Technology,Software & Services,0.44,B4BNMY3,IE00B4BNMY34,26.84,9.5,26.92,15.51,27.7,1.52,7.55,"220,317",0.06,12/19/2024,3.42,3.42,3.60,2.90,B4BNMY3,ACN.N,Accenture PLC,Information Technology,Software & Services,IT Consulting & Other Services,240376377336.70,352.49,-1.04,-2.20,-1.75,-2.73,0.13,17.16,2.07,2.07,723162.97,26.84,29.55,26.82,32.97,6.51,0.01,0.00,0.46,24.28,1.68,0.87,26.80,13.14,"Accenture plc is a global professional services company. The Company is engaged in providing a range of services and solutions across strategy and consulting, technology, operations, Industry X and Accenture Song. Its services include application services, artificial intelligence, automation, business process outsourcing, business strategy, change management, cloud, customer experience, data and analytics, ecosystem partners, finance consulting, Industry X, infrastructure, marketing, operating models, security, supply chain management, technology consulting, technology innovation and zero-based budgeting (ZBB). It specializes in the SAP business technology platform that designs digital products and experiences for enterprise customers, including custom portals and Web solutions and mobile applications. It is also engaged in providing clients with quantitative and qualitative risk management and compliance services. It also specializes in advisory, management services and cybersecurity."
"ServiceNow, Inc.",NOW,Information Technology,Software & Services,0.44,B80NXX8,US81762P1021,64.36,30.5,27.35,8.49,76.8,--,23.71,"220,285",0.13,10/24/2024,3.45,3.45,3.72,2.52,B80NXX8,NOW.N,ServiceNow Inc,Information Technology,Software & Services,Systems Software,222780760000.00,1067.70,-1.27,-2.86,-1.89,1.74,19.38,35.72,51.13,51.13,338991.67,25.18,166.06,63.98,145.51,16.78,0.04,0.00,1.26,27.26,NULL,1.75,63.65,16.69,"ServiceNow, Inc. is a digital workflow company. Its intelligent platform, the Now Platform, is a cloud-based solution with embedded artificial intelligence and machine learning capabilities that helps global enterprises across industries, universities and governments unify and digitize their workflows. Its workflow applications built on the Now Platform are organized in four primary areas, such as technology, customer and industry, employee, and creator. Its technology workflows empower information technology (IT) departments to plan, build, operate and service the IT needs of the business enterprise. Its customer and industry workflows help organizations reimagine the customer experience and customer loyalty. Its creator workflows enable customers to create, test, and deploy their own applications on the Now Platform. It enhances GenAI-powered search and knowledge management capabilities on the Now Platform. It also specializes in asset discovery for operational technology devices."
"PepsiCo, Inc.",PEP,Consumer Staples,Food Beverage & Tobacco,0.42,2681511,US7134481081,17.64,6.1,50.90,15.40,18.6,3.45,10.71,"208,312",0.02,10/08/2024,2.29,2.29,2.31,3.05,2681511,PEP.OQ,PepsiCo Inc,Consumer Staples,"Food, Beverage & Tobacco",Soft Drinks & Non-alcoholic Beverages,209763402032.25,151.72,-0.77,-0.47,0.28,-6.38,-10.01,-6.51,-7.79,-7.79,2630060.40,55.81,22.36,17.62,22.38,8.85,0.00,0.00,0.23,14.75,3.57,1.52,17.62,8.61,"PepsiCo, Inc. is a beverage and convenient food company. The Company's segments include Frito-Lay North America, which includes its food businesses in the United States and Canada; Quaker Foods North America, which includes its food businesses, such as cereal, rice, pasta and other branded food, in the United States and Canada; PepsiCo Beverages North America, which includes its beverage businesses in the United States and Canada; Latin America, which includes its beverage and convenient food businesses in Latin America; Europe, which includes its beverage and convenient food businesses in Europe; Africa, Middle East and South Asia (AMESA), which includes all of its beverage and convenient food businesses in Africa, the Middle East and South Asia; and Asia Pacific, Australia and New Zealand and China Region (APAC), which includes all of its beverage and convenient food businesses in Asia Pacific, Australia and New Zealand, and China region. Its brands include Lays, Doritos and Cheetos."
McDonald's Corporation,MCD,Consumer Discretionary,Consumer Services,0.41,2550707,US5801351017,22.97,5.1,--,45.97,24.5,2.31,--,"207,527",0.05,10/29/2024,3.21,3.21,3.23,4.77,2550707,MCD.N,McDonald's Corp,Consumer Discretionary,Consumer Services,Restaurants,210413872203.32,289.60,-1.37,-1.76,-0.58,-1.57,-4.32,15.00,0.04,0.04,943682.70,-171.68,25.42,22.99,29.17,-57.79,0.00,0.00,0.27,16.71,2.44,1.26,22.97,12.60,"McDonald's Corporation is a foodservice retailer with over 40,000 locations in over 100 countries. The Company's segment includes United States, International Operated Markets and International Developmental Licensed Markets & Corporate. The International Operated Markets segment is comprised of markets, or countries in which the Company operates and franchises restaurants, including Australia, Canada, France, Germany, Italy, Poland, Spain and the United Kingdom. This segment is over 89% franchised. The International Developmental Licensed Markets & Corporate segment is comprised of developmental licensee and affiliate markets in the McDonald’s system. This segment is around 98% franchised. Its menu features hamburgers and cheeseburgers, the Big Mac, the Quarter Pounder with Cheese, the Filet-O-Fish, and several chicken sandwiches like the McChicken, McCrispy and McSpicy. Approximately 95% of McDonald’s restaurants worldwide are owned and operated by independent local business owners."
International Business Machines Corporation,IBM,Information Technology,Software & Services,0.41,2005973,US4592001014,20.53,4.4,33.79,16.98,21.6,3.03,8.33,"203,653",0.10,10/24/2024,2.22,2.22,2.30,4.90,2005973,IBM.N,International Business Machines Corp,Information Technology,Software & Services,IT Consulting & Other Services,205992446962.56,220.25,-1.14,-2.06,-0.76,-3.15,0.41,29.48,39.54,39.54,1384917.00,37.55,30.15,20.49,24.11,6.77,0.01,0.00,-0.29,21.84,3.03,2.50,20.49,10.75,"International Business Machines Corporation is engaged in addressing the hybrid cloud and artificial intelligence (AI) opportunity with a platform-centric approach, focused on providing client value through a combination of technology and business expertise. Its segments include Software, Consulting, Infrastructure and Financing. Its Software segment comprises two business areas: Hybrid Platform & Solutions, which includes software to help clients operate, manage and optimize their IT resources and business processes within hybrid, multi-cloud environments, and transaction processing, which includes software that supports client’s mission-critical, on-premises workloads in industries such as banking, airlines and retail. Consulting segment is engaged in business transformation, technology consulting and application operations. Infrastructure segment is engaged in hybrid infrastructure and infrastructure support. Financing segment is engaged in client financing and commercial financing."
Walt Disney Company,DIS,Communication Services,Media & Entertainment,0.40,2270726,US2546871060,19.79,15.8,4.97,12.74,20.5,0.68,1.99,"200,770",0.05,11/14/2024,1.11,1.11,1.14,1.29,2270726,DIS.N,Walt Disney Co,Communication Services,Media & Entertainment,Movies & Entertainment,202010279584.30,110.80,-0.67,-1.55,-0.54,-5.26,15.70,12.61,23.83,23.83,2516866.57,8.58,40.79,19.79,29.19,1.83,0.07,0.00,-0.34,20.32,0.90,1.15,19.72,5.60,"The Walt Disney Company is a diversified worldwide entertainment company. The Company's segments include Entertainment, Sports and Experiences. The Entertainment segment generally encompasses the Company’s non-sports focused global film, television and direct-to-consumer (DTC) video streaming content production and distribution activities. Its line of business includes Linear Networks, Direct-to-Consumer, and Content Sales/Licensing. The Sports segment generally encompasses the Company’s sports-focused global television and DTC video streaming content production and distribution activities. Its line of business includes ESPN and Star. Experiences segment includes Parks and Experiences and Consumer Products. Parks and Experiences consists of Walt Disney World Resort in Florida, Disneyland Resort in California, Disney Cruise Line, Disney Vacation Club, and Disneyland Paris, among others. Consumer Products includes licensing of its trade names, characters, visual, literary and other IPs."
Linde plc,LIN,Materials,Materials,0.40,BNZHB81,IE000S9YS762,24.66,8.9,15.55,24.67,27.0,1.30,5.08,"198,872",0.03,10/31/2024,3.90,3.90,3.94,3.02,BNZHB81,LIN.OQ,Linde PLC,Materials,Materials,Industrial Gases,201405269810.94,417.66,-1.26,-1.57,-1.11,-9.12,-12.15,-4.25,2.93,2.93,989201.10,18.24,31.70,24.67,34.68,4.75,0.01,0.00,0.65,14.07,1.33,1.21,24.65,16.93,"Linde plc is a United Kingdom-based industrial gases and engineering company. The Company serves a variety of end markets, such as chemicals and energy, food and beverage, electronics, healthcare, manufacturing, metals, and mining. The Company’s industrial gases and technologies are used in countless applications, including production of clean hydrogen and carbon capture systems critical to the energy transition, life-saving medical oxygen and high-purity and specialty gases for electronics. It also delivers gas processing solutions to support customer expansion, efficiency improvements and emissions reductions. Its primary products in its industrial gases business are atmospheric gases and process gases. The Company also designs and builds equipment that produces industrial gases and offers customers a range of gas production and processing services, such as olefin plants, natural gas plants, air separation plants, hydrogen and synthesis gas plants and other types of plants."
"Advanced Micro Devices, Inc.",AMD,Information Technology,Semiconductors & Semiconductor Equipment,0.40,2007849,US0079031078,24.01,29.6,1.54,2.76,36.9,--,3.49,"198,720",0.04,10/30/2024,0.92,0.92,0.92,1.24,2007849,AMD.OQ,Advanced Micro Devices Inc,Information Technology,Semiconductors & Semiconductor Equipment,Semiconductors,203159251645.74,122.44,-2.20,-2.09,-1.73,-10.74,-25.38,-24.52,-16.94,-16.94,8669755.03,8.29,109.45,24.18,34.91,3.12,-0.01,0.00,4.64,43.65,NULL,3.18,24.77,5.06,"Advanced Micro Devices, Inc. is a global semiconductor company. It is focused on high-performance computing, graphics and visualization technologies. It operates in four segments. The Data Center segment includes server central processing units (CPUs), graphics processing units (GPUs), accelerated processing units (APUs), data processing units (DPUs), field programmable gate arrays (FPGAs), smart network interface cards (SmartNICs), artificial intelligence (AI) accelerators and adaptive system-on-chip (SoC) products for data centers. The Client segment includes CPUs, APUs, and chipsets for desktop, notebook and handheld personal computers. Gaming segment includes discrete GPUs, semi-custom SoC products and development services. Embedded segment includes embedded CPUs, GPUs, APUs, FPGAs, system on modules (SOMs), and adaptive SoC products. Its products include AMD Ryzen AI, Radeon PRO and AMD Advantage Premium. It also accelerates development and deployment of AI Models on its hardware."
Thermo Fisher Scientific Inc.,TMO,Health Care,Pharmaceuticals Biotechnology & Life Sciences,0.40,2886907,US8835561023,22.20,4.6,13.22,17.37,23.9,0.29,4.05,"198,456",0.04,10/23/2024,5.24,5.24,5.28,5.25,2886907,TMO.N,Thermo Fisher Scientific Inc,Health Care,"Pharmaceuticals, Biotechnology & Life Sciences",Life Sciences Tools & Services,201221914408.55,518.84,-1.37,-1.58,-1.23,-1.96,-16.06,-6.05,-1.98,-1.98,538008.57,15.47,32.54,22.21,22.53,3.85,-0.01,0.00,0.87,18.24,0.30,1.03,22.24,23.36,"Thermo Fisher Scientific Inc. is engaged in helping life sciences research, increasing laboratory productivity, and improving patient health through diagnostics and the development and manufacture of life-changing therapies. Life Sciences Solutions segment provides a portfolio of reagents, instruments and consumables used in biological and medical research, discovery and production of new drugs and vaccines as well as diagnosis of infection and disease. It also provides proteomics solutions. Analytical Instruments segment provides instruments and the supporting consumables, software and services that are used for a range of applications in the laboratory and in the field. Specialty Diagnostics segment offers a range of diagnostic test kits, reagents, culture media, instruments and associated products to serve customers in healthcare, clinical, pharmaceutical, industrial and others. Laboratory Products and Biopharma Services segment offers virtually everything needed for the laboratory."
Adobe Inc.,ADBE,Information Technology,Software & Services,0.39,2008154,US00724F1012,21.59,15.8,36.31,36.00,21.8,--,13.64,"198,381",0.03,12/12/2024,4.67,4.67,4.81,1.38,2008154,ADBE.OQ,Adobe Inc,Information Technology,Software & Services,Application Software,196540496000.00,445.80,-0.15,-0.97,-0.21,-13.59,-13.90,-19.75,-25.28,-25.28,1298524.87,53.27,35.94,21.61,32.70,12.95,0.01,0.00,0.74,36.86,NULL,1.55,21.57,20.63,"Adobe Inc is a United States-based global technology company. The Company's products, services and solutions are used around the world to imagine, create, manage, deliver, measure, optimize and engage with content across surfaces and fuel digital experiences. Its segments include digital media, digital experience, and publishing and advertising. The digital media segment is centered around Adobe Creative Cloud and Adobe Document Cloud, which include Adobe Express, Adobe Firefly, Photoshop and other products, offering a variety of tools for creative professionals, communicators and other consumers. The digital experience segment provides an integrated platform and set of products, services and solutions through Adobe Experience Cloud. The publishing and advertising segment contains legacy products and services. In addition, its Adobe GenStudio solution allows businesses to simplify their content supply chain process with generative artificial intelligence (AI) capabilities."
Abbott Laboratories,ABT,Health Care,Health Care Equipment & Services,0.39,2002305,US0028241000,21.88,6.6,15.14,16.04,24.1,1.95,4.92,"195,647",0.01,10/16/2024,1.20,1.20,1.21,3.67,2002305,ABT.N,Abbott Laboratories,Health Care,Health Care Equipment & Services,Health Care Equipment,199445004942.87,112.80,-1.90,-2.14,-1.32,-5.03,-0.59,9.65,4.54,4.54,1614868.40,19.25,34.20,21.87,21.58,4.67,0.02,0.00,0.61,15.79,2.09,0.70,21.84,5.16,"Abbott Laboratories is a global healthcare company. The Company is engaged in the discovery, development, manufacture, and sale of a broad and diversified line of health care products. The Company operates through four segments: Established Pharmaceutical Products, Diagnostic Products, Nutritional Products, and Medical Devices. The Established Pharmaceutical Products segment is engaged in the international sales of a broad line of branded generic pharmaceutical products. The Diagnostic Products segment is engaged in the worldwide sales of diagnostic systems and tests for blood banks, hospitals, commercial laboratories, and alternate-care testing sites. The Nutritional Products segment is involved in the worldwide sales of a broad line of adult and pediatric nutritional products. The Medical Devices segment includes the worldwide sales of rhythm management, electrophysiology, heart failure, vascular, structural heart, neuromodulation, and diabetes care products."
"Intuitive Surgical, Inc.",ISRG,Health Care,Health Care Equipment & Services,0.38,2871301,US46120E6023,67.06,15.5,14.77,24.80,76.7,--,12.05,"187,703",0.05,10/18/2024,1.64,1.64,1.84,4.94,2871301,ISRG.OQ,Intuitive Surgical Inc,Health Care,Health Care Equipment & Services,Health Care Equipment,190513261541.60,526.96,-1.48,-2.20,-0.05,-2.77,7.26,18.46,56.20,56.20,534300.73,15.66,84.71,67.01,111.74,9.57,0.05,0.00,0.12,23.64,NULL,1.04,67.07,7.86,"Intuitive Surgical, Inc. develops, manufactures, and markets the da Vinci surgical system and the Ion endoluminal system. The Company's products and related services enable physicians and healthcare providers to access minimally invasive care. The da Vinci surgical system consists of a surgeon console or consoles, a patient-side cart, and a high-performance vision system. The da Vinci products fall into five categories, namely da Vinci surgical systems, da Vinci instruments and accessories, da Vinci Stapling, da Vinci Energy, and da Vinci Vision, including Firefly Fluorescence imaging systems and da Vinci Endoscopes. It also provides a comprehensive suite of systems, learning, and services offerings. The Ion endoluminal system consists of a system cart, a controller, a catheter, and a vision probe. It extends its commercial offerings beyond surgery into diagnostic procedures, enabling minimally invasive biopsies in the lung. Both systems use software, instruments, and accessories."
Philip Morris International Inc.,PM,Consumer Staples,Food Beverage & Tobacco,0.37,B2PKRQ3,US7181721090,16.77,10.7,--,40.40,18.4,4.37,--,"186,595",0.02,10/22/2024,1.82,1.82,1.91,1.73,B2PKRQ3,PM.N,Philip Morris International Inc,Consumer Staples,"Food, Beverage & Tobacco",Tobacco,188834517644.50,120.01,-1.19,-1.40,-1.97,-8.81,-0.05,21.09,33.95,33.95,1706429.17,-103.92,19.03,16.72,21.87,-27.09,0.03,0.00,0.06,23.68,4.50,0.73,16.76,7.18,"Philip Morris International Inc. is an international tobacco company. The Company's product portfolio primarily consists of cigarettes and smoke-free products, which include heat-not-burn, vapor, and oral nicotine products. The Company’s segments include Europe Region; South and Southeast Asia, Commonwealth of Independent States, Middle East and Africa Region (SSEA, CIS & MEA); East Asia, Australia, and PMI Duty Free Region (EA, AU & PMI DF); Americas Region; Swedish Match, and Wellness and Healthcare (W&H), which includes the operating of Vectura Fertin Pharma business. The Company's brands include Marlboro, HEETS, IQOS, IQOS ILUMA, TEREA, and ZYN. The Company’s IQOS smoke-free product brand portfolio includes heated tobacco and nicotine-containing vapor products. Its smoke-free platform (Platform 1) uses a precisely controlled heating device into which a specially designed and proprietary tobacco unit is inserted and heated to generate an aerosol."
GE Aerospace,GE,Industrials,Capital Goods,0.36,BL59CR9,US3696043013,32.01,30.7,27.52,6.11,39.0,0.55,9.64,"181,934",0.06,10/22/2024,1.13,1.13,1.15,1.27,BL59CR9,GE.N,General Electric Co,Industrials,Capital Goods,Aerospace & Defense,184076564200.32,168.10,-1.16,-2.35,-0.38,-7.57,-10.71,6.26,66.26,66.26,1513515.10,26.56,29.17,32.00,66.47,10.31,0.04,0.00,-0.48,30.11,0.67,1.10,31.81,5.25,"General Electric Company, doing business as GE Aerospace, is a global aerospace propulsion, services, and systems company. The Company provides jet and turboprop engines, as well as integrated systems for commercial, military, business, and general aviation aircraft. Its portfolio of brands includes Avio Aero, Unison, GE Additive and Dowty Propellers. Avio Aero is a GE Aerospace business which operates in the design, manufacturing, and maintenance of civil and military aeronautics subsystems and systems. Dowty Propellers manufactures integrated propeller systems, which are used in applications that range from regional airliners and military airlifters to marine hovercraft. GE Additive offers a suite of products for additive manufacturing. Unison builds advanced gas turbine components and electrical and mechanical systems throughout the world. Its services include TrueChoice commercial services, TRUEngine, on wing support, regional and business aviation, and test services."
"Goldman Sachs Group, Inc.",GS,Financials,Financial Services,0.36,2407966,US38141G1040,13.38,15.6,7.45,9.99,15.6,1.96,1.67,"180,204",0.62,10/15/2024,6.89,6.89,8.40,1.00,2407966,GS.N,Goldman Sachs Group Inc,Financials,Financial Services,Investment Banking & Brokerage,180868560663.78,573.55,-0.46,-1.32,0.49,-5.28,16.42,28.18,52.27,52.27,597666.30,11.60,16.83,13.46,17.55,1.60,0.05,0.00,0.50,29.97,2.09,1.39,13.24,42.60,"The Goldman Sachs Group, Inc. is a global financial institution that delivers a range of financial services to a large and diversified client base that includes corporations, financial institutions, governments and individuals. Its segments include Global Banking & Markets, Asset & Wealth Management and Platform Solutions. The Global Banking & Markets segment offers a range of services, including financing, advisory services, risk distribution, and hedging for its institutional and corporate clients. It facilitates client transactions and makes markets in fixed income, equity, currency and commodity products. The Asset & Wealth Management segment manages assets and offers investment products across all asset classes to a diverse set of clients. It also provides investing and wealth advisory solutions. The Platform Solutions segment includes consumer platforms, such as partnerships offering credit cards and point-of-sale financing, and transaction banking and other platform businesses."
Intuit Inc.,INTU,Information Technology,Software & Services,0.35,2459020,US4612021034,30.83,15.7,16.60,23.66,32.7,0.59,9.74,"176,560",0.03,11/22/2024,2.36,2.36,2.50,2.08,2459020,INTU.OQ,Intuit Inc,Information Technology,Software & Services,Application Software,178746460758.88,630.30,-1.30,-2.46,-1.25,-1.78,1.67,-3.80,1.45,1.45,612979.33,25.10,61.32,30.79,53.66,7.84,0.02,0.00,0.76,29.53,0.66,1.42,30.66,20.47,"Intuit Inc. offers financial technology platform that helps consumers and small and mid-market businesses prosper by delivering financial management, compliance, and marketing products and services. It operates through four segments: Small Business & Self-Employed, Consumer, Credit Karma and ProTax. The Small Business & Self-Employed segment serves small businesses and the self-employed around the world, and the accounting professionals who assist and advise them. Its offerings include QuickBooks financial and business management online services and desktop software, payroll solutions, time tracking, merchant payment processing solutions, and financing for small businesses. Consumer segment serves consumers and includes do-it-yourself and assisted TurboTax income tax preparation products and services. Credit Karma segment serves consumers with a personal finance platform that provides personalized recommendations of credit card, home, auto and personal loans, and insurance products."
Caterpillar Inc.,CAT,Industrials,Capital Goods,0.35,2180201,US1491231015,16.49,9.5,58.45,20.62,16.6,1.49,9.04,"175,262",0.14,10/30/2024,5.35,5.35,5.17,1.75,2180201,CAT.N,Caterpillar Inc,Industrials,Capital Goods,Construction Machinery & Heavy Transportation Equipment,176155315771.68,363.01,-0.51,-1.12,-0.65,-10.61,-6.85,9.82,24.74,24.74,634692.10,60.94,16.84,16.41,26.09,7.93,-0.03,0.00,0.29,27.05,1.55,1.79,16.45,22.12,"Caterpillar Inc. is a manufacturer of construction and mining equipment, off-highway diesel and natural gas engines, industrial gas turbines and diesel-electric locomotives. The Company operates through its three primary segments: Construction Industries, Resource Industries and Energy & Transportation. It also provides financing and related services through its Financial Products segment. The Construction Industries segment is primarily responsible for supporting customers using machinery in infrastructure and building construction applications. The Resource Industries segment is primarily responsible for supporting customers using machinery in mining, heavy construction and quarry and aggregates. The Energy & Transportation segment is primarily responsible for supporting customers using reciprocating engines, turbines, diesel-electric locomotives, and related services across industries serving oil and gas, power generation, industrial and transportation applications."
QUALCOMM Incorporated,QCOM,Information Technology,Semiconductors & Semiconductor Equipment,0.34,2714923,US7475251036,13.46,10.6,42.25,26.31,13.8,2.13,6.55,"172,048",0.02,11/07/2024,2.56,2.56,2.69,1.30,2714923,QCOM.OQ,Qualcomm Inc,Information Technology,Semiconductors & Semiconductor Equipment,Semiconductors,174693640000.00,154.58,-1.69,-2.49,-2.31,-1.97,-8.62,-21.58,9.01,9.01,3389294.70,41.33,17.28,13.54,12.35,5.61,0.02,0.00,2.60,35.06,2.20,2.06,13.52,11.42,"Qualcomm Incorporated is engaged in the development and commercialization of foundational technologies for the wireless industry, including third generation (3G), fourth generation (4G) and fifth generation (5G) wireless connectivity, and high-performance and low-power computing, including on-device artificial intelligence. Its segments include Qualcomm CDMA Technologies (QCT), Qualcomm Technology Licensing (QTL) and Qualcomm Strategic Initiatives. QCT develops and supplies integrated circuits and system software based on 3G/4G/5G and other technologies, including radio frequency front-end, digital cockpit and advanced driver assistance and automated driving, Internet of things including consumer electronic devices, industrial devices and edge networking products. QTL grants licenses or otherwise provides rights to use portions of its intellectual property portfolio that includes certain patent rights essential to and/or useful in the manufacture and sale of certain wireless products."
Texas Instruments Incorporated,TXN,Information Technology,Semiconductors & Semiconductor Equipment,0.34,2885409,US8825081040,32.39,-0.3,41.15,41.85,36.9,2.80,9.93,"171,420",0.03,10/23/2024,1.38,1.38,1.47,--,2885409,TXN.OQ,Texas Instruments Inc,Information Technology,Semiconductors & Semiconductor Equipment,Semiconductors,174397572264.52,187.96,-1.68,-1.97,-1.15,-6.50,-8.40,-2.11,13.41,13.41,2503169.97,27.18,34.93,32.08,20.28,9.56,-0.05,0.00,0.81,29.84,2.89,2.05,31.49,5.86,"Texas Instruments Incorporated is a global semiconductor company. The Company designs, manufactures, tests, and sells analog and embedded processing chips for markets, such as industrial, automotive, personal electronics, communications equipment, and enterprise systems. The Company’s segments include Analog and Embedded Processing. The Analog segment includes product lines, such as Power and Signal Chain. Power includes products that help customers manage power in electronic systems. Signal Chain includes products that sense, condition, and measure real-world signals to allow information to be transferred or converted for further processing and control. The Embedded Processing segment includes microcontrollers, digital signal processors (DSPs) and applications processors. The Company also offers DLP products (primarily used to project high-definition images), calculators and certain custom semiconductors known as application-specific integrated circuits (ASICs)."
Verizon Communications Inc.,VZ,Communication Services,Telecommunication Services,0.33,2090571,US92343V1044,8.37,1.7,12.65,21.52,8.6,6.75,1.73,"166,701",0.02,10/22/2024,1.18,1.18,1.19,5.05,2090571,VZ.N,Verizon Communications Inc,Communication Services,Telecommunication Services,Integrated Telecommunication Services,168048280698.40,39.60,-0.80,-0.90,-0.85,-10.69,-10.43,-0.88,12.07,12.07,5192956.23,19.09,17.07,8.38,7.66,1.57,0.01,0.00,0.07,20.72,6.84,1.48,8.37,4.73,"Verizon Communications Inc. is a holding company. The Company, through its subsidiaries, provides communications, information and entertainment products and services to consumers, businesses and governmental agencies. Its reportable segments are Verizon Consumer Group and Verizon Business Group. Its Consumer segment provides wireless and wireline communications services. Its wireless services are provided across wireless networks in the United States (U.S.) under the Verizon brands. Its wireline services are provided in nine states in the Mid-Atlantic and Northeastern U.S., as well as Washington D.C., over its fiber-optic network under the Fios brand and over a traditional copper-based network. Its Business segment provides wireless and wireline communications services and products, including data, video and conferencing services, security and managed network services, local and long-distance voice services and network access to deliver various Internet of Things services and products."
American Express Company,AXP,Financials,Financial Services,0.33,2026082,US0258161092,19.63,15.6,31.28,18.82,21.3,0.91,7.05,"209,320",0.10,10/18/2024,3.29,3.29,3.49,1.37,2026082,AXP.N,American Express Co,Financials,Financial Services,Consumer Finance,212073134134.50,297.33,-1.24,-2.19,-0.49,-2.41,9.91,29.12,60.61,60.61,752373.70,33.99,21.88,19.62,29.69,6.40,0.04,0.00,0.23,25.11,0.94,1.24,19.57,15.15,"American Express Company is a globally integrated payments company. The Company provides its customers with access to products, insights, and experiences that build business. It provides credit and charge cards to consumers, small businesses, mid-sized companies, and corporations. It operates under four segments: U.S. Consumer Services (USCS), Commercial Services (CS), International Card Services (ICS), and Global Merchant and Network Services (GMNS). USCS offers travel and lifestyle services as well as banking and non-card financing products. CS offers payment and expense management, banking, and non-card financing products. CS also issues corporate cards and provides services to select global corporate clients. ICS also provides services to international customers, including travel and lifestyle services, and manages certain international joint ventures and its loyalty coalition businesses. GMNS provides multi-channel marketing programs and capabilities, services, and data analytics."
Booking Holdings Inc.,BKNG,Consumer Discretionary,Consumer Services,0.33,BDRXDB4,US09857L1089,23.82,16.5,--,27.33,27.4,0.53,--,"165,579",1.61,10/31/2024,77.20,77.20,83.89,1.66,BDRXDB4,BKNG.OQ,Booking Holdings Inc,Consumer Discretionary,Consumer Services,"Hotels, Resorts & Cruise Lines",166721051099.07,4990.87,-0.92,-2.06,-1.43,-3.90,18.68,26.49,41.94,41.94,82259.53,-183.07,33.86,23.81,50.98,-33.85,0.07,0.00,-0.03,21.82,0.70,2.11,23.69,209.64,"Booking Holdings Inc. is a provider of travel and restaurant online reservation and related services. The Company offers its services through five consumer-facing brands: Booking.com, Priceline.com, agoda.com, KAYAK and OpenTable, Inc. (OpenTable). Through the Company's brands, consumers can: book a range of accommodations (including hotels, motels, resorts, homes, apartments, bed and breakfasts, hostels, and other accommodation properties) and a flight to their destinations; make a car rental reservation or arrange for an airport taxi; make a dinner reservation; or book a vacation package, tour, activity, or cruise. Consumers can also use the Company’s meta-search services to easily compare travel reservation information, such as flight, hotel, and rental car reservations from online travel platforms at once. Booking.com offers accommodation reservation services for approximately 3.4 million properties in over 220 countries and territories, and in over 40 languages."
AT&T Inc.,T,Communication Services,Telecommunication Services,0.32,2831811,US00206R1023,10.47,0.4,14.14,20.23,10.3,4.91,1.58,"162,213",0.02,10/23/2024,0.57,0.57,0.60,28.81,2831811,T.N,AT&T Inc,Communication Services,Telecommunication Services,Integrated Telecommunication Services,164027110129.02,22.61,-1.09,-1.52,-1.01,-2.37,4.12,21.64,43.11,43.11,11051944.17,15.65,18.37,10.34,8.46,1.37,-0.03,0.00,-0.25,20.55,4.91,1.49,10.35,2.19,"AT&T Inc. is a holding company. The Company is a provider of telecommunications and technology services globally. The Company operates through two segments: Communications and Latin America. The Communications segment provides wireless and wireline telecom and broadband services to consumers located in the United States and businesses globally. The business units of the Communication segment include Mobility, Business Wireline and Consumer Wireline. Mobility provides nationwide wireless service and equipment. Business Wireline provides advanced ethernet-based fiber services, IP Voice and managed professional services, as well as traditional voice and data services and related equipment to business customers. Consumer Wireline provides broadband services, including fiber connections. Consumer Wireline provides legacy telephony voice communication services. The Latin America segment provides wireless services and equipment in Mexico."
Palantir Technologies Inc. Class A,PLTR,Information Technology,Software & Services,0.32,BN78DQ4,US69608A1088,164.51,36.1,6.95,5.39,203.0,--,38.95,"175,184",0.01,11/05/2024,0.09,0.09,0.10,5.63,BN78DQ4,PLTR.OQ,Palantir Technologies Inc,Information Technology,Software & Services,Application Software,180066425280.00,77.18,-2.40,-6.04,-4.35,15.06,107.47,204.70,349.50,349.50,18583703.80,19.87,390.49,163.10,1689.95,28.32,0.13,0.00,NaN,60.25,NULL,3.39,158.52,0.47,"Palantir Technologies Inc. is engaged in building software to assist in counterterrorism investigations and operations. It has built four principal software platforms, including Palantir Gotham (Gotham), Palantir Foundry (Foundry), Palantir Apollo (Apollo), and Palantir Artificial Intelligence Platform (AIP). Apollo is a cloud-agnostic, single control layer that coordinates ongoing delivery of new features, security updates, and platform configurations, helping to ensure the continuous operation of critical systems. Gotham enables users to identify patterns hidden deep within datasets, ranging from signals intelligence sources to reports from confidential informants. Foundry transforms the ways organizations operate by creating a central operating system for their data. AIP enables responsible artificial intelligence (AI)-advantage across the enterprise by using primary, core components built to effectively activate large language models (LLMs) and other AI within any organization."
"S&P Global, Inc.",SPGI,Financials,Financial Services,0.32,BYV2325,US78409V1044,29.43,14.1,7.44,35.94,32.6,0.73,4.55,"154,536",0.15,10/24/2024,3.64,3.64,3.89,2.31,BYV2325,SPGI.N,S&P Global Inc,Financials,Financial Services,Financial Exchanges & Data,155708540000.00,498.02,-0.75,-1.34,-0.05,-4.69,-3.43,12.06,13.94,13.94,422407.20,12.41,43.94,29.56,44.77,4.38,0.05,0.00,0.18,14.87,0.73,1.07,29.54,16.85,"S&P Global Inc. is a provider of credit ratings, benchmarks, analytics and workflow solutions in the global capital, commodity and automotive markets. Its segments include S&P Global Market Intelligence (Market Intelligence), S&P Global Ratings (Ratings), S&P Global Commodity Insights (Commodity Insights), S&P Global Mobility (Mobility) and S&P Dow Jones Indices (Indices). Its Market Intelligence business lines include desktop, data and advisory solutions, enterprise solutions and credit risk solutions. Its Ratings segment provides credit ratings, research, and analytics, offering investors and other market participants information, ratings and benchmarks. Its Commodity Insights provide information and benchmark prices for the commodity and energy markets. Its Mobility segment offers solutions serving the full automotive value chain. Its Indices segment is a global index provider maintaining a variety of valuation and index benchmarks for investment advisors and wealth managers."
Morgan Stanley,MS,Financials,Financial Services,0.31,2262314,US6174464486,15.65,13.5,9.39,12.14,17.1,2.82,2.16,"202,718",0.08,10/16/2024,1.59,1.59,1.88,1.27,2262314,MS.N,Morgan Stanley,Financials,Financial Services,Investment Banking & Brokerage,204214869994.04,125.75,-0.80,-1.78,1.04,-4.45,21.59,31.58,39.75,39.75,1994408.13,13.08,19.11,15.77,20.30,2.05,0.06,0.00,0.27,29.44,2.94,0.87,15.46,7.97,"Morgan Stanley is a global financial services company. The Company is engaged in providing a range of investment banking, securities, wealth management and investment management services. Its segments include Institutional Securities, Wealth Management and Investment Management. Its Institutional Securities segment provides a variety of products and services to corporations, governments, financial institutions and ultra-high net worth clients. Its Wealth Management segment provides a comprehensive array of financial services and solutions to individual investors and small to medium-sized businesses and institutions. Its Investment Management segment provides a range of investment strategies and products that span geographies, asset classes, and public and private markets to a diverse group of clients across institutional and intermediary channels. It operates in over 42 countries and serves clients worldwide including corporations, governments, institutions and individuals."
RTX Corporation,RTX,Industrials,Capital Goods,0.31,BM5M5Y3,US75513E1010,18.86,10.5,4.83,5.04,20.7,2.15,2.51,"153,360",0.05,10/22/2024,1.34,1.34,1.45,1.97,BM5M5Y3,RTX.N,RTX Corp,Industrials,Capital Goods,Aerospace & Defense,155342923693.87,115.22,-1.28,-1.56,-1.21,-5.43,-4.40,16.00,40.16,40.16,1454401.30,10.16,32.78,18.90,24.24,2.38,0.01,0.00,-0.42,17.32,2.19,0.88,18.79,6.09,"RTX Corporation is an aerospace and defense company, which provides advanced systems and services for commercial, military, and government customers worldwide. The Company operates through three segments: Collins Aerospace, Pratt & Whitney, and Raytheon. Collins Aerospace segment provides technologically advanced aerospace and defense products and aftermarket service solutions for civil and military aircraft manufacturers, commercial airlines, and regional, business and general aviation, as well as for defense and commercial space operations. The Pratt & Whitney segment supplies aircraft engines for commercial, military, business jet, and general aviation customers. The Raytheon segment provides defensive and offensive threat detection, tracking and mitigation capabilities for the United States and foreign government and commercial customers. Raytheon designs, develops, and provides advanced capabilities in integrated air and missile defense, smart weapons, missiles and others."
Pfizer Inc.,PFE,Health Care,Pharmaceuticals Biotechnology & Life Sciences,0.30,2684703,US7170811035,9.13,10.0,2.31,7.24,9.0,6.36,1.62,"149,696",0.12,10/29/2024,0.61,0.61,1.06,0.90,2684703,PFE.N,Pfizer Inc,Health Care,"Pharmaceuticals, Biotechnology & Life Sciences",Pharmaceuticals,150855274731.70,26.42,-0.75,-0.53,-1.09,0.80,-7.27,-2.78,-2.64,-2.64,11085104.37,17.55,35.52,8.93,4.07,1.61,0.05,0.00,1.19,22.41,6.51,1.51,8.91,2.96,"Pfizer Inc. is a research-based global biopharmaceutical company. The Company is engaged in the discovery, development, manufacture, marketing, sale and distribution of biopharmaceutical products worldwide. Its Biopharma segment is engaged in the science-based biopharmaceutical business. Its Biopharma segment includes the Pfizer Oncology Division, the Pfizer U.S. Commercial Division, and the Pfizer International Commercial Division. Its product categories include oncology, primary care and specialty care. Its Oncology products include Ibrance, Xtandi, Inlyta, Bosulif, Lorbrena, Braftovi, Mektovi, Padcev, Adcetris, Talzenna, Tukysa, Elrexfio and Tivdak. Its primary care products include Eliquis, Nurtec ODT/Vydura, Comirnaty, the Prevnar family, Abrysvo, FSME/IMMUN-TicoVac, Paxlovid and Lucira by Pfizer. Its specialty care products include Xeljanz, Enbrel (outside the U.S. and Canada), Inflectra, Cibinqo, Litfulo, Vyndaqel family, Genotropin, Sulperazon, Zavicefta, Medrol and Panzyga."
"BlackRock, Inc.",BLK,Financials,Financial Services,0.30,BMZBBT7,US09290D1019,21.24,13.4,14.27,37.73,23.8,1.98,3.69,"152,012",0.37,10/11/2024,10.45,10.45,11.46,1.78,BMZBBT7,BLK.N,BlackRock Inc,Financials,Financial Services,Asset Management & Custody Banks,161721481127.40,1027.43,-1.60,-2.55,-1.18,0.94,8.73,31.90,29.56,29.56,232050.57,15.53,25.35,21.05,29.75,3.30,0.06,0.00,0.24,17.20,1.99,1.02,20.97,48.81,"BlackRock, Inc., formerly BlackRock Funding, Inc., is an investment management company. It provides a range of investment management and technology services to institutional and retail clients. Its diverse platform of alpha-seeking active, index and cash management investment strategies across asset classes enables the Company to tailor investment outcomes and asset allocation solutions for clients. Its product offerings include single- and multi-asset portfolios investing in equities, fixed income, alternatives, and money market instruments. Its products are offered directly and through intermediaries in a range of vehicles, including open-end and closed-end mutual funds, iShares and exchange-traded funds, separate accounts, collective investment funds and other pooled investment vehicles. It also offers technology services, including the investment and risk management technology platform, Aladdin, Aladdin Wealth, eFront, and Cachematrix, as well as advisory services and solutions."
Danaher Corporation,DHR,Health Care,Pharmaceuticals Biotechnology & Life Sciences,0.30,2250870,US2358511028,27.59,2.1,8.24,22.10,30.7,0.46,3.23,"165,853",0.03,10/22/2024,1.57,1.57,1.71,14.52,2250870,DHR.N,Danaher Corp,Health Care,"Pharmaceuticals, Biotechnology & Life Sciences",Life Sciences Tools & Services,166917785085.10,229.65,-0.63,-0.70,0.33,-4.08,-17.30,-7.89,-0.30,-0.30,858763.03,10.19,43.34,27.58,21.60,2.95,-0.02,0.00,1.42,19.49,0.47,0.79,27.60,8.33,"Danaher Corporation is a global life sciences and diagnostics innovator. The Company operates through three business segments: Biotechnology, Life Sciences and Diagnostics. The Biotechnology segment includes the bioprocessing and discovery and medical businesses and offers a broad range of equipment, consumables and services that are primarily used by customers to advance and accelerate the research, development, manufacture and delivery of biological medicines. The Life Sciences segment offers a range of instruments, consumables, services and software that are primarily used by customers to study genomics and the basic building blocks of life, including deoxyribonucleic acid (DNA)and ribonucleic acid (RNA), nucleic acid, proteins, metabolites and cells. The Diagnostics segment offers clinical instruments, consumables, software and services that hospitals, physicians’ offices, reference laboratories and other critical care settings use to diagnose disease and make treatment decisions."
"NextEra Energy, Inc.",NEE,Utilities,Utilities,0.30,2328915,US65339F1012,19.48,8.0,16.86,19.85,21.0,2.87,2.95,"147,539",0.03,10/23/2024,0.98,0.98,1.03,2.62,2328915,NEE.N,Nextera Energy Inc,Utilities,Utilities,Electric Utilities,148287331379.40,71.76,-0.49,-0.84,-1.01,-8.78,-14.53,2.68,21.62,21.62,3114108.50,12.97,21.24,19.48,24.90,2.64,0.01,0.00,0.37,22.08,2.87,1.72,19.43,3.68,"NextEra Energy, Inc. is an electric power and energy infrastructure company. It operates through its wholly owned subsidiaries, NextEra Energy Resources, LLC and NextEra Energy Transmission, LLC (collectively, NEER) and Florida Power & Light Company (FPL). Its segments include NEER and FPL. FPL segment is a rate-regulated electric utility engaged in the generation, transmission, distribution and sale of electric energy in Florida. FPL has approximately 33,276 megawatts (MW) of net generating capacity, approximately 90,000 circuit miles of transmission and distribution lines and 883 substations. The NEER segment owns, develops, constructs, manages and operates electric generation facilities in wholesale energy markets in the United States and Canada and also includes assets and investments in other businesses with a clean energy focus, such as battery storage and renewable fuels. It also owns, develops, constructs and operates rate-regulated transmission facilities in North America."
Honeywell International Inc.,HON,Industrials,Capital Goods,0.29,2020459,US4385161066,20.53,8.7,34.76,21.48,22.9,1.93,8.47,"147,346",0.04,10/24/2024,2.51,2.51,2.58,2.62,2020459,HON.OQ,Honeywell International Inc,Industrials,Capital Goods,Industrial Conglomerates,149238276183.80,226.60,-1.27,-2.27,-0.24,-2.72,10.16,7.22,10.35,10.35,1508771.83,38.39,26.17,20.53,25.89,7.90,0.00,0.00,0.08,19.94,1.99,1.35,20.53,11.04,"Honeywell International Inc. is an integrated operating company. Its Aerospace Technologies segment supplies products, software, and services for aircraft that it sells to original equipment manufacturers and other customers in a variety of end markets, including air transport, regional, business and general aviation aircraft, airlines, aircraft operators, and others. Its Industrial Automation segment provides industrial automation solutions that deliver intelligent, sustainable, and secure operations for customers in oil and gas, petrochemicals, life sciences, metals and mining, and other segments. The Energy and Sustainability Solutions segment consists of UOP, advanced materials business units and LNG process technology and equipment business. The Building Automation segment offers products, software, security access solutions, and technologies that enable building owners and occupants to ensure their facilities are safe, energy efficient, sustainable, and productive."
Comcast Corporation Class A,CMCSA,Communication Services,Media & Entertainment,0.29,2044545,US20030N1019,8.49,5.1,18.81,19.18,8.8,3.26,1.67,"143,368",0.03,10/31/2024,1.06,1.06,1.12,1.72,2044545,CMCSA.OQ,Comcast Corp,Communication Services,Media & Entertainment,Cable & Satellite,145140662313.79,37.39,-1.42,-2.25,-1.55,-13.43,-9.81,-3.02,-12.17,-12.17,6987231.07,19.11,10.08,8.59,10.40,1.52,-0.01,0.00,0.16,26.76,3.32,1.31,8.52,4.35,"Comcast Corporation is a global media and technology company. It delivers broadband, wireless, and video through Xfinity, Comcast Business, and Sky; produce, distribute, and stream entertainment, sports, and news through brands, including NBC, Telemundo, Universal, Peacock, and Sky; and brings theme parks and attractions to life through Universal Destinations and Experiences. It operates through two primary businesses: Connectivity & Platforms and Content & Experiences. The Connectivity & Platforms segment contains its broadband, wireless, video and wireline voice businesses in the United States, United Kingdom and Italy. It also includes the operations of its Sky-branded entertainment television networks in the United Kingdom, and Italy. The Content & Experiences segment contains media and entertainment businesses that produce and distribute entertainment, sports, news and other content for audiences and that own and operate theme parks and attractions in the United States and Asia."
Progressive Corporation,PGR,Financials,Insurance,0.28,2705024,US7433151039,16.74,40.4,21.97,8.33,17.8,0.48,5.17,"140,358",0.19,10/15/2024,3.69,3.69,4.46,0.44,2705024,PGR.N,Progressive Corp,Financials,Insurance,Property & Casualty Insurance,141192288453.06,239.60,-0.59,-1.48,-0.59,-10.89,-5.54,15.45,51.38,51.38,884805.20,33.20,17.41,17.09,59.51,4.17,0.07,0.00,-0.23,21.43,0.17,0.85,17.18,14.02,"The Progressive Corporation is an insurance holding company, which has insurance and non-insurance subsidiaries and affiliates. The Company’s segments include Personal Lines, Commercial Lines, Property and Other indemnity. The Personal Lines segment writes insurance for personal autos and recreational vehicles. The segment consists of personal auto and special lines products. Commercial Lines segment writes auto-related liability and physical damage insurance, business-related general liability and property insurance predominately for small businesses, and workers’ compensation insurance primarily for the transportation industry. Property segment writes residential property and renters’ insurance in virtually all states, primarily in the independent agency channel and through select agents under its Platinum program. The regulated programs include several mandatory state pools, such as the Michigan Catastrophic Claims Association, Florida Hurricane Catastrophe Fund and others."
"Lowe's Companies, Inc.",LOW,Consumer Discretionary,Consumer Discretionary Distribution & Retail,0.28,2536763,US5486611073,19.84,3.0,--,13.35,20.7,1.82,--,"139,402",0.04,11/19/2024,2.82,2.82,2.89,6.90,2536763,LOW.N,Lowe's Companies Inc,Consumer Discretionary,Consumer Discretionary Distribution & Retail,Home Improvement Retail,140225182241.70,246.73,-0.65,-1.08,-0.26,-9.43,-8.52,12.95,12.99,12.99,745463.50,-53.37,20.58,19.80,20.63,-12.91,0.00,0.00,1.35,20.87,1.86,1.21,19.90,12.46,"Lowe's Companies, Inc. is a home improvement company. The Company offers a complete line of products for construction, maintenance, repair, remodeling, and decorating. It offers home improvement products in various categories, including appliances, seasonal and outdoor living, lumber, lawn and garden, kitchens and bath, hardware, building materials, millwork, paint, rough plumbing, tools, electrical, flooring, and decor. It is focused on offering a wide selection of national brand-name merchandise complemented by its selection of private brands. Its services include installed sales and Lowe's Protection Plans and Repair Services. The Company offers installation services through independent contractors in many of its product categories. It offers extended protection plans for certain products within the appliances, kitchens and bath, decor, millwork, rough plumbing, electrical, seasonal and outdoor living, tools, and hardware categories. It operates over 1,700 home improvement stores."
Amgen Inc.,AMGN,Health Care,Pharmaceuticals Biotechnology & Life Sciences,0.28,2023607,US0311621009,12.50,4.3,--,30.24,13.2,3.47,18.52,"139,374",0.28,10/31/2024,5.27,5.27,5.58,3.06,2023607,AMGN.OQ,Amgen Inc,Health Care,"Pharmaceuticals, Biotechnology & Life Sciences",Biotechnology,141182969695.95,259.30,-1.28,-1.47,-1.78,-8.33,-18.87,-15.76,-7.24,-7.24,1525832.97,132.61,33.18,12.55,14.67,13.34,0.01,0.00,0.21,24.56,3.67,2.15,12.63,20.66,"Amgen Inc. is a biotechnology company. The Company discovers, develops, manufactures and delivers various human therapeutics. It focuses on areas of high unmet medical need and leverages its expertise to strive for solutions that improve health outcomes and improve people's lives. It operates in human therapeutics segment. The Company’s marketed products portfolio includes Aranesp, ENBREL, Prolia (denosumab), Neulasta (pegfilgrastim), Otezla, XGEVA, Aranesp (darbepoetin alfa), KYPROLIS, Repatha (evolocumab), Nplate (romiplostim), Vectibix (panitumumab), MVASI (bevacizumab-awwb), Parsabiv (etelcalcetide), EPOGEN (epoetin alfa), KANJINTI (trastuzumab-anns), BLINCYTO (blinatumomab), Aimovig (erenumab-aooe), EVENITY (romosozumab-aqqg), AMGEVITATM (adalimumab), Sensipar/Mimpara (cinacalcet), NEUPOGEN (filgrastim), IMLYGIC (talimogene laherparepvec), Corlanor (ivabradine), KYPROLIS (carfilzomib), Maridebart cafraglutide, (infliximab-axxq), Evenity, LumaKras, Nplate and XGeva, others."
Union Pacific Corporation,UNP,Industrials,Transportation,0.28,2914734,US9078181081,18.72,9.5,47.34,37.50,20.7,2.30,8.34,"138,248",0.06,10/24/2024,2.78,2.78,2.75,2.18,2914734,UNP.N,Union Pacific Corp,Industrials,Transportation,Rail Transportation,139396586246.11,227.79,-0.93,-1.06,0.29,-6.36,-7.05,1.78,-5.23,-5.23,776364.47,41.67,20.93,18.82,19.90,7.69,-0.01,0.00,0.35,20.59,2.35,0.94,18.95,12.10,"Union Pacific Corporation is a railroad operating company in the United States. The Company operates through its principal operating company, Union Pacific Railroad Company (UPRR). It connects over 23 states in the western two-thirds of the country and maintains coordinated schedules with other rail carriers to move freight to and from the Atlantic Coast, the Pacific Coast, the Southeast, the Southwest, Canada, and Mexico. Its Railroad's diversified business mix includes Bulk, Industrial, and Premium. Its Bulk shipments consist of grain and grain products, fertilizer, food and refrigerated, and coal and renewables. Its Industrial shipments consist of several categories, including construction, industrial chemicals, plastics, forest products, specialized products, metals and ores, petroleum, liquid petroleum gases (LPG), soda ash, and sand. Its Premium shipments include finished automobiles, automotive parts, and merchandise in intermodal containers, both domestic and international."
TJX Companies Inc,TJX,Consumer Discretionary,Consumer Discretionary Distribution & Retail,0.27,2989301,US8725401090,26.59,9.2,65.48,10.69,28.9,1.20,16.66,"136,148",0.02,11/20/2024,1.09,1.09,1.14,3.15,2989301,TJX.N,TJX Companies Inc,Consumer Discretionary,Consumer Discretionary Distribution & Retail,Apparel Retail,139328146114.26,121.09,-2.30,-3.14,-0.56,-3.66,3.34,10.70,30.86,30.86,1841317.43,59.90,28.51,26.57,40.65,14.50,0.01,0.00,0.22,17.64,1.24,1.18,26.57,4.56,"The TJX Companies, Inc. is an off-price apparel and home fashions retailer in the United States and worldwide. The Company’s segments include Marmaxx and HomeGoods, TJX Canada and TJX International. The TJ Maxx and Marshalls chains in the United States sell family apparel, including footwear and accessories, home fashions, including home basics, decorative accessories, and giftware and other merchandise. The HomeGoods segment operates HomeGoods and Homesense chains. HomeGoods offers an eclectic assortment of home fashions, including furniture, rugs, lighting, soft home, decorative accessories, tabletop, and cookware, as well as expanded pet and gourmet food departments. The TJX Canada segment operates the Winners, HomeSense and Marshalls chains in Canada. TJX Canada segment chain offers a range of home decor, furniture, and seasonal home merchandise. The TJX International segment operates the TK Maxx and Homesense chains in Europe and the TK Maxx chain in Australia."
"Applied Materials, Inc.",AMAT,Information Technology,Semiconductors & Semiconductor Equipment,0.27,2046552,US0382221051,17.10,10.9,40.61,28.95,17.4,0.93,7.04,"133,858",0.04,11/15/2024,2.19,2.19,2.32,1.60,2046552,AMAT.OQ,Applied Materials Inc,Information Technology,Semiconductors & Semiconductor Equipment,Semiconductor Materials & Equipment,135747008157.54,163.64,-1.91,-2.33,-2.28,-6.34,-18.83,-30.36,1.76,1.76,2712884.70,37.32,19.02,17.00,22.02,6.22,-0.01,0.00,1.47,43.19,0.98,2.17,17.02,9.62,"Applied Materials, Inc. is a materials engineering solutions provider. The Company provides manufacturing equipment, services and software to the semiconductor, display and related industries. Its segments include Semiconductor Systems, Applied Global Services (AGS), and Display and Adjacent Markets. Semiconductor Systems segment develops, manufactures and sells a range of manufacturing equipment used to fabricate semiconductor chips, also referred to as integrated circuits (ICs). AGS segment provides integrated solutions to optimize equipment and fab performance and productivity, including spares, upgrades, services, remanufactured earlier generation equipment and factory automation software for semiconductor, display and other products. Display and Adjacent Markets segment is comprised of products for manufacturing liquid crystal displays (LCDs), organic light-emitting diodes (OLEDs), and other display technologies for monitors, smart phones, and other consumer-oriented devices."
Citigroup Inc.,C,Financials,Banks,0.27,2297907,US1729674242,9.68,25.8,4.24,8.92,12.1,3.10,0.69,"133,126",0.07,10/15/2024,1.31,1.31,1.51,0.47,2297907,C.N,Citigroup Inc,Financials,Banks,Diversified Banks,134279801013.00,70.39,-0.86,-1.35,0.89,-0.68,13.45,13.03,40.77,40.77,3622317.73,6.04,20.37,9.71,10.05,0.64,0.06,0.00,-0.09,27.84,3.18,1.91,9.67,7.25,"Citigroup Inc. is a diversified financial services holding company. Its segments include Services, Markets, Banking, U.S. Personal Banking (USPB) and Wealth. Services segment includes treasury and trade solutions (TTS) and securities services. TTS provides an integrated suite of tailored cash management, trade and working capital solutions to multinational corporations, financial institutions and public sector organizations. Markets segment provides corporate, institutional and public sector clients around the world with a full range of sales and trading services across equities, foreign exchange, rates, spread products and commodities. Banking segment includes investment banking, which supports client capital-raising needs to help strengthen and grow their businesses. USPB segment includes branded cards and retail services, which have proprietary card portfolios and co-branded card portfolios. Wealth includes private bank, wealth at work and Citigold and provides financial services."
Boston Scientific Corporation,BSX,Health Care,Health Care Equipment & Services,0.26,2113434,US1011371077,32.02,12.7,8.52,15.32,36.4,--,6.38,"132,138",0.01,10/23/2024,0.59,0.59,0.63,2.87,2113434,BSX.N,Boston Scientific Corp,Health Care,Health Care Equipment & Services,Health Care Equipment,133617199790.10,89.68,-1.08,-1.94,-0.20,-1.08,7.02,16.45,55.13,55.13,1891126.07,16.75,74.14,32.01,51.73,5.44,0.05,0.00,0.11,15.27,NULL,0.84,31.95,2.80,"Boston Scientific Corporation is a global developer, manufacturer and marketer of medical devices that are used in a range of interventional medical specialties. Its MedSurg segment includes Endoscopy, Urology and Neuromodulation. Its Endoscopy business develops and manufactures devices to diagnose and treat a broad range of gastrointestinal (GI) and pulmonary conditions with less invasive technologies. Its Urology business develops and manufactures devices to treat various urological conditions for both male and female anatomies. Its Neuromodulation business develops and manufactures devices to treat various neurological movement disorders and manage chronic pain. Its Cardiovascular segment includes Cardiology and Peripheral Interventions. Its Interventional Cardiology Therapies business develops and manufactures technologies for diagnosing and treating coronary artery disease and aortic valve conditions. It also owns the transcarotid artery revascularization (TCAR) platform."
Boeing Company,BA,Industrials,Capital Goods,0.26,2108601,US0970231058,152.03,6.0,--,-1.05,-11.0,--,--,"109,072",0.26,10/23/2024,-10.35,-10.35,-10.44,--,2108601,BA.N,Boeing Co,Industrials,Capital Goods,Aerospace & Defense,135210364009.20,176.55,-2.31,-2.12,-0.64,13.58,16.12,-3.00,-32.27,-32.27,2067958.77,95.96,NULL,1212.15,-19.90,-73.93,-0.93,0.00,-16.56,32.98,NULL,3.06,2879.52,0.15,"The Boeing Company is an aerospace company. The Company operates in three segments: Commercial Airplanes (BCA), Defense, Space & Security (BDS), Global Services (BGS). Its BCA segment develops, produces and markets commercial jet aircraft to the commercial airline industry worldwide. Its family of commercial jet aircraft in production includes the 737 narrow-body model and the 767, 777 and 787 wide-body models. Its BDS segment is engaged in the research, development, production and modification of manned and unmanned military aircraft and weapons systems strike, surveillance and mobility. Its BGS segment provides services to its commercial and defense customers worldwide. It sustains aerospace platforms and systems with a range of products and services, including supply chain and logistics management, engineering, maintenance and modifications, upgrades and conversions, spare parts, pilot and maintenance training systems and services, technical and maintenance documents, and others."
Eaton Corp. Plc,ETN,Industrials,Capital Goods,0.26,B8KQN82,IE00B8KQN827,27.54,13.6,17.84,17.22,30.8,1.13,6.87,"131,357",0.03,10/31/2024,2.80,2.80,2.84,2.27,B8KQN82,ETN.N,Eaton Corporation PLC,Industrials,Capital Goods,Electrical Components & Equipment,132245776000.00,332.38,-0.67,-2.29,-1.58,-11.46,0.57,6.67,39.74,39.74,513749.40,21.13,35.36,27.68,44.00,6.13,0.02,0.00,0.32,25.55,1.13,1.23,27.55,12.01,"Eaton Corporation plc is an intelligent power management company. Its Electrical Americas segment consists of electrical components, industrial components, power distribution and assemblies, residential products, single phase power quality and connectivity, wiring devices and others. The Electrical Global segment consists of electrical components, industrial components, power distribution and assemblies, single phase and three phase power quality, and services. The Aerospace segment is a global supplier of aerospace fuel, hydraulics, and pneumatic systems for commercial and military use and filtration systems for industrial applications. The Vehicle segment designs, manufactures, markets, and supplies of drivetrain, powertrain systems and critical components. The eMobility segment designs, manufactures, markets, and supplies mechanical, electrical, and electronic components and systems. The Company is also engaged in providing thermal monitoring for critical electrical equipment."
"Uber Technologies, Inc.",UBER,Industrials,Transportation,0.26,BK6N347,US90353T1007,25.56,28.9,20.30,3.23,33.6,--,8.65,"127,871",0.04,10/31/2024,0.37,0.37,1.20,1.16,BK6N347,UBER.N,Uber Technologies Inc,Industrials,Transportation,Passenger Ground Transportation,128722011037.25,60.77,-0.59,-1.28,-1.78,-15.55,-19.15,-16.39,-1.30,-1.30,4781535.93,32.83,29.76,25.87,-12.00,5.97,0.14,0.00,-0.25,39.72,NULL,2.95,24.76,2.35,"Uber Technologies, Inc. is a technology company, which develops and operates proprietary technology applications supporting a variety of offerings on its platform (Platform(s)). The Company connects consumers (Rider(s)) with independent providers of ride services (Mobility Driver(s)) for ride sharing services and connects Riders and other consumers (Eater(s)) with restaurants, grocers and other stores with delivery service providers (Couriers) for meal preparation, grocery and other delivery services. The Company also connects consumers with public transportation networks. It also connects shippers with carriers in the freight industry. It is also developing technologies designed to provide new solutions to solve everyday problems. Its technology is available in approximately 70 countries around the world, principally in the United States and Canada, Latin America, Europe (excluding Russia), the Middle East, Africa, and Asia (excluding China and Southeast Asia)."
ConocoPhillips,COP,Energy,Energy,0.25,2685717,US20825C1045,12.44,4.5,22.45,26.81,12.6,3.21,2.24,"111,742",0.11,10/31/2024,1.67,1.67,1.78,2.80,2685717,COP.N,ConocoPhillips,Energy,Energy,Oil & Gas Exploration & Production,125372039604.28,97.09,0.18,0.21,0.74,-10.38,-7.13,-13.92,-14.03,-14.03,2788177.67,17.95,11.53,12.11,6.93,2.08,-0.06,0.00,2.85,25.71,3.21,1.01,12.28,8.02,"ConocoPhillips is an exploration and production company. The Company operates through six segments. The Alaska segment primarily explores for, produces, transports and markets crude oil, natural gas, and natural gas liquids (NGLs). The Lower 48 segment consists of operations located in the 48 contiguous United States and the Gulf of Mexico. Its Canada segments consist of the Surmont oil sands developments in Alberta and British Columbia. The Europe, Middle East and North Africa segment consists of operations principally located in the Norwegian sector of the North Sea, the Norwegian Sea, Qatar, Libya, and commercial and terminal operations in the United Kingdom. The Asia Pacific segment has exploration and production operations in China, Malaysia, Australia and commercial operations in China, Singapore, and Japan. The Other International segment includes interests in Colombia as well as contingencies associated with prior operations in other countries."
Stryker Corporation,SYK,Health Care,Health Care Equipment & Services,0.25,2853688,US8636671013,26.82,7.0,17.98,20.88,30.0,0.88,6.85,"138,094",0.04,10/30/2024,2.77,2.77,2.87,4.28,2853688,SYK.N,Stryker Corp,Health Care,Health Care Equipment & Services,Health Care Equipment,139948122426.03,362.26,-1.32,-1.94,-1.15,-7.62,0.28,6.70,21.80,21.80,417131.30,21.76,38.83,26.81,39.48,5.67,0.02,0.00,0.11,17.03,0.93,1.12,26.80,13.51,"Stryker Corporation (Stryker) is a medical technology company. It offers products and services in Medical and Surgical, Neurotechnology, Orthopedics and Spine that help improve patient and healthcare outcomes. It operates through two segments: MedSurg and Neurotechnology, and Orthopedics and Spine. Its products include surgical equipment and surgical navigation systems; endoscopic and communications systems; patient handling, emergency medical equipment and intensive care disposable products; clinical communication and workflow solutions; neurosurgical and neurovascular devices; implants used in joint replacement and trauma surgeries; Mako Robotic-Arm Assisted technology; spinal devices; as well as other products. It also develops neurointerventional devices for the treatment of intracranial aneurysms. It offers Fortress, a modular wall system for hospitals and ambulatory surgery centers. It specializes in soft tissue fixation products and delivering AI-assisted virtual care workflows."
Blackstone Inc.,BX,Financials,Financial Services,0.25,BKF2SL7,US09260D1072,29.64,21.9,19.22,32.61,39.3,2.01,29.99,"210,173",0.04,10/17/2024,0.91,0.91,1.01,1.80,BKF2SL7,BX.N,Blackstone Inc,Financials,Financial Services,Asset Management & Custody Banks,211053888460.76,172.05,-1.13,-2.50,-0.08,-9.96,12.92,40.49,34.76,34.76,969960.60,42.42,59.15,29.44,33.96,13.49,0.03,0.00,1.25,28.37,2.01,1.28,29.55,5.84,"Blackstone Inc. is an alternative asset manager. The Company’s asset management business includes global investment strategies focused on real estate, private equity, infrastructure, life sciences, growth equity, credit, real assets, secondaries and hedge funds. It operates through four segments: Real Estate, Private Equity, Credit & Insurance and Multi-Asset Investing. Its Real Estate segment primarily comprises its management of opportunistic real estate funds, Core+ real estate funds, and real estate debt strategies. Its Credit & Insurance segment consists principally of Blackstone Credit & Insurance, which is organized into three overarching strategies: private corporate credit, liquid corporate credit and infrastructure and asset-based credit. Multi-Asset Investing is organized into two primary platforms: Absolute Return and Multi-Strategy. In addition, the segment also includes a publicly traded energy infrastructure, renewables and master limited partnership investment platform."
"Palo Alto Networks, Inc.",PANW,Information Technology,Software & Services,0.24,B87ZMX0,US6974351057,55.58,20.6,74.52,10.82,58.9,--,20.42,"120,725",0.01,11/21/2024,0.74,0.74,0.78,2.86,B87ZMX0,PANW.OQ,Palo Alto Networks Inc,Information Technology,Software & Services,Systems Software,122171316000.00,184.20,-1.06,-2.28,-2.14,-5.01,7.78,8.67,24.93,24.93,1884366.00,32.59,48.02,54.75,148.24,14.99,0.04,0.00,0.38,32.84,NULL,3.47,54.61,3.36,"Palo Alto Networks, Inc. is a global cybersecurity provider. Its cybersecurity platforms and services help secure enterprise users, networks, clouds and endpoints by delivering cybersecurity backed by artificial intelligence and automation. It focuses on delivering value in four areas: Network Security, Cloud Security, Security Operations and Threat Intelligence and Security Consulting. Its network security platform delivers complete zero trust solutions to its customers. It enables cloud-native security through its Prisma Cloud platform. Its Cloud Native Application Protection Platform (CNAPP), Prisma Cloud, secures multi-and hybrid-cloud environments for applications, data, generative AI (GenAI) ecosystem, and the entire cloud native technology stack across the full development lifecycle, from code to cloud. It delivers security operations capabilities that combine security analytics, endpoint security, automation and attack surface management solutions through its Cortex portfolio."
"Automatic Data Processing, Inc.",ADP,Industrials,Commercial & Professional Services,0.24,2065308,US0530151036,28.10,9.0,93.14,25.74,29.4,1.91,22.33,"119,444",0.03,10/30/2024,2.21,2.21,2.33,3.28,2065308,ADP.OQ,Automatic Data Processing Inc,Industrials,Commercial  & Professional Services,Human Resource & Employment Services,120680584938.18,292.97,-1.08,-1.43,-0.40,-4.05,6.42,24.00,28.51,28.51,738143.97,67.73,31.30,28.13,42.00,17.37,0.01,0.00,0.28,15.26,2.10,1.49,28.20,10.41,"Automatic Data Processing, Inc. (ADP) is a global technology company engaged in providing cloud-based human capital management (HCM) solutions that unite HR, payroll, talent, time, tax and benefits administration. Its segments include Employer Services and Professional Employer Organization (PEO). Its Employer Services segment serves clients ranging from single-employee small businesses to large enterprises with tens of thousands of employees around the world, offering a range of technology-based HCM solutions, including its cloud-based platforms, and human resource outsourcing (HRO) solutions (other than PEO) solutions. Its offerings include Payroll Services, Benefits Administration, Talent Management, HR Management, Workforce Management, Compliance Services, Insurance Services and Retirement Services. Its PEO business, called ADP TotalSource, provides clients with employment administration outsourcing solutions. ADP serves over 1.1 million clients in 140 countries and territories."
"Fiserv, Inc.",FI,Financials,Financial Services,0.23,2342034,US3377381088,20.22,12.2,10.11,25.41,23.5,--,4.24,"117,574",0.03,10/22/2024,2.26,2.26,2.30,1.93,2342034,FI.N,Fiserv Inc,Financials,Financial Services,Transaction & Payment Processing Services,118306650943.25,206.27,-0.81,-1.91,-0.21,-6.65,14.82,38.40,55.28,55.28,950766.23,15.89,39.79,20.21,31.75,3.98,0.03,0.00,0.62,18.45,NULL,1.41,20.22,10.20,"Fiserv, Inc. is a global provider of payments and financial services technology solutions. The Company's segments include Merchant Solutions (Merchant) segment and the Financial Solutions (Financial) segment. The Merchant segment's businesses consist of small business, enterprise and processing. It provides products and services to small businesses and independent software vendors, including Clover, the Company's point-of-sale integrated commerce operating system for small business clients. It provides products and services to large businesses, including Carat, the Company's integrated commerce operating system for enterprise clients. The Financial segment's businesses consist of digital payments, issuing and banking. In digital payments business, the Company provides debit card processing services, debit network services and others. In issuing business, it provides credit card processing services, prepaid card processing services, card production services, print services and others."
"Arista Networks, Inc.",ANET,Information Technology,Technology Hardware & Equipment,0.23,BL9XPM3,US0404132054,45.51,18.1,34.49,38.52,50.9,--,15.18,"140,359",0.02,11/08/2024,0.52,0.52,0.60,2.82,BL9XPM3,ANET.N,Arista Networks Inc,Information Technology,Technology Hardware & Equipment,Communications Equipment,142390619901.96,111.45,-1.40,-2.97,-1.45,9.85,16.15,27.20,89.29,89.29,1951181.73,31.62,53.50,45.35,101.69,11.17,0.06,0.00,0.84,37.00,NULL,1.08,44.67,2.46,"Arista Networks, Inc. (Arista’s) is a provider of data-driven, client to cloud networking for large data center, campus and routing environments. The Company’s platforms deliver availability, agility, automation, analytics and security through an advanced network operating stack. Its portfolio of offerings includes three product categories: Core, Cognitive Adjacencies and Network Software and Services. Its Core product categories consist of high-speed Data Center and Cloud Networking systems, including newer artificial intelligence Ethernet switching platforms. Its Cognitive Adjacencies consists of campus wired and wireless products and advanced routing systems addressing Core Routing, Edge Routing, Multi-cloud and Wide Area Networking use cases. Its Network Software and Services consist of a suite of value-add software solutions that leverage Arista’s Extensible Operating System (EOS) to provide advanced end-to-end orchestration, automation, analytics, network monitoring and security."
"Gilead Sciences, Inc.",GILD,Health Care,Pharmaceuticals Biotechnology & Life Sciences,0.23,2369174,US3755581036,12.17,8.6,25.70,36.01,21.0,3.33,6.21,"114,644",0.17,11/07/2024,1.53,1.53,2.02,2.43,2369174,GILD.OQ,Gilead Sciences Inc,Health Care,"Pharmaceuticals, Biotechnology & Life Sciences",Biotechnology,117286079802.27,92.01,-2.23,-2.54,-1.49,-0.62,9.74,35.35,17.19,17.19,2789981.87,25.62,1095.49,12.20,12.94,5.20,0.14,0.00,0.01,21.20,3.35,1.76,12.05,7.54,"Gilead Sciences, Inc. is a biopharmaceutical company. It is engaged in advancing medicines to prevent and treat life-threatening diseases, including human immunodeficiency virus (HIV), viral hepatitis, coronavirus disease 2019 (COVID-19) and cancer. It is focused on the discovery, development and commercialization of medicines in areas of unmet medical need. Its portfolio of marketed products includes AmBisome, Atripla, Biktarvy, Cayston, Complera, Descovy, Descovy for PrEP, Emtriva, Epclusa, Eviplera, Genvoya, Harvoni, Hepcludex, Hepsera, Jyseleca, Letairis, Odefsey, Sovaldi, Stribild, Sunlenca, Tecartus, Trodelvy, Truvada, Truvada for PrEP, Tybost, Veklury, Vemlidy, Viread, Vosevi, Yescarta and Zydelig. Its product candidates include Bulevirtide, Lenacapavir, Axicabtagene ciloleucel, and Domvanalimab and zimberelimab, and seladelpar. Seladelpar shall be used for the treatment of primary biliary cholangitis (PBC), including pruritus. The Company operates in more than 35 countries."
Bristol-Myers Squibb Company,BMY,Health Care,Pharmaceuticals Biotechnology & Life Sciences,0.23,2126335,US1101221083,7.93,-3.1,26.53,18.82,61.9,4.28,6.63,"113,690",0.06,10/31/2024,1.49,1.49,1.80,--,2126335,BMY.N,Bristol-Myers Squibb Co,Health Care,"Pharmaceuticals, Biotechnology & Life Sciences",Pharmaceuticals,116985230556.32,56.06,-2.81,-3.34,-2.64,-5.34,9.55,38.55,14.76,14.76,3399973.43,5.65,NULL,7.93,7.37,4.11,0.19,0.00,0.75,28.07,4.42,1.36,7.88,7.07,"Bristol-Myers Squibb Company is a biopharmaceutical company engaged in the discovery, development and delivering advanced medicines that help patients prevail over serious diseases. It offers products for various therapeutic classes, which includes oncology, hematology, immunology, cardiovascular and neuroscience. Its pharmaceutical products include chemically synthesized or small molecule drugs, products produced from biological processes, called biologics and chimeric antigen receptor (CAR-T) cell therapies. Small molecule drugs are typically administered orally in the form of a tablet or capsule, although other drug delivery mechanisms are used as well. Biologics are administered to patients through injections or by intravenous infusion. Its in-line products include Eliquis, Opdivo, Orencia, Pomalyst/Imnovid, Yervoy, Sprycel, Reblozyl, Opdualag, Abecma, Zeposia, and others. The Company's product pipeline includes Krazati, MRTX1719, RYZ101, KarXT, ORM-6151, and Repotrectinib."
Charles Schwab Corp,SCHW,Financials,Financial Services,0.22,2779397,US8085131055,18.96,14.3,15.85,36.35,23.6,1.35,3.56,"131,496",0.01,10/15/2024,0.75,0.75,0.77,1.64,2779397,SCHW.N,Charles Schwab Corp,Financials,Financial Services,Investment Banking & Brokerage,136815739221.42,73.93,-1.08,-1.49,-1.04,-10.67,14.46,1.07,9.05,9.05,2178359.97,16.34,28.09,19.00,18.78,2.75,0.03,0.00,0.47,24.68,1.35,0.84,18.67,3.89,"The Charles Schwab Corporation is a savings and loan holding company. The Company, through its subsidiaries, engages in wealth management, securities brokerage, banking, asset management, custody, and financial advisory services. The Company provides financial services to individuals and institutional clients through two segments: Investor Services and Advisor Services. The Investor Services segment provides retail brokerage, investment advisory, and banking and trust services to individual investors, and retirement plan services, as well as other corporate brokerage services, to businesses and their employees. The Advisor Services segment provides custodial, trading, banking and trust, and support services, and retirement business services, to independent registered investment advisors, independent retirement advisors, and recordkeepers. Its products and services include brokerage, mutual funds, exchange-traded funds, advice solutions, alternative investments, banking and trust."
Deere & Company,DE,Industrials,Capital Goods,0.22,2261203,US2441991054,21.19,1.1,31.82,24.33,21.7,1.38,5.05,"115,397",0.31,11/21/2024,3.87,3.87,4.55,19.17,2261203,DE.N,Deere & Co,Industrials,Capital Goods,Agricultural & Farm Machinery,116793665776.92,424.64,-1.26,-2.12,-1.79,-8.86,1.75,14.05,7.37,7.37,407797.90,29.01,16.59,21.17,18.50,5.30,-0.12,0.00,1.31,25.10,1.53,1.82,21.50,20.06,"Deere & Company is engaged in the delivery of agricultural, construction and forestry equipment. The Company defines, develops and delivers global equipment and technology solutions. Its segments include production and precision agriculture (PPA), small agriculture and turf (SAT), construction and forestry (CF), and financial services (FS). PPA segment provides solutions for production-scale growers of large grains, small grains, cotton and sugarcane. SAT segment provides solutions for dairy and livestock producers, high-value crop producers, and turf and utility customers. CF segment provides a range of machines and technology solutions organized along the earthmoving, forestry and roadbuilding production systems. FS segment finances sales and leases by John Deere dealers of new and used production and precision agriculture equipment, SAT equipment, and construction and forestry equipment. Its technology-enabled products include John Deere Autonomous 8R Tractor and E-Power Backhoe."
"T-Mobile US, Inc.",TMUS,Communication Services,Telecommunication Services,0.22,B94Q9V0,US8725901040,20.71,13.6,12.38,19.23,23.6,1.28,4.00,"256,984",0.10,10/24/2024,2.43,2.43,2.61,1.74,B94Q9V0,TMUS.OQ,T-Mobile US Inc,Communication Services,Telecommunication Services,Wireless Telecommunication Services,258811732236.96,220.66,-1.06,-1.35,-0.45,-10.64,7.31,26.11,39.64,39.64,1591507.00,17.31,25.15,20.71,111.87,4.18,0.00,0.00,-0.50,21.95,1.60,1.25,20.54,10.65,"T-Mobile US, Inc. is a provider of mobile communications services, including voice, messaging and data, under its flagship brands, T-Mobile and Metro by T-Mobile in the United States, Puerto Rico and the United States Virgin Islands. The Company provides mobile communications services primarily using its 4G Long Term Evolution (LTE) network and its 5G technology network. It also offers a selection of wireless devices, including handsets, tablets and other mobile communication devices, and accessories for sale, as well as financing through equipment installment plans (EIP). The Company’s primary service plan offering is Go5G Plus, which includes unlimited talk, text and data on its network, 5G access at no extra cost, scam protection features and more. In addition to its mobile wireless communications services, the Company also offers high speed Internet, which includes a fixed wireless product that utilizes the excess capacity of its nationwide 5G network."
"Analog Devices, Inc.",ADI,Information Technology,Semiconductors & Semiconductor Equipment,0.21,2032067,US0326541051,28.76,14.0,4.62,21.91,29.9,1.70,3.00,"105,493",0.02,11/26/2024,1.64,1.64,1.67,2.14,2032067,ADI.OQ,Analog Devices Inc,Information Technology,Semiconductors & Semiconductor Equipment,Semiconductors,107691454349.46,212.56,-2.04,-2.52,-1.08,-2.11,-7.26,-6.09,8.90,8.90,1350172.70,8.85,64.98,28.70,22.47,3.02,-0.02,0.00,0.83,31.73,1.73,1.51,28.54,7.41,"Analog Devices, Inc. is a global semiconductor company. The Company combines analog, digital and software technologies into solutions that help drive advancements in digitized factories, mobility and digital healthcare, combat climate change, and connect humans and the world. It designs, manufactures, tests and markets a broad portfolio of solutions, including integrated circuits (ICs), software and subsystems that leverage high-performance analog, mixed-signal and digital signal processing technologies. The Company's comprehensive product portfolio, domain specialization and manufacturing capabilities extend across high-performance precision and high-speed mixed-signal, power management and processing technologies, including data converters, amplifiers, power management, radio frequency (RF) ICs, edge processors and other sensors. The Company sell its products globally through a direct sales force, third-party distributors, independent sales representatives and via its Website."
"Marsh & McLennan Companies, Inc.",MMC,Financials,Insurance,0.21,2567741,US5717481023,22.18,8.8,33.08,26.20,24.3,1.44,7.60,"104,089",0.03,10/17/2024,1.62,1.62,1.63,2.77,2567741,MMC.N,Marsh & McLennan Companies Inc,Financials,Insurance,Insurance Brokers,104839713222.57,211.98,-0.70,-1.04,-0.09,-9.11,-4.63,1.35,13.51,13.51,647240.50,33.70,26.15,22.37,31.24,6.25,0.01,0.00,0.46,13.45,1.54,0.76,22.03,9.47,"Marsh & McLennan Companies, Inc. is a professional services firm offering services in areas of risk, strategy and people. The Company's Risk and Insurance Services segment includes risk management activities (risk advice, risk transfer and risk control and mitigation solutions) as well as insurance and reinsurance broking and services. This segment operates through Marsh and Guy Carpenter. Marsh provides data-driven risk advisory services and insurance solutions to commercial and consumer clients. Guy Carpenter develops advanced risk, reinsurance and capital strategies. Its Consulting segment includes health, wealth and career advice, solutions and products, and specialized management, strategic, economic and brand consulting services. This segment operates through Mercer and Oliver Wyman Group. Mercer delivers advice and technology-driven solutions that help organizations. Oliver Wyman Group serves as an economic brand advisor to private sector and governmental clients."
Chubb Limited,CB,Financials,Insurance,0.21,B3BQMF6,CH0044328745,11.61,2.0,16.41,18.77,12.6,1.29,1.69,"110,999",0.30,10/30/2024,4.99,4.99,5.72,6.33,B3BQMF6,CB.N,Chubb Ltd,Financials,Insurance,Property & Casualty Insurance,111932251806.96,275.41,-0.82,-1.03,0.01,-4.30,-4.19,8.67,23.49,23.49,488999.70,13.83,11.28,11.63,17.82,1.48,0.02,0.00,0.55,16.49,1.32,0.70,11.58,23.68,"Chubb Limited is a Switzerland-based holding company. The Company, through its subsidiaries, provides a range of insurance and reinsurance products and services to clients around the world. Its segments include North America Commercial property and casualty (P&C) Insurance, North America Personal P&C Insurance, North America Agricultural Insurance, Overseas General Insurance, Global Reinsurance and Life Insurance. It offers commercial insurance products and service offerings, such as risk management programs, loss control, and engineering and complex claims management. It provides specialized insurance products to areas, such as aviation and energy. It also offers personal lines insurance coverage, including homeowners, automobile, valuables, umbrella liability and recreational marine products. In addition, it supplies personal accident, supplemental health and life insurance to individuals in select countries."
Vertex Pharmaceuticals Incorporated,VRTX,Health Care,Pharmaceuticals Biotechnology & Life Sciences,0.21,2931034,US92532F1003,21.53,76.1,22.99,43.47,784.9,--,6.58,"102,928",0.29,11/05/2024,4.09,4.09,4.38,10.32,2931034,VRTX.OQ,Vertex Pharmaceuticals Inc,Health Care,"Pharmaceuticals, Biotechnology & Life Sciences",Biotechnology,105267672580.40,399.35,-2.30,-2.75,-1.46,-14.69,-14.13,-14.80,-1.85,-1.85,659011.57,34.67,NULL,21.39,27.29,4.91,0.26,0.00,2.06,31.65,NULL,1.36,21.84,18.67,"Vertex Pharmaceuticals Incorporated is a global biotechnology company. The Company is focused on investing in scientific innovation to create transformative medicines for people with serious diseases, with a focus on specialty markets. It has four approved medicines that treat the underlying cause of cystic fibrosis (CF), and one approved therapy that treats severe sickle cell disease (SCD) and transfusion dependent beta thalassemia (TDT). Its pipeline includes clinical-stage programs in CF, SCD, TDT, acute and neuropathic pain, APOL1-mediated kidney disease, type 1 diabetes, myotonic dystrophy type 1 and alpha-1 antitrypsin deficiency. Its marketed medicines are TRIKAFTA/KAFTRIO, SYMDEKO/SYMKEVI (tezacaftor/ivacaftor and ivacaftor), ORKAMBI (lumacaftor/ivacaftor) and KALYDECO (ivacaftor). It is developing non-autologous (allogeneic) fully differentiated, stem-cell derived islet cell therapies designed to replace insulin-producing islet cells that are destroyed in people with T1D."
Starbucks Corporation,SBUX,Consumer Discretionary,Consumer Services,0.21,2842255,US8552441094,27.58,8.4,--,14.20,28.9,2.56,--,"102,672",0.10,10/31/2024,0.87,0.87,0.80,3.42,2842255,SBUX.OQ,Starbucks Corp,Consumer Discretionary,Consumer Services,Restaurants,104593050000.00,90.58,-1.81,-1.39,3.59,-11.59,-6.51,17.78,-3.21,-3.21,2927754.93,-43.72,27.39,27.71,31.54,-14.14,-0.17,0.00,0.02,41.35,2.69,2.68,27.75,3.27,"Starbucks Corporations is a coffee company, which roasts, markets and retails specialty coffee in the world. The Company operates in 86 markets and has approximately 38,000 stores worldwide. It has three segments: North America, International and Channel Development. North America segment includes the United States and Canada. International segment includes China, Japan, Asia Pacific, Europe, Middle East and Africa, Latin America and Caribbean. North America and International segments include both the Company-operated and licensed stores. Channel Development segment includes roasted whole bean and ground coffees, Starbucks- and Teavana-branded single-serve products, a variety of ready-to-drink beverages, such as Frappuccino and Starbucks Doubleshot, foodservice products and other branded products sold worldwide outside the Company-operated and licensed stores. A large portion of its Channel Development business operates under a licensed model of the Global Coffee Alliance with Nestle."
Medtronic Plc,MDT,Health Care,Health Care Equipment & Services,0.20,BTN1Y11,IE00BTN1Y115,13.94,4.9,7.23,17.71,14.6,3.49,2.11,"102,104",0.01,11/19/2024,1.25,1.25,1.26,2.98,BTN1Y11,MDT.N,Medtronic PLC,Health Care,Health Care Equipment & Services,Health Care Equipment,103531745883.94,79.61,-1.40,-2.44,-1.35,-7.21,-10.81,2.82,-0.07,-0.07,1762904.33,14.07,24.29,13.94,14.06,2.02,0.01,0.00,0.10,16.25,3.52,0.88,13.95,5.71,"Medtronic Public Limited Company is an Ireland-based company, which provides healthcare technology solutions. The Company’s products category includes Advanced Surgical Technology; Cardiac Rhythm; Cardiovascular; Digestive & Gastrointestinal; Ear, Nose & Throat; General Surgery; Gynecological; Neurological; Oral & Maxillofacial; Patient Monitoring; Renal Care; Respiratory; Spinal & Orthopedic; Surgical Navigation & Imaging; Urological; Product Manuals; Product Ordering & Inquiries; and Product Performance & Advisories. Its products include Cardiac Implantable Electronic Device (CIED) Stabilization, Aortic Stent Graft Products, CareLink Personal Therapy Management Software, CareLink Pro Therapy Management Software. Its services and solutions include Ambulatory Surgery Center Resources, Care Management Services, Digital Connectivity Information Technology (IT) Support, Equipment Services and Support, Innovation Lab, Medtronic Healthcare Consulting, and Office-Based Sinus Surgery."
Lockheed Martin Corporation,LMT,Industrials,Capital Goods,0.20,2522096,US5398301094,17.30,3.2,85.96,12.33,18.1,2.61,15.84,"114,075",0.20,10/22/2024,6.50,6.50,6.84,5.63,2522096,LMT.N,Lockheed Martin Corp,Industrials,Capital Goods,Aerospace & Defense,115903137438.81,483.37,-1.15,-1.35,-0.64,-8.12,-16.79,4.72,9.45,9.45,424283.07,96.06,17.48,17.23,22.41,15.88,0.00,0.00,0.00,19.00,2.73,1.19,17.27,28.05,"Lockheed Martin Corporation is a global security and aerospace company. The Company is engaged in the research, design, development, manufacture, integration and sustainment of advanced technology systems, products and services. Its segments include Aeronautics, Missiles and Fire Control (MFC), Rotary and Mission Systems (RMS) and Space. Aeronautics segment is engaged in the research, design, development, manufacture, integration, sustainment, support and upgrade of advanced military aircraft. MFC segment provides air and missile defense systems, manned and unmanned ground vehicles, energy management solutions, and others. RMS segment designs, manufactures, services and supports various military and commercial helicopters, surface ships, sea and land-based missile defense systems, and others. Space segment is engaged in the research and design, development, engineering and production of satellites, space transportation systems, and strategic, advanced strike, and defensive systems."
KKR & Co Inc,KKR,Financials,Financial Services,0.20,BG1FRR1,US48251W1045,24.46,26.0,18.65,32.77,31.4,0.46,5.47,"131,689",0.05,10/24/2024,1.20,1.20,1.38,1.21,BG1FRR1,KKR.N,KKR & Co Inc,Financials,Financial Services,Asset Management & Custody Banks,133109984302.74,148.39,-0.98,-2.71,-0.37,-8.89,13.78,41.40,80.23,80.23,1011604.50,16.92,45.91,24.39,38.56,4.23,0.04,0.00,1.35,29.90,0.47,1.30,24.30,6.08,"KKR & Co. Inc. is an investment company, which offers alternative asset management as well as capital markets and insurance solutions. The Company's asset management business offers a range of investment management services to fund investors around the world. The Company operates through three segments: Asset Management, Strategic Holdings, and Insurance. The Asset Management business offers a range of investment management services to investment funds, vehicles, and accounts (including Global Atlantic) and provides capital markets services to portfolio companies and third parties. The Insurance business is operated by Global Atlantic, which is a United States retirement and life insurance company that provides a suite of protection, legacy and savings products and reinsurance solutions to clients across individual and institutional markets. The Strategic Holdings segment initially represents its participation in the core private equity strategy."
"Prologis, Inc.",PLD,Real Estate,Equity Real Estate Investment Trusts (REITs),0.19,B44WZD7,US74340W1036,36.41,3.5,5.75,38.65,31.8,3.57,1.88,"97,338",0.05,10/16/2024,0.66,0.66,1.08,9.00,B44WZD7,PLD.N,Prologis Inc,Real Estate,Equity Real Estate Investment Trusts (REITs),Industrial REITs,97470657000.00,105.10,-0.13,-1.67,0.92,-9.21,-16.04,-4.89,-18.58,-18.58,1506069.00,4.69,31.75,31.50,28.54,1.80,0.02,0.00,0.69,24.05,3.65,1.39,34.67,3.34,"Prologis, Inc. is a fully integrated real estate company. The Company operates through two segments: Real Estate Operations (Rental Operations and Development) and Strategic Capital. Its Real Estate Segment represents the ownership and development of operating properties. The Real Estate Segment also includes development activities that lead to rental operations, including land held for development and properties under development, and other real estate investments, including energy assets. Strategic Capital Segment represents the management of unconsolidated co-investment ventures. The Company is the general partner of Prologis, L.P. (the Operating Partnership or OP). Through the OP, it is engaged in the ownership, acquisition, development and management of logistics facilities with a focus on key markets in 20 countries on four continents. It operates, manages and measures the operating performance of its properties on an owned and managed (O&M) basis."
"Micron Technology, Inc.",MU,Information Technology,Semiconductors & Semiconductor Equipment,0.19,2588184,US5951121038,9.67,53.6,1.74,4.88,11.4,0.54,2.03,"95,035",0.06,12/19/2024,1.76,1.76,1.79,0.21,2588184,MU.OQ,Micron Technology Inc,Information Technology,Semiconductors & Semiconductor Equipment,Semiconductors,98749058333.16,85.31,-3.75,-5.02,-4.79,-12.79,-17.54,-34.92,0.40,0.40,7051248.30,16.62,24.81,10.40,10.43,1.71,-0.15,0.00,0.31,56.86,0.54,2.97,10.51,8.20,"Micron Technology, Inc. provides memory and storage solutions. The Company delivers a portfolio of high-performance dynamic random-access memory (DRAM), NAND, and NOR memory and storage products through its Micron and Crucial brands. The Company's products enable advancing in artificial intelligence (AI) and compute-intensive applications. Its segments include Compute and Networking Business Unit (CNBU), Mobile Business Unit (MBU), Embedded Business Unit (EBU), and Storage Business Unit (SBU). CNBU segment includes memory products and solutions sold into the data center, PC, graphics, and networking markets. MBU segment includes memory and storage products sold into the smartphone and other mobile-device markets. EBU segment includes memory and storage products and solutions sold into the intelligent edge through the automotive, industrial, and consumer embedded markets. SBU segment includes SSDs and component-level storage solutions sold into the data center, PC, and consumer markets."
Lam Research Corporation,LRCX,Information Technology,Semiconductors & Semiconductor Equipment,0.19,BSML4N7,US5128073062,18.76,14.0,45.71,29.02,20.4,1.15,11.00,"93,215",0.01,10/24/2024,0.81,0.81,0.86,1.46,BSML4N7,LRCX.OQ,Lam Research Corp,Information Technology,Semiconductors & Semiconductor Equipment,Semiconductor Materials & Equipment,94442679000.00,72.15,-1.70,-2.49,-2.24,-2.05,-11.33,-31.84,-6.97,-6.97,4552125.67,50.32,23.35,18.47,22.75,8.81,0.00,0.00,1.20,45.07,1.28,2.47,18.27,3.91,"Lam Research Corporation is a global supplier of wafer fabrication equipment and services to the semiconductor industry. The Company designs, manufactures, markets, refurbishes, and services semiconductor processing equipment used in the fabrication of integrated circuits. Its products and services are designed to help its customers build devices that are used in a variety of electronic products, including mobile phones, personal computers, servers, wearables, automotive vehicles, and data storage devices. Its product families include ALTUS, SABRE, SPEED, Striker, VECTOR, Flex, Vantex, Kiyo, Versys Metal, Syndion, Coronus, and DV-Prime, Da Vinci, EOS, and SP Series. Its customer base includes semiconductor memory, foundries, and integrated device manufacturers that make products such as non-volatile memory, dynamic random-access memory, and logic devices. It offers services in areas, such as nanoscale applications enablement, chemistry, plasma and fluidics, and others."
"United Parcel Service, Inc. Class B",UPS,Industrials,Transportation,0.18,2517382,US9113121068,14.36,6.1,36.17,10.33,16.8,5.20,6.34,"106,885",0.08,10/24/2024,1.64,1.64,1.76,2.75,2517382,UPS.N,United Parcel Service Inc,Industrials,Transportation,Air Freight & Logistics,107618434959.38,125.32,-0.63,-0.82,-0.34,-7.66,-6.97,-6.15,-16.50,-16.50,1284369.43,35.15,18.94,14.34,9.71,5.11,0.01,0.00,0.72,20.79,5.20,1.56,14.53,8.74,"United Parcel Service, Inc. is a package delivery company and a provider of global supply chain management solutions. Its segments include U.S. Domestic Package and International Package. Its U.S. Domestic Package and International Package are together referred to as its global small package operations. Its global small package operations provide time-definite delivery services for express letters, documents, packages and palletized freight via air and ground services. The U.S. Domestic Package segment offers small package delivery services in the United States and offers a spectrum of the United States domestic guaranteed air and ground package transportation services. The International Package segment consists of its small package operations in Europe, the Indian subcontinent, Middle East and Africa (together EMEA), Canada and Latin America (together Americas) and Asia. Its Supply Chain Solutions consists of its forwarding, logistics, digital and other businesses."
GE Vernova Inc.,GEV,Industrials,Capital Goods,0.18,BP6H4Y1,US36828A1016,48.09,20.3,-4.85,-1.44,126.7,--,9.58,"91,029",0.32,10/23/2024,0.19,0.19,-0.16,6.23,BP6H4Y1,GEV.N,Ge Vernova Inc,Industrials,Capital Goods,Heavy Electrical Equipment,92012961386.00,330.26,-1.06,-3.73,-4.25,-1.08,29.62,92.70,151.81,151.81,715840.40,14.28,72.18,47.99,NaN,7.92,0.16,NULL,NULL,40.81,0.30,2.20,50.12,6.88,"GE Vernova Inc. is a global energy company. The Company designs, manufactures, delivers, and services technologies to create a sustainable electric power system, enabling electrification and decarbonization. Its segments include Power, Wind, and Electrification. Power segment includes gas, nuclear, hydro, and steam technologies, providing a critical foundation of dispatchable, flexible, stable, and reliable power. The Wind segment includes its wind generation technologies, inclusive of onshore and offshore wind turbines and blades. The Electrification segment includes grid solutions, power conversion, electrification software, and solar and storage solutions technologies required for the transmission, distribution, conversion, storage, and orchestration of electricity from point of generation to point of consumption. It has approximately 55,000 wind turbines and 7,000 gas turbines. It also offers consulting services, advanced research, and financial services."
"Equinix, Inc.",EQIX,Real Estate,Equity Real Estate Investment Trusts (REITs),0.18,BVLZX12,US29444U7000,71.67,11.1,8.08,2.05,81.8,1.82,6.65,"90,306",0.24,10/31/2024,2.94,2.94,3.10,7.34,BVLZX12,EQIX.OQ,Equinix Inc,Real Estate,Equity Real Estate Investment Trusts (REITs),Data Center REITs,90955554357.42,935.93,-0.71,-1.31,-0.39,-4.64,5.94,24.93,18.57,18.57,211670.60,9.04,84.34,70.14,117.25,6.75,0.07,0.00,0.31,18.78,1.82,1.79,69.62,13.34,"Equinix, Inc. is a digital infrastructure company. The Company's platform, Equinix, combines a global footprint of International Business Exchange (IBX) and xScale data centers in the Americas, Asia-Pacific, and Europe, the Middle East and Africa (EMEA) regions, interconnection solutions, digital offerings, business and digital ecosystems and consulting and support. It offers a variety of enabling solutions that support a customer's need to implement, operate and maintain its colocated deployments. Its solutions include Equinix SmartView, Equinix Smart Hands and Equinix Smart Build (ESB). Equinix SmartView is a fully integrated monitoring software that provides customers visibility into the operating data relevant to their specific Equinix footprint. Its interconnection solutions connect businesses directly within and between its data centers across its global platform. Its interconnection solutions include Equinix Fabric, Equinix Fabric Cloud Router, Cross Connects, and others."
Southern Company,SO,Utilities,Utilities,0.18,2829601,US8425871071,19.08,7.0,12.86,23.30,20.4,3.47,2.71,"90,262",0.03,10/31/2024,1.34,1.34,1.43,2.92,2829601,SO.N,Southern Co,Utilities,Utilities,Electric Utilities,91095182725.20,82.38,-0.91,-0.56,-0.79,-7.57,-7.90,7.96,21.78,21.78,1398294.87,13.05,19.21,19.07,22.99,2.60,0.01,0.00,0.16,15.39,3.50,1.66,18.97,4.32,"The Southern Company is an energy provider. The Company owns three traditional electric operating companies, Southern Power Company and Southern Company Gas. The traditional electric operating companies - Alabama Power, Georgia Power and Mississippi Power - are each operating public utility companies providing electric service to retail customers in three Southeastern states in addition to wholesale customers in the Southeast. The Southern Power Company develops, constructs, acquires, owns, and manages power generation assets, including renewable energy projects, and sells electricity at market-based rates in the wholesale market. The Southern Company Gas is an energy services holding company whose primary business is the distribution of natural gas in four states - Illinois, Georgia, Virginia, and Tennessee - through the natural gas distribution utilities. Southern Company Gas is also involved in several other businesses that are complementary to the distribution of natural gas."
"NIKE, Inc. Class B",NKE,Consumer Discretionary,Consumer Durables & Apparel,0.18,2640147,US6541061031,31.11,-2.3,40.09,11.76,34.5,1.98,7.98,"111,303",0.08,12/20/2024,0.67,0.67,0.78,--,2640147,NKE.N,Nike Inc,Consumer Discretionary,Consumer Durables & Apparel,Footwear,113750844145.12,74.65,-2.32,-2.98,-2.75,-4.75,-15.13,0.00,-30.06,-30.06,3125705.90,24.08,23.06,32.65,20.13,9.24,-0.24,0.00,0.46,26.91,2.14,1.60,32.74,2.29,"NIKE, Inc. is engaged in the designing, marketing and distributing of athletic footwear, apparel, equipment and accessories and services for sports and fitness activities. The Company's operating segments include North America; Europe, Middle East & Africa (EMEA); Greater China; and Asia Pacific & Latin America (APLA). It sells a line of equipment and accessories under the NIKE Brand name, including bags, socks, sport balls, eyewear, timepieces, digital devices, bats, gloves, protective equipment and other equipment designed for sports activities. It also designs products specifically for the Jordan Brand and Converse. The Jordan Brand designs, distributes and licenses athletic and casual footwear, apparel and accessories predominantly focused on basketball performance and culture using the Jumpman trademark. The Company also designs, distributes and licenses casual sneakers, apparel and accessories under the Chuck Taylor, All Star, One Star, Star Chevron and Jack Purcell trademarks."
"Altria Group, Inc.",MO,Consumer Staples,Food Beverage & Tobacco,0.18,2692632,US02209S1033,9.72,4.3,--,58.42,10.2,7.60,--,"88,352",0.02,10/31/2024,1.35,1.35,1.38,2.35,2692632,MO.N,Altria Group Inc,Consumer Staples,"Food, Beverage & Tobacco",Tobacco,88774303997.16,52.08,-0.57,-0.99,-0.91,-8.05,4.02,18.85,40.30,40.30,2771481.27,-200.21,8.79,9.72,10.76,-28.54,0.02,0.00,0.15,18.68,7.83,1.67,9.70,5.36,"Altria Group, Inc. is a holding company, which provides a portfolio of tobacco products for United States tobacco consumers aged 21+. Its segments include smokeable products, oral tobacco products, and all other. The smokeable products segment includes of combustible cigarettes manufactured and sold by Philip Morris USA Inc. (PM USA), and machine-made large cigars and pipe tobacco manufactured and sold by Middleton. The oral tobacco products segment consists of moist smokeless tobacco (MST) and snus products manufactured and sold by U.S. Smokeless Tobacco Company LLC (USSTC), and oral nicotine pouches manufactured and sold by Helix Innovations LLC (Helix). The oral tobacco products segment includes the premium brands, Copenhagen and Skoal, and Red Seal. It also includes on! oral nicotine pouches. The Company’s e-vapor products are marketed by NJOY, LLC (NJOY), a wholly owned subsidiary of the Company. Its tobacco subsidiaries sell their tobacco products principally to wholesalers."
"Intercontinental Exchange, Inc.",ICE,Financials,Financial Services,0.17,BFSSDS9,US45866F1049,22.19,10.0,9.78,41.21,24.5,1.18,3.15,"85,738",0.01,10/31/2024,1.55,1.55,1.55,2.46,BFSSDS9,ICE.N,Intercontinental Exchange Inc,Financials,Financial Services,Financial Exchanges & Data,86310211029.04,149.37,-0.63,-1.09,-0.53,-6.93,-6.74,9.74,17.75,17.75,983903.97,12.27,35.38,22.18,28.06,2.95,0.01,0.00,0.37,16.80,1.21,1.12,22.23,6.73,"Intercontinental Exchange, Inc. is a global provider of technology and data to a range of customers including financial institutions, corporations, and government entities. The Company operates through three segments: Exchanges, Fixed Income and Data Services, and Mortgage Technology. The Exchanges segment operates regulated marketplace technology for the listing, trading, and clearing of an array of derivatives contracts and financial securities. The Fixed Income and Data Services segment provides fixed income pricing, reference data, indices, analytics, and execution services, as well as global credit default swaps (CDS), clearing and multi-asset class data delivery technology. The Mortgage Technology segment provides a technology platform that offers customers digital workflow tools that aim to address the inefficiencies and mitigate risks that exist in the United States residential mortgage market life cycle, from application through closing, servicing, and the secondary market."
"PayPal Holdings, Inc.",PYPL,Financials,Financial Services,0.17,BYW36M8,US70450Y1038,17.43,12.7,20.55,16.35,18.7,--,4.26,"85,943",0.03,10/29/2024,1.07,1.07,1.20,1.47,BYW36M8,PYPL.OQ,PayPal Holdings Inc,Financials,Financial Services,Transaction & Payment Processing Services,87080522600.08,85.43,-1.65,-3.07,-1.69,-1.54,9.48,47.22,39.11,39.11,2814218.37,22.69,20.41,17.46,20.90,3.64,0.02,0.00,0.33,29.71,NULL,2.52,17.43,4.89,"PayPal Holdings, Inc. offers a technology platform that enables digital payments and simplifies commerce experiences on behalf of merchants and consumers worldwide. Its payment solutions enable its customers to connect, transact, and send and receive payments, whether they are online or in person. It provides payment solutions accepted by merchants that enable the completion of payments on its platform on behalf of its customers. It operates a global, two-sided network at scale that connects merchants and consumers with 426 million active accounts across 200 markets. Its brands include PayPal, Braintree, Venmo, Xoom, Hyperwallet, PayPal Zettle, PayPal Honey, and Paidy. It enables consumers to exchange funds with merchants using a variety of funding sources, which include a bank account, a PayPal or Venmo account balance, PayPal and Venmo branded credit products, including its installment products, a credit card, a debit card, certain cryptocurrencies, or other stored value products."
"Elevance Health, Inc.",ELV,Health Care,Health Care Equipment & Services,0.17,BSPHGL4,US0367521038,10.57,8.8,15.84,5.10,11.1,1.73,1.95,"85,536",0.21,10/17/2024,9.66,9.66,8.37,1.26,BSPHGL4,ELV.N,Elevance Health Inc,Health Care,Health Care Equipment & Services,Managed Health Care,86059598962.05,368.80,-0.61,-1.30,-0.56,-9.00,-28.78,-31.45,-20.74,-20.74,534016.30,17.77,13.44,10.66,12.71,1.71,-0.16,0.00,0.49,27.36,1.77,1.49,10.63,34.59,"Elevance Health, Inc. is a health company. It operates as a health insurer in the United States. The Company operates through four segments: Health Benefit, CarelonRx, Carelon Services, and Corporate & Other. The Health Benefits segment offers a comprehensive suite of health plans and services to Individual, employer group risk-based, employer group fee-based, BlueCard, Medicare, Medicaid and federal employees health benefits (FEHB) program members. The CarelonRx segment includes its pharmacy business. CarelonRx markets and offers pharmacy services to affiliated health plan customers, as well as to external customers outside of the health plans. It also offers infusible and injectable therapies. Carelon Services offers healthcare-related services and capabilities to internal and external customers including integrated care delivery, behavioral health, palliative care, utilization management, payment integrity services and subrogation services, as well as health and wellness programs."
Intel Corporation,INTC,Information Technology,Semiconductors & Semiconductor Equipment,0.17,2463247,US4581401001,20.54,7.7,1.63,0.06,-140.3,2.52,0.86,"85,404",0.02,11/01/2024,-0.02,-0.02,-0.46,--,2463247,INTC.OQ,Intel Corp,Information Technology,Semiconductors & Semiconductor Equipment,Semiconductors,87553900000.00,19.82,-2.36,-3.03,-1.88,-17.59,-15.52,-35.58,-60.02,-60.02,19207512.30,-1.51,NULL,20.27,10.15,0.77,0.00,0.00,-0.58,50.00,0.00,2.44,20.69,0.98,"Intel Corporation is engaged in designing and manufacturing of semiconductors. It operates through three segments: Intel Products, Intel Foundry, and All Other. Its Intel Products segment includes Client Computing Group (CCG), Data Center and AI (DCAI), Network and Edge (NEX). The CCG is focused on long-term operating system, system architecture, hardware, and application integration that enable PC experiences. Its DCAI segment offers workload-optimized solutions to cloud service providers and enterprise customers, along with silicon devices for communications service providers. Its NEX segment helps networks and edge compute systems from inflexible fixed-function hardware to general-purpose compute, acceleration, and networking devices running cloud-native software on programmable hardware. The Intel Foundry segment comprises Foundry Technology Development, Foundry Manufacturing and Supply Chain, and Foundry Services organizations. All Other segments include Altera, Mobileye, Other."
American Tower Corporation,AMT,Real Estate,Equity Real Estate Investment Trusts (REITs),0.17,B7FBFL2,US03027X1000,27.15,10.4,30.36,33.94,37.2,3.61,23.34,"85,007",0.15,10/29/2024,1.57,1.57,-1.69,3.59,B7FBFL2,AMT.N,American Tower Corp,Real Estate,Equity Real Estate Investment Trusts (REITs),Telecom Tower REITs,84985922996.13,181.92,0.03,-1.12,-0.46,-12.18,-20.50,-4.88,-12.87,-12.87,791071.37,56.22,40.72,27.24,28.67,21.58,-0.01,0.00,0.58,25.38,3.56,0.97,27.19,6.68,"American Tower Corporation is a real estate investment trust (REIT), and is an independent owner, operator and developer of multitenant communications real estate with a portfolio of over 148,000 communications sites and a highly interconnected footprint of U.S. data center facilities. Its segments include U.S. & Canada property, Asia-Pacific property, Africa property, Europe property, Latin America property, Data Centers and Services. The Company’s primary business is leasing space on multitenant communications sites to wireless service providers, radio and television broadcast companies, wireless data providers, government agencies and municipalities and tenants in a number of other industries. Its Data Centers segment relates to data center facilities and related assets that it owns and operates in the United States. Its Services segment offers tower-related services in the United States, including AZP, structural and mount analyses, and construction management."
KLA Corporation,KLAC,Information Technology,Semiconductors & Semiconductor Equipment,0.17,2480138,US4824801009,20.20,14.0,87.85,39.03,20.8,0.92,23.82,"84,793",0.08,10/31/2024,7.04,7.04,7.33,1.49,2480138,KLAC.OQ,KLA Corp,Information Technology,Semiconductors & Semiconductor Equipment,Semiconductor Materials & Equipment,86249642452.18,633.64,-1.73,-2.30,-2.21,-2.07,-17.95,-22.81,9.95,9.95,448796.47,102.07,28.94,20.07,30.11,18.24,0.02,0.00,1.51,45.76,1.07,2.42,19.97,31.57,"KLA Corporation is a supplier of process control and yield management solutions and services for the semiconductor and related electronics industries. The Company offers a portfolio of inspection and metrology products, and related services, software and other offerings, supports research and development (R&D) and manufacturing of integrated circuits (ICs), wafers and reticles. Its segments include Semiconductor Process Control, Specialty Semiconductor Process, and PCB and Component Inspection. Semiconductor Process Control segment provides comprehensive portfolio of inspection, metrology and software products, as well as related services, helping IC, wafer, reticle/mask and chemical/materials manufacturers achieve target yields throughout the entire fabrication process, from R&D to final volume production. The Specialty Semiconductor Process segment develops and sells advanced vacuum deposition and etch process tools, which are used by a range of specialty semiconductor customers."
Amphenol Corporation Class A,APH,Information Technology,Technology Hardware & Equipment,0.17,2145084,US0320951017,32.18,18.8,25.10,20.66,37.8,0.71,8.86,"83,768",0.01,10/23/2024,0.45,0.45,0.50,2.01,2145084,APH.N,Amphenol Corp,Information Technology,Technology Hardware & Equipment,Electronic Components,85285057182.66,69.50,-1.75,-2.88,-2.10,-4.12,6.90,3.66,41.40,41.40,1987466.60,24.83,39.88,32.06,46.79,7.36,0.08,0.00,0.62,27.83,0.95,0.97,31.42,2.17,"Amphenol Corporation is a designer, manufacturer, and marketer of electrical, electronic and fiber optic connectors and interconnect systems, antennas, sensors and sensor-based products, and coaxial and high-speed specialty cables. The Company’s segments include Harsh Environment Solutions, Communications Solutions, and Interconnect and Sensor Systems. The Harsh Environment Solutions designs, manufactures and markets a range of ruggedized interconnect products, including connectors and interconnect systems, printed circuits and printed circuit assemblies and other products. Communications Solutions designs, manufactures and markets a range of connector and interconnect systems, including high speed, radio frequency, power, fiber optic and other products, together with antennas. The Interconnect and Sensor Systems designs, manufactures, and markets a range of sensors, sensor-based systems, connectors, and value-added interconnect systems. It also offers wireless technology solutions."
Trane Technologies plc,TT,Industrials,Capital Goods,0.17,BK9ZQ96,IE00BK9ZQ967,29.17,16.3,31.35,16.46,33.3,0.88,11.00,"83,518",0.05,10/30/2024,3.24,3.24,3.37,2.04,BK9ZQ96,TT.N,Trane Technologies PLC,Industrials,Capital Goods,Building Products,84053163546.39,370.86,-0.71,-1.90,-1.76,-10.72,-4.40,13.25,53.60,53.60,356047.10,34.41,33.98,29.19,51.60,9.43,0.05,0.00,0.12,21.14,0.91,1.32,29.07,12.71,"Trane Technologies PLC is an Ireland-based global climate innovator. The Company, through its brands, Trane and Thermo King, and its portfolio of products and services, brings climate solutions to buildings, homes, and transportation. Its segments include the Americas, EMEA, and Asia Pacific. Its Americas segment serves customers in North America and Latin America and includes commercial heating, cooling, and ventilation systems, building controls, and energy services and solutions; residential heating and cooling; and transport refrigeration systems and solutions. Its EMEA segment serves customers in the Europe, Middle East, and Africa region and includes heating and cooling systems, services and solutions for commercial buildings, and transport refrigeration systems and solutions. Its Asia Pacific segment serves customers throughout the Asia Pacific region and includes heating and cooling systems and solutions."
CME Group Inc. Class A,CME,Financials,Financial Services,0.17,2965839,US12572Q1058,22.23,4.8,11.88,61.58,22.6,4.23,2.95,"83,249",0.03,10/23/2024,2.65,2.65,2.68,4.67,2965839,CME.OQ,CME Group Inc,Financials,Financial Services,Financial Exchanges & Data,84143841210.50,231.53,-0.84,-3.21,-0.31,0.18,8.06,21.92,15.09,15.09,872394.60,13.33,24.35,22.22,29.17,2.84,0.03,0.00,0.16,15.43,1.99,1.31,22.17,10.42,"CME Group Inc. provides a derivatives marketplace. The Company enables clients to trade futures, options, cash and over the counter (OTC) markets, optimize portfolios, and analyze data. It exchanges offer a range of global benchmark products across all major asset classes based on interest rates, equity indexes, foreign exchange, energy, agricultural products and metals. It offers futures and options on futures trading through the CME Globex platform, fixed income trading via BrokerTec and foreign exchange trading on the EBS platform. In addition, it operates central counterparty clearing provider, CME Clearing. Its products provide a means for hedging, speculation and asset allocation related to the risks associated with, among other things, interest rate sensitive instruments, and changes in the prices of agricultural, energy and metal commodities. It provides clearing and settlement services for a range of exchange-traded futures and options on futures contracts and OTC derivatives."
Duke Energy Corporation,DUK,Utilities,Utilities,0.17,B7VD3F2,US26441C2044,16.98,6.8,8.87,24.44,18.1,3.84,1.73,"83,152",0.08,11/07/2024,1.70,1.70,1.62,2.67,B7VD3F2,DUK.N,Duke Energy Corp,Utilities,Utilities,Electric Utilities,83690743757.70,107.71,-0.58,-0.55,-0.78,-7.98,-5.71,9.47,15.47,15.47,1012348.47,9.29,19.20,16.99,20.36,1.59,0.01,0.00,0.05,15.98,3.88,1.18,17.00,6.34,"Duke Energy Corporation is an energy holding company. The Company operates through two segments: Electric Utilities and Infrastructure (EU&I) and Gas Utilities and Infrastructure (GU&I). The EU&I segment conducts operations primarily through the regulated public utilities of Duke Energy Carolinas, Duke Energy Progress, Duke Energy Florida, Duke Energy Indiana, and Duke Energy Ohio. EU&I provides retail electric service through the generation, transmission, distribution, and sale of electricity to customers within the Southeast and Midwest regions of the United States. The GU&I segment conducts natural gas operations primarily through the regulated public utilities of Piedmont, Duke Energy Ohio, and Duke Energy Kentucky. GU&I serves residential, commercial, industrial, and power generation natural gas customers, including customers served by municipalities who are wholesale customers. It also purchases a diverse portfolio of transportation and storage services from interstate pipelines."
"Cadence Design Systems, Inc.",CDNS,Information Technology,Software & Services,0.17,2302232,US1273871087,44.13,13.1,33.86,31.16,51.0,--,18.14,"82,789",0.06,10/29/2024,1.46,1.46,1.64,3.89,2302232,CDNS.OQ,Cadence Design Systems Inc,Information Technology,Software & Services,Application Software,83658442890.00,301.86,-1.04,-2.21,-0.84,-1.61,11.38,-1.91,10.83,10.83,610391.23,37.22,79.38,44.07,71.38,13.91,0.02,0.00,0.93,37.67,NULL,1.64,44.06,6.85,"Cadence Design Systems, Inc. is an electronic system designing company. The Company applies its Intelligent System Design strategy to deliver software, hardware and intellectual property (IP) that turn design concepts into reality. Its Custom IC Design and Simulation offerings are used by its customers to create schematic and physical representations of circuits down to the transistor level for analog, mixed-signal, custom digital, memory and radio frequency (RF) designs. Its Digital IC Design and Signoff solutions are used to create logical representations of a digital circuit or an integrated circuit (IC) that can be verified for correctness prior to implementation. Its Functional Verification products are used by its customers to verify that the circuitry or the software they have designed is consistent with the functional specification. Its IP offerings consist of pre-verified, customizable functional blocks. It also offers multi-domain, engineering simulation solutions."
Parker-Hannifin Corporation,PH,Industrials,Capital Goods,0.16,2671501,US7010941042,22.63,13.5,25.40,19.58,23.7,1.00,6.36,"81,972",0.08,10/31/2024,6.14,6.14,6.20,1.76,2671501,PH.N,Parker-Hannifin Corp,Industrials,Capital Goods,Industrial Machinery & Supplies & Components,82871501969.73,636.82,-1.09,-2.24,-1.37,-9.40,1.03,26.55,39.74,39.74,162540.57,24.52,28.74,22.61,34.92,5.25,0.02,0.00,0.57,26.84,1.02,1.01,22.56,28.16,"Parker-Hannifin Corporation specializes in motion and control technologies. The Company designs, manufactures, and provides aftermarket support for highly engineered solutions. Its segments include Diversified Industrial and Aerospace Systems. Diversified Industrial Segment, which is an aggregation of several business units, sells highly engineered differentiated products to both original equipment manufacturers (OEMs) and distributors who serve the aftermarket replacement markets. This segment serves various markets, including aerospace & defense, off-highway, in-plant & industrial equipment, energy, transportation and HVAC & refrigeration. Aerospace Systems Segment sells highly engineered, differentiated airframe and engine components and systems to OEMs and aftermarket parts and maintenance directly to end users primarily in the commercial aerospace and defense market verticals. Its products include active & passive vibration control, avionics, flight control systems and others."
"Chipotle Mexican Grill, Inc.",CMG,Consumer Discretionary,Consumer Services,0.16,B0X7DZ3,US1696561059,45.43,11.9,45.26,16.50,53.7,--,22.67,"81,941",0.01,10/30/2024,0.25,0.25,0.27,4.51,B0X7DZ3,CMG.N,Chipotle Mexican Grill Inc,Consumer Discretionary,Consumer Services,Restaurants,82818402540.00,60.09,-1.14,-2.24,-2.42,-2.32,4.29,-4.09,31.38,31.38,2174432.30,43.54,55.84,45.50,89.96,18.55,0.05,0.00,1.39,32.36,NULL,2.00,45.19,1.32,"Chipotle Mexican Grill, Inc. is a restaurant company. The Company, through its subsidiaries, owns and operates Chipotle Mexican Grill restaurants, which feature a menu of burritos, burrito bowls (a burrito without the tortilla), quesadillas, tacos, and salads. The Company operates about 3,437 restaurants, including 3,371 Chipotle restaurants within the United States, and 66 international Chipotle restaurants. The Company owns and operates all its restaurants in North America and Europe. It manages its operations based on eight regions. It has made digital ordering convenient with enhancements to the Chipotle app and Website, such as customization, contactless delivery, and group ordering. Its application also includes order readiness messaging, wrong location detection and reminders to scan for points. The Company’s subsidiaries include Chipotle Mexican Grill Canada Corp., Chipotle Mexican Grill France SAS, and Chipotle Mexican Grill of Berwyn Heights, LLC, among others."
"CrowdStrike Holdings, Inc. Class A",CRWD,Information Technology,Software & Services,0.16,BJJP138,US22788C1053,81.16,28.8,4.74,0.33,93.3,--,28.14,"86,038",0.01,11/27/2024,0.81,0.81,0.93,3.24,BJJP138,CRWD.OQ,CrowdStrike Holdings Inc,Information Technology,Software & Services,Systems Software,87438088145.88,349.31,-1.60,-4.32,-3.37,0.97,24.54,-8.84,36.81,36.81,1235972.30,31.07,689.87,80.57,599.32,21.24,0.06,0.00,NaN,39.66,NULL,3.65,81.70,4.34,"CrowdStrike Holdings, Inc. is a global cybersecurity company that provides cloud-delivered protection of endpoints, cloud workloads, identity and data. The Company’s Falcon platform is designed for cybersecurity consolidation, purpose-built to stop breaches. The platforms collect and integrates data from across the enterprise, including endpoints, cloud workloads, identities, and third-party sources. The Company's Falcon platform leverages a single lightweight-agent architecture with integrated cloud modules spanning multiple security markets, including corporate workload security, managed security services, security and vulnerability management, information technology (IT) operations management, threat intelligence services, identity protection and log management. The Company offers 27 cloud modules on its Falcon platform via a software-as-a-service (SaaS) subscription-based model that spans multiple large markets, including corporate endpoint and cloud workload security, and more."
"Mondelez International, Inc. Class A",MDLZ,Consumer Staples,Food Beverage & Tobacco,0.16,B8CKK03,US6092071058,17.44,4.7,17.96,15.72,17.1,2.93,2.86,"79,642",0.02,10/30/2024,0.85,0.85,0.99,3.62,B8CKK03,MDLZ.OQ,Mondelez International Inc,Consumer Staples,"Food, Beverage & Tobacco",Packaged Foods & Meats,80512466033.34,59.56,-1.08,-0.48,0.47,-8.30,-19.15,-8.40,-16.20,-16.20,3157478.43,16.49,21.13,17.51,20.32,2.85,-0.05,0.00,0.19,16.63,3.16,1.03,17.47,3.40,"Mondelez International, Inc. is a snack company. The Company’s core business is making and selling chocolate, biscuits, and baked snacks. The Company also has additional businesses in adjacent, locally relevant categories, including gum and candy, cheese and grocery and powdered beverages. Its portfolio includes global and local brands, such as Oreo, Ritz, LU, Clif Bar and Tate's Bake Shop biscuits and baked snacks, as well as Cadbury Dairy Milk, Milka and Toblerone chocolate. The Company’s segments include Latin America, AMEA, Europe, and North America. It sells its products to supermarket chains, wholesalers, supercenters, club stores, mass merchandisers, distributors, convenience stores, gasoline stations, drug stores, value stores and other retail food outlets. The Company also sells products directly to businesses and consumers through various pure play e-retail platforms, retailer digital platforms, its direct-to-consumer Websites, and social media platforms."
Sherwin-Williams Company,SHW,Materials,Materials,0.16,2804211,US8243481061,26.64,8.3,70.07,15.71,29.9,0.81,20.53,"85,331",0.11,10/22/2024,3.55,3.55,3.37,3.62,2804211,SHW.N,Sherwin-Williams Co,Materials,Materials,Specialty Chemicals,86458716267.39,338.75,-1.32,-1.96,-1.77,-14.76,-11.08,13.95,9.52,9.52,493068.50,76.72,33.75,26.60,38.91,18.46,0.01,0.00,0.23,20.46,0.84,2.18,26.72,12.74,"The Sherwin-Williams Company is engaged in the development, manufacture, distribution and sale of paint, coatings and related products to professional, industrial, commercial and retail customers primarily in North and South America with additional operations in the Caribbean region, Europe, Asia and Australia. Its Paint Stores Group segment is engaged in servicing the needs of architectural and industrial paint contractors and do-it-yourself homeowners. The Consumer Brands Group segment manufactures and distributes a broad portfolio of branded and private-label architectural paint, stains, varnishes, industrial products, wood finishes products, wood preservatives, applicators, corrosion inhibitors, aerosols, caulks and adhesives to retailers, including home centers and hardware stores, dedicated dealers and distributors. The Performance Coatings Group segment develops and sells industrial coatings for wood finishing and general industrial (metal and plastic) applications and others."
"Motorola Solutions, Inc.",MSI,Information Technology,Technology Hardware & Equipment,0.15,B5BKPQ4,US6200763075,31.59,10.1,--,23.87,33.9,0.85,58.35,"77,373",0.05,11/08/2024,3.38,3.38,3.74,3.34,B5BKPQ4,MSI.N,Motorola Solutions Inc,Information Technology,Technology Hardware & Equipment,Communications Equipment,78100469063.34,463.59,-0.80,-1.64,-1.32,-7.01,3.34,20.63,49.56,49.56,332223.20,147.29,50.81,31.59,45.43,22.46,0.03,0.00,0.31,17.74,0.94,1.22,31.40,14.68,"Motorola Solutions, Inc. provides public safety and enterprise security. The Company offers safety and security technologies, which include land mobile radio communications (LMR), video security, and command center. Across technologies, it offers cloud-based and hybrid solutions, cybersecurity services, software and subscriptions services as well as managed and support services. Its segments include Products and Systems Integration, and Software and Services. The Products and Systems Integration segment offers a portfolio of infrastructure, devices, accessories, video security devices and infrastructure, and the implementation and integration of such systems, devices, and applications. The Company's Software and Services segment provides a range of solution offerings for government, public safety and commercial customers. Its Software includes public safety and enterprise Command Center, unified communications applications, certain mobile video equipment, and video software solutions."
Aon Plc Class A,AON,Financials,Insurance,0.15,BLP1HW5,IE00BLP1HW54,20.58,11.2,--,30.91,23.2,0.74,12.41,"77,501",0.08,10/25/2024,2.48,2.48,2.72,2.08,BLP1HW5,AON.N,Aon PLC,Financials,Insurance,Insurance Brokers,77938041265.64,357.97,-0.67,-0.97,-0.09,-8.57,3.65,22.41,24.04,24.04,322716.10,94.92,30.22,20.56,27.24,10.17,0.02,0.00,0.44,16.09,0.75,1.98,20.57,17.41,"Aon PLC is a global professional services company. The Company provides advice and solutions to clients focused on risk, health and wealth through four principal products and services: commercial risk solutions, reinsurance solutions, health solutions, and wealth solutions. Commercial Risk Solutions includes retail brokerage, specialty solutions, global risk consulting and captives’ management, and Affinity programs. Reinsurance Solutions includes treaty reinsurance, facultative reinsurance, and capital markets. Health Solutions includes consulting and brokerage, voluntary benefits and enrollment solutions, and human capital solutions. Wealth Solutions includes retirement consulting, pension administration, and investments consulting. Data & analytic services include Affinity, Aon Inpoint, CoverWallet, and ReView. Retirement consulting specializes in providing clients with strategic design consulting on their retirement programs, actuarial services, and risk management."
Cigna Group,CI,Health Care,Health Care Equipment & Services,0.15,BHJ0775,US1255231003,8.73,11.7,11.34,4.59,9.7,1.97,1.83,"76,902",0.15,10/31/2024,7.23,7.23,7.51,0.83,BHJ0775,CI.N,Cigna Group,Health Care,Health Care Equipment & Services,Health Care  Services,77523912818.26,275.14,-1.28,-2.29,-2.30,-18.20,-20.24,-16.10,-6.60,-6.60,605402.20,16.85,25.95,8.78,11.88,1.70,0.00,0.00,0.37,28.93,2.04,1.66,8.79,31.33,"The Cigna Group is a global health company. The Company has two growth platforms: Evernorth Health Services and Cigna Healthcare. The Company’s portfolio of offerings solves diverse challenges across the healthcare system. Evernorth Health Services includes a range of independent and coordinated health solutions and capabilities designed to enable the healthcare system to help people live richer, healthier lives. Health plans, employers, governmental organizations and health care providers partner with Evernorth Health Services to solve their challenges in the areas of pharmacy benefits, home delivery pharmacy, specialty pharmacy, specialty distribution, and care delivery and management solutions. Cigna Healthcare includes the United States healthcare and international health businesses, which provide comprehensive medical and coordinated solutions to clients and customers. Its Other Operations include corporate-owned life insurance (COLI) and the Company's run-off operations."
"PNC Financial Services Group, Inc.",PNC,Financials,Banks,0.15,2692665,US6934751057,12.77,5.4,12.08,21.08,14.5,3.27,1.55,"76,419",0.09,10/15/2024,3.30,3.30,3.49,2.69,2692665,PNC.N,PNC Financial Services Group Inc,Financials,Banks,Diversified Banks,76690300963.84,192.53,-0.39,-1.15,-0.31,-10.33,5.03,26.05,29.20,29.20,542238.57,11.43,16.28,12.74,13.42,1.42,0.04,0.00,0.26,23.28,3.32,1.26,12.77,15.11,"The PNC Financial Services Group, Inc. is a diversified financial company. The Company is engaged in retail banking, including residential mortgage, corporate and institutional banking and asset management, providing many of its products and services nationally. The Company’s retail branch network is located coast-to-coast. The Company has three segments: Retail Banking, Corporate & Institutional Banking, and Asset Management Group. Retail Banking provides deposit, lending, brokerage, insurance services, investment management and cash management products and services to consumer and small business customers. Corporate & Institutional Banking provides lending, treasury management, capital markets and advisory products and services to mid-sized and large corporations and government and not-for-profit entities. Asset Management Group provides private banking for high net worth and ultra-high net worth clients and institutional asset management. The Company’s bank subsidiary is PNC Bank."
U.S. Bancorp,USB,Financials,Banks,0.15,2736035,US9029733048,11.17,6.7,10.93,19.58,12.6,4.08,1.45,"75,305",0.02,10/16/2024,0.99,0.99,1.03,1.87,2736035,USB.N,US Bancorp,Financials,Banks,Diversified Banks,75645937860.35,48.25,-0.49,-1.55,-0.14,-9.46,5.51,22.87,15.36,15.36,2342636.40,12.24,14.78,11.12,10.96,1.50,0.03,0.00,0.02,25.59,4.15,1.47,11.07,4.34,"U.S. Bancorp is a financial service holding company. The Company’s major lines of business are Wealth, Corporate, Commercial and Institutional Banking, Consumer and Business Banking, Payment Services, and Treasury and Corporate Support. The Company provides a range of financial services, including lending and depository services, cash management, capital markets, and trust and investment management services. It also engages in credit card services, merchant and ATM processing, and others. Its banking subsidiary, U.S. Bank National Association (USBNA), is engaged in the banking business, principally in domestic markets. USBNA provides a range of products and services to individuals, businesses, institutional organizations, governmental entities, and other financial institutions. Its non-banking subsidiaries offer investment and insurance products to the Company’s customers principally within its domestic markets, and fund administration services to a range of mutual and other funds."
"Synopsys, Inc.",SNPS,Information Technology,Software & Services,0.15,2867719,US8716071076,31.80,11.3,19.05,24.90,32.6,--,8.34,"75,012",0.01,12/05/2024,3.30,3.30,3.40,2.88,2867719,SNPS.OQ,Synopsys Inc,Information Technology,Software & Services,Application Software,75884106398.59,486.74,-0.85,-1.83,-1.19,-12.85,-3.88,-18.20,-5.47,-5.47,424301.23,22.92,52.64,31.82,54.98,7.02,0.02,0.00,0.94,40.20,NULL,1.84,31.88,15.30,"Synopsys, Inc. is engaged in supplying the electronic design automation (EDA) software that engineers use to design and test integrated circuits (ICs), also known as chips or silicon. The Company provides software and hardware used to validate the electronic systems that incorporate chips and the software that runs on them, including cloud-based digital design flow to boost chip-design development productivity. The Company operates through two segments: Design Automation and Design IP. The Design Automation segment includes its advanced silicon design, verification products and services, system integration products and services, digital, custom and FPGA IC design software, verification software and hardware products, manufacturing software products, and other. The Company's Design IP segment includes its design intellectual property (IP) products. It also provides technical services and support to help its customers in developing advanced chips and electronic systems."
Apollo Global Management Inc,APO,Financials,Financial Services,0.15,BN44JF6,US03769M1062,19.56,15.9,74.14,25.04,23.4,1.09,5.72,"94,214",0.05,11/05/2024,1.73,1.73,1.85,1.47,BN44JF6,APO.N,Apollo Global Management Inc,Financials,Financial Services,Diversified Financial Services,96347226127.68,166.51,-2.21,-4.51,-2.98,-4.87,33.68,42.01,81.35,81.35,2450520.80,48.92,17.98,19.47,31.42,5.50,0.04,0.00,1.27,32.20,1.11,5.38,19.43,8.55,"Apollo Global Management, Inc. is a global alternative asset manager and a retirement services provider. It operates in three segments: Asset Management, Retirement Services and Principal Investing. The Asset Management segment focuses on three investing strategies: yield, hybrid, and equity. These strategies reflect the range of investment capabilities across its platform based on relative risk and return. The Retirement Services business is conducted by Athene Holding Ltd (Athene), a financial services company that specializes in issuing, reinsuring, and acquiring retirement savings products designed for the increasing number of individuals and institutions seeking to fund retirement needs. Athene product lines include annuities and funding agreements. The Principal Investing segment includes realized performance fee income, realized investment income from its balance sheet investments, and certain allocable expenses related to corporate functions supporting the entire company."
Colgate-Palmolive Company,CL,Consumer Staples,Household & Personal Products,0.15,2209106,US1941621039,23.55,8.6,--,21.23,25.3,2.18,170.52,"74,176",0.01,10/25/2024,0.89,0.89,0.91,2.94,2209106,CL.N,Colgate-Palmolive Co,Consumer Staples,Household & Personal Products,Household Products,75009775962.17,90.79,-1.11,-1.71,-1.22,-6.04,-12.11,-5.50,16.40,16.40,1444239.07,400.23,26.09,23.58,30.59,60.89,0.00,0.00,0.05,16.55,2.20,1.14,23.63,3.85,"Colgate-Palmolive Company manufactures a range of products for the personal and home care markets. It operates in two product segments: Oral, Personal and Home Care; and Pet Nutrition. The Oral, Personal and Home Care product segment is managed geographically in five segments, such as North America, Latin America, Europe, Asia Pacific and Africa/Eurasia, all of which sell primarily to a variety of traditional and e-commerce retailers, wholesalers, distributors, dentists and skin health professionals. The Company sells its products under brands, such as Colgate, Palmolive, elmex, hello, meridol, Sorriso, Tom’s of Maine, EltaMD, Filorga, Irish Spring, PCA SKIN, Protex, Sanex, Softsoap, Speed Stick, Ajax, Axion, Fabuloso, Soupline and Suavitel, as well as Hill’s Science Diet and Hill’s Prescription Diet. Through Hill's Pet Nutrition, it is also engaged in the pet nutrition market, selling products principally through authorized pet supply retailers, veterinarians and e-commerce retailers."
"Regeneron Pharmaceuticals, Inc.",REGN,Health Care,Pharmaceuticals Biotechnology & Life Sciences,0.15,2730190,US75886F1075,15.70,16.6,16.26,33.15,15.6,--,2.64,"77,355",0.71,10/31/2024,11.69,11.69,12.46,0.94,2730190,REGN.OQ,Regeneron Pharmaceuticals Inc,Health Care,"Pharmaceuticals, Biotechnology & Life Sciences",Biotechnology,78285301884.40,702.59,-1.38,-1.97,-1.75,-6.35,-33.17,-33.15,-20.00,-20.00,316294.37,18.59,17.38,15.58,16.53,2.22,-0.06,0.00,0.76,27.86,NULL,1.71,15.37,45.09,"Regeneron Pharmaceuticals, Inc. is a fully integrated biotechnology company. The Company invents, develops, manufactures, and commercializes medicines for people with serious diseases. Its products and product candidates in development are designed to help patients with eye diseases, allergic and inflammatory diseases, cancer, cardiovascular and metabolic diseases, neurological diseases, hematologic conditions, infectious diseases, and rare diseases. The Company helps in accelerating and improving the traditional drug development process through its VelociSuite technologies, such as VelocImmune, which uses genetically humanized mice to produce optimized fully human antibodies and bispecific antibodies, and through ambitious research initiatives such as the Regeneron Genetics Center. Its marketed products include EYLEA (aflibercept) Injection; Dupixent (dupilumab) Injection; Libtayo (cemiplimab) Injection; Praluent (alirocumab) Injection; Kevzara (sarilumab) Injection, and others."
Welltower Inc.,WELL,Real Estate,Equity Real Estate Investment Trusts (REITs),0.15,BYVYHH4,US95040Q1040,66.50,10.2,1.49,16.84,69.7,2.05,2.55,"77,250",0.05,10/29/2024,0.38,0.38,0.73,6.81,BYVYHH4,WELL.N,Welltower Inc,Real Estate,Equity Real Estate Investment Trusts (REITs),Health Care REITs,77836190375.00,124.92,-0.06,-1.16,-0.56,-9.60,-1.94,21.11,41.81,41.81,1287972.33,3.65,155.61,67.74,296.66,2.42,0.07,0.00,-0.85,19.10,2.15,1.62,67.70,1.84,"Welltower Inc. is a real estate investment trust, which is focused on health care infrastructure. The Company invests with seniors housing operators, post-acute providers and health systems to fund the real estate infrastructure needed to scale care delivery models and improve people's wellness and overall health care experience. The Company owns interests in properties concentrated in high-growth markets in the United States, Canada and the United Kingdom, consisting of seniors housing and post-acute communities and outpatient medical properties. Its seniors housing operating properties include seniors apartments, assisted living, independent living/continuing care retirement communities, independent supportive living communities (Canada), care homes with and without nursing (United Kingdom) and combinations thereof. The Company's triple-net properties include the property types that are under seniors housing operating properties, as well as long-term/post-acute care facilities."
"Waste Management, Inc.",WM,Industrials,Commercial & Professional Services,0.15,2937667,US94106L1098,25.19,12.3,33.51,18.72,27.6,1.46,10.17,"81,182",0.05,10/29/2024,1.88,1.88,1.96,2.23,2937667,WM.N,Waste Management Inc,Industrials,Commercial  & Professional Services,Environmental & Facilities Services,81886597674.82,202.27,-0.86,-1.34,-0.75,-11.07,-2.24,-4.53,14.56,14.56,538001.03,40.72,30.91,25.02,35.42,8.19,0.02,0.00,0.31,16.19,1.48,0.82,25.02,8.08,"Waste Management, Inc. is a holding company. The Company is a provider of environmental solutions. The Company, through its subsidiaries, provides collection, recycling and disposal services to millions of residential, commercial, industrial and municipal customers throughout the U.S. and Canada. The Company evaluates its Collection and Disposal businesses primarily through two geographic segments: East Tier and West Tier. Its East Tier primarily consists of geographic areas located in the Eastern U.S., the Great Lakes region and substantially all of Canada. West Tier includes geographic areas located in the Western U.S., including the upper Midwest region, and British Columbia, Canada. It also provides ancillary services. Its Recycling Processing and Sales segment includes the processing and sales of materials collected from residential, commercial and industrial customers. Its WM Renewable Energy segment develops, operates and promotes projects for the beneficial use of landfill gas."
Moody's Corporation,MCO,Financials,Financial Services,0.15,2252058,US6153691059,35.37,14.8,55.06,37.54,39.0,0.72,21.98,"85,818",0.17,10/22/2024,2.87,2.87,3.21,2.63,2252058,MCO.N,Moody's Corp,Financials,Financial Services,Financial Exchanges & Data,86388912000.00,473.53,-0.68,-1.59,-0.05,-5.29,-0.05,12.90,22.20,22.20,200757.77,57.41,42.97,35.51,56.55,19.20,0.05,0.00,0.02,17.77,0.72,0.82,34.98,13.33,"Moody's Corporation is a global risk assessment company. Its data, analytical solutions and insights help decision-makers identify opportunities and manage the risks of doing business with others. Its segments include Moody's Investors Service (MIS) and Moody's Analytics (MA). The MIS segment publishes credit ratings and provides assessment services on a wide range of debt obligations, programs and facilities, and the entities that issue such obligations in markets worldwide, including various corporate, financial institution and governmental obligations, and structured finance securities. The MA segment is a global provider of data and information, research and insights, and decision solutions, which help companies make decisions. The MA segment leverages its industry expertise across multiple risks, such as credit, market, financial crime, supply chain, catastrophe and climate to deliver integrated risk assessment solutions. It also has investment in Africa’s domestic credit markets."
"Zoetis, Inc. Class A",ZTS,Health Care,Pharmaceuticals Biotechnology & Life Sciences,0.15,B95WG16,US98978V1035,25.45,9.6,49.86,35.92,27.6,1.07,14.00,"73,259",0.02,11/04/2024,1.46,1.46,1.58,2.86,B95WG16,ZTS.N,Zoetis Inc,Health Care,"Pharmaceuticals, Biotechnology & Life Sciences",Pharmaceuticals,74261760810.60,162.24,-1.43,-1.98,-1.24,-7.42,-16.76,-5.96,-16.98,-16.98,673656.00,49.24,30.50,25.41,33.48,11.50,0.01,0.00,0.34,19.84,1.23,1.39,25.51,6.39,"Zoetis Inc. is a global animal health company. The Company is focused on the discovery, development, manufacture and commercialization of medicines, vaccines, diagnostic products and services, biodevices, genetic tests and precision animal health. The Company operates through two segments: the United States (U.S.) and International. Within each of these operating segments, it offers a diversified product portfolio, including parasiticides, vaccines, dermatology, anti-infectives, pain and sedation, other pharmaceutical, and animal health diagnostics, for both companion animal and livestock customers. It directly markets its products in approximately 45 countries across North America, Europe, Africa, Asia, Australia and South America. It is engaged in commercializing products across eight core species: dogs, cats and horses (collectively, companion animals) and cattle, poultry, swine, fish and sheep (collectively, livestock)."
McKesson Corporation,MCK,Health Care,Health Care Equipment & Services,0.14,2378534,US58155Q1031,15.95,15.4,--,1.27,17.4,0.45,--,"72,485",0.08,11/07/2024,6.88,6.88,7.07,1.13,2378534,MCK.N,Mckesson Corp,Health Care,Health Care Equipment & Services,Health Care Distributors,73198737534.08,570.75,-1.02,-1.33,-1.04,-9.08,15.57,-2.04,23.86,23.86,245417.23,-172.00,29.59,15.98,23.89,-62.29,0.04,0.00,0.76,36.05,0.50,1.60,16.00,35.72,"McKesson Corporation is a provider of diversified healthcare services. The Company is engaged in advancing health outcomes for patients everywhere. Its U.S. Pharmaceutical segment distributes branded, generic, specialty, biosimilar, and over the counter (OTC) pharmaceutical drugs and other healthcare-related products in the United States. Its Prescription Technology Solutions segment helps solve medication access, affordability, and adherence challenges for patients by working across healthcare to connect patients, pharmacies, providers, pharmacy benefit managers, health plans, and biopharma companies. Its Medical-Surgical Solutions segment provides medical-surgical supply distribution, logistics, and other services to healthcare providers, including physician offices, surgery centers, nursing homes, hospital reference labs, and home healthcare agencies. Its International segment provides distribution and services to wholesale, institutional, and retail customers in Europe and Canada."
TransDigm Group Incorporated,TDG,Industrials,Capital Goods,0.14,B11FJK3,US8936411003,32.99,11.8,--,45.72,34.3,--,--,"71,952",0.34,11/07/2024,9.28,9.28,9.83,2.90,B11FJK3,TDG.N,TransDigm Group Inc,Industrials,Capital Goods,Aerospace & Defense,72587885323.20,1279.91,-0.85,-1.64,-0.83,2.15,-5.31,5.77,33.58,33.58,76262.10,-96.80,49.96,32.90,75.84,-22.56,-0.04,0.00,-0.07,25.95,NULL,1.57,32.72,38.90,"TransDigm Group Incorporated is a designer, producer and supplier of engineered aircraft components for use on all commercial and military aircraft in service. The Company's segments include Power & Control, Airframe and Non-aviation. Power & Control segment develops, produces and markets systems and components that predominately provide power to or control power of the aircraft utilizing electronic, fluid, power and mechanical motion control technologies. Its product offerings include mechanical/electro-mechanical actuators and controls. Airframe segment develops, produces and markets systems and components that are used in non-power airframe applications utilizing airframe and cabin structure technologies. Its product offerings include engineered latching and locking devices, and engineered rods. Non-aviation segment develops, produces and markets products for non-aviation markets. It manufactures complex test and measurement solutions serving the aerospace and defense end markets."
Arthur J. Gallagher & Co.,AJG,Financials,Insurance,0.14,2359506,US3635761097,24.62,14.0,9.73,18.73,28.3,0.83,5.12,"62,411",0.02,10/25/2024,2.26,2.26,2.26,2.02,2359506,AJG.N,Arthur J. Gallagher & Co.,Financials,Insurance,Insurance Brokers,71578451331.00,284.46,-0.73,-1.35,-0.02,-8.71,1.30,10.14,27.62,27.62,743590.00,16.78,54.09,24.76,36.73,4.32,0.03,0.00,1.15,17.93,0.84,2.94,24.00,11.49,"Arthur J. Gallagher & Co. is a global insurance brokerage, risk management and consulting services company. Its segments include brokerage, risk management and corporate. Brokerage segment provides brokerage and consulting services to entities of all types, including commercial, nonprofit, public-sector entities, and, to a lesser extent, individuals, in the areas of insurance and reinsurance placements, risk of loss management, and management of employer sponsored benefit programs. Risk management segment provides contract claim settlement, claim administration, loss control services and risk management consulting for commercial, nonprofit, captive and public sector entities, and various other organizations that choose to self-insure property/casualty coverages or choose to use a third party claims management organization rather than the claim services provided by underwriting enterprises. It provides legal advice in relation to commercial and professional liability insurance matters."
Emerson Electric Co.,EMR,Industrials,Capital Goods,0.14,2313405,US2910111044,20.36,11.8,7.65,15.18,20.8,1.69,3.27,"70,853",0.01,11/05/2024,1.47,1.47,1.48,1.77,2313405,EMR.N,Emerson Electric Co,Industrials,Capital Goods,Electrical Components & Equipment,71679842000.00,124.26,-1.15,-1.69,0.27,-6.29,14.09,13.85,30.10,30.10,1014676.07,13.62,46.17,20.42,24.45,3.09,0.02,0.00,0.40,26.14,1.70,2.15,20.50,6.08,"Emerson Electric Co. is a global technology and software company that provides solutions for customers in a wide range of end markets around the world. The Company operates through seven segments under two business groups, such as Intelligent Devices and Software and Control. Its Intelligent Devices business includes Final Control, Measurement & Analytical, Discrete Automation, and Safety & Productivity. Software and Control business includes Control Systems & Software, Test & Measurement, and AspenTech. Its Final Control segment is a global provider of control valves, isolation valves, shutoff valves, pressure relief valves, pressure safety valves, actuators, and regulators for process and hybrid industries. Its Measurement & Analytical segment is a supplier of intelligent instrumentation measuring the physical properties of liquids or gases. AspenTech segment provides asset optimization software that enables industrial manufacturers to design, operate and maintain their operations."
Constellation Energy Corporation,CEG,Utilities,Utilities,0.14,BMH4FS1,US21037T1097,25.23,15.9,14.79,5.45,27.4,0.62,5.63,"70,785",0.20,11/04/2024,2.66,2.66,2.74,1.72,BMH4FS1,CEG.OQ,Constellation Energy Corp,Utilities,Utilities,Electric Utilities,70854145337.46,226.32,-0.10,-1.01,-0.86,-11.79,-12.82,13.40,94.98,94.98,837387.40,22.30,24.98,25.08,132.84,5.21,0.02,0.00,NaN,54.81,0.62,1.63,24.86,9.02,"Constellation Energy Corporation is a producer of carbon-free energy and a supplier of energy products and services. The Company’s segments include Mid-Atlantic, Midwest, New York, ERCOT and Other Power Regions. Its generation fleet of nuclear, hydro, wind, and solar generation facilities has the generating capacity to power the equivalent of 16 million homes, producing about 10% of the carbon-free energy in the United States. Through its integrated business operations, it sells electricity, natural gas, and other energy-related products and sustainable solutions to various types of customers. The Company serves industries, including distribution utilities, municipalities, cooperatives, and commercial, industrial, public sector, and residential customers in markets across multiple geographic regions. The Company owns a 44% ownership interest in the jointly owned South Texas Project (STP), a 2,645 megawatt, dual-unit nuclear plant located in Bay City, Texas."
3M Company,MMM,Industrials,Capital Goods,0.14,2595708,US88579Y1010,16.32,2.7,-71.64,17.23,17.7,2.80,15.15,"70,319",0.07,10/22/2024,1.90,1.90,1.98,6.43,2595708,MMM.N,3M Co,Industrials,Capital Goods,Industrial Conglomerates,70890639459.26,129.13,-0.81,-1.56,0.12,-3.30,-5.03,27.72,46.15,46.15,929928.30,65.02,16.93,16.37,12.68,12.14,0.01,0.00,0.13,20.57,2.17,1.11,16.44,7.89,"3M Company is a diversified technology company. The Company is a manufacturer and marketer of a variety of products and services. The Company’s segments include Safety and Industrial, Transportation and Electronics, and Consumer. Its Safety and Industrial segment include abrasives, automotive aftermarket, closure and masking systems, electrical markets, personal safety, roofing granules, and industrial adhesives and tapes. This segment offers collision repair and paint spray products, and reclosable fasteners, tapes and label materials for durable goods. Its Transportation and Electronics segment includes advanced materials, automotive and aerospace, commercial solutions, display materials and systems, electronic materials solutions, and transportation safety. Its Consumer segment includes consumer and home improvement markets, home and auto care, and stationery and office. Its brands include 3M Cubitron II abrasives, Scotch-Brite, Filtrete, Command, Scotchgard, Post-it and others."
Illinois Tool Works Inc.,ITW,Industrials,Capital Goods,0.14,2457552,US4523081093,23.83,6.2,96.95,25.08,22.1,2.24,22.19,"75,251",0.04,10/30/2024,2.52,2.52,3.91,3.59,2457552,ITW.N,Illinois Tool Works Inc,Industrials,Capital Goods,Industrial Machinery & Supplies & Components,75759215000.00,254.83,-0.67,-1.52,-1.09,-8.18,-2.76,8.16,-1.07,-1.07,294622.97,102.64,22.04,23.80,27.13,24.55,0.00,0.00,0.23,14.90,2.35,1.91,23.81,10.71,"Illinois Tool Works Inc. is a global manufacturer of a diversified range of industrial products and equipment. The Company's segments include Automotive OEM; Food Equipment; Test & Measurement and Electronics; Welding; Polymers & Fluids; Construction Products, and Specialty Products. The Automotive OEM segment produces components and fasteners for automotive-related applications. The Food Equipment segment produces ware washing equipment, cooking equipment, refrigeration equipment, food processing equipment, kitchen exhaust, ventilation and pollution control systems and others. Its Welding segment produces arc welding equipment and metal arc welding consumables and related accessories. The Specialty Products segment offers conveyor systems and line automation for the food and beverage industries; plastic consumables that multi-pack cans and bottles and related equipment; airport ground support equipment; components for medical devices, and others."
"O'Reilly Automotive, Inc.",ORLY,Consumer Discretionary,Consumer Discretionary Distribution & Retail,0.14,B65LWX6,US67103H1077,26.26,11.6,--,20.17,28.9,--,--,"68,245",0.15,10/24/2024,11.48,11.48,11.41,2.50,B65LWX6,ORLY.OQ,O'Reilly Automotive Inc,Consumer Discretionary,Consumer Discretionary Distribution & Retail,Automotive Retail,69123845263.55,1179.92,-1.46,-2.23,-2.26,-5.09,2.46,11.73,24.19,24.19,136749.67,-80.34,29.19,26.25,35.92,-32.53,0.00,0.00,0.83,16.95,NULL,1.41,26.31,44.95,"O'Reilly Automotive, Inc. is a specialty retailer of automotive aftermarket parts, tools, supplies, equipment, and accessories in the United States, serving both the do-it-yourself and professional service provider markets. The Company's stores carry various product line, including new and remanufactured automotive hard parts and maintenance items, such as alternators, batteries, brake system components, belts, chassis parts, driveline parts, engine parts, fuel pumps, hoses, starters, temperature control, water pumps, antifreeze, appearance products, engine additives, filters, fluids, lighting, oil and wiper blades, and accessories, such as floor mats, seat covers and truck accessories. Its stores offer various enhanced services and programs to its customers, such as battery diagnostic testing; battery, wiper and bulb replacement; custom hydraulic hoses, and drum and rotor resurfacing. It operates approximately 6,157 stores across 48 states in United States, Puerto Rico and Mexico."
General Dynamics Corporation,GD,Industrials,Capital Goods,0.14,2365161,US3695501086,16.52,13.7,16.63,10.04,19.1,2.12,3.15,"72,421",0.21,10/23/2024,3.49,3.49,3.35,1.39,2365161,GD.N,General Dynamics Corp,Industrials,Capital Goods,Aerospace & Defense,73180148260.66,263.38,-1.04,-1.27,-0.68,-7.26,-12.43,-8.33,3.47,3.47,525239.37,17.27,20.07,16.50,21.66,3.05,-0.01,0.00,0.02,19.92,2.16,1.27,16.75,15.96,"General Dynamics Corporation is a global aerospace and defense company. The Company offers a portfolio of products and services in business aviation; ship construction and repair; land combat vehicles, weapons systems and munitions, and technology products and services. The Company’s segments include Aerospace, Marine Systems, Combat Systems and Technologies. The Aerospace segment produces business jets and the standard bearer in new technology aircraft, aircraft repair, support, and completion services. The Marine Systems segment designs and builds nuclear-powered submarines and offers in surface combatants and auxiliary ship design and construction for the United States Navy. The Combat Systems segment manufactures land combat solutions, including wheeled and tracked combat vehicles, weapons systems, and munitions. The Technologies segment provides a spectrum of services, technologies and products to market that seeks solutions combining electronic hardware with specialized software."
Capital One Financial Corp,COF,Financials,Financial Services,0.14,2654461,US14040H1059,11.61,14.1,8.28,12.30,13.1,1.35,1.08,"67,882",0.22,10/25/2024,3.77,3.77,4.51,0.93,2654461,COF.N,Capital One Financial Corp,Financials,Financial Services,Consumer Finance,68753930000.00,177.93,-1.27,-2.43,-1.13,-7.33,19.22,29.52,37.95,37.95,716755.67,8.48,16.80,11.35,9.50,1.10,0.02,0.00,0.69,34.92,1.35,4.09,11.29,15.67,"Capital One Financial Corporation is a diversified financial service holding company. The Company offers a range of financial products and services to consumers, small businesses and commercial clients through digital channels, branch locations, cafes, and other distribution channels. The Company operates through three segments: Credit Card, Consumer Banking and Commercial Banking. The Credit Card segment consists of its domestic consumer and small business card lending, and international card businesses in the United Kingdom and Canada. The Consumer Banking segment consists of its deposit gathering and lending activities for consumers and small businesses, and national auto lending. The Commercial Banking segment consists of its lending, deposit gathering, capital markets and treasury management services to commercial real estate and commercial and industrial customers. Its subsidiary includes Capital One, National Association, and Capital One Bank (USA), National Association."
"EOG Resources, Inc.",EOG,Energy,Energy,0.14,2318024,US26875P1012,11.18,-3.5,28.73,37.67,10.5,4.26,2.30,"68,094",0.12,11/08/2024,2.78,2.78,2.89,--,2318024,EOG.N,EOG Resources Inc,Energy,Energy,Oil & Gas Exploration & Production,67719029484.40,120.58,0.15,0.14,0.61,-9.52,-1.21,-2.85,2.62,2.62,1088221.07,22.56,9.72,11.01,8.66,2.16,-0.05,0.00,1.90,24.11,3.23,2.36,10.91,10.95,"EOG Resources, Inc. is a crude oil and natural gas exploration and production company. It explores, develops, produces, and markets crude oil, natural gas liquids (NGLs) and natural gas primarily in major producing basins in the United States, the Republic of Trinidad and Tobago (Trinidad) and, from time to time, selects other international areas. Its operations are located in the basins of the United States with a focus on crude oil and, to a lesser extent, natural gas plays. It is focused on the Wolfcamp, Bone Spring, and Leonard plays. The South Texas area includes its Eagle Ford play and its Dorado gas play. It holds approximately 535,000 total net acres in the Eagle Ford play and approximately 160,000 net acres in the Dorado gas play. In Trinidad, the Company, through its subsidiaries, including EOG Resources Trinidad Limited, holds interests in the exploration and production licenses covering the South East Coast Consortium (SECC) Block, Pelican and Banyan Fields, and others."
"Williams Companies, Inc.",WMB,Energy,Energy,0.13,2967181,US9694571004,25.97,5.6,27.48,32.23,28.5,3.46,5.33,"66,021",0.03,11/07/2024,0.42,0.42,0.43,5.11,2967181,WMB.N,Williams Companies Inc,Energy,Energy,Oil & Gas Storage & Transportation,65753496384.12,54.16,0.41,0.37,0.20,-6.64,19.68,29.90,62.48,62.48,2564799.80,15.97,22.97,25.88,33.23,5.33,0.01,0.00,0.72,21.26,3.51,1.40,25.86,2.09,"The Williams Companies, Inc. is an energy company. Its segments include Transmission & Gulf of Mexico, Northeast G&P, West, and Gas & NGL Marketing Services. Transmission & Gulf of Mexico segment comprises of its interstate natural gas pipelines, Transco and Northwest Pipeline, as well as natural gas gathering and processing and crude oil production handling and transportation assets in the Gulf Coast region. The Northeast G&P segment comprises of its midstream gathering, processing and fractionation businesses in the Marcellus Shale region, and the Utica Shale region of eastern Ohio. West segment comprises of its gas gathering, processing, and treating operations in the Rocky Mountain region of Colorado and Wyoming, the Barnett Shale region of north-central Texas, the Eagle Ford Shale region of South Texas, the Haynesville Shale region, and the Mid-Continent region. The Gas & NGL Marketing Services segment includes its natural gas liquids (NGL) and natural gas marketing services."
"Becton, Dickinson and Company",BDX,Health Care,Health Care Equipment & Services,0.13,2087807,US0758871091,15.37,9.1,6.60,15.30,15.7,1.68,2.53,"65,484",0.02,11/07/2024,3.77,3.77,3.81,1.73,2087807,BDX.N,Becton Dickinson and Co,Health Care,Health Care Equipment & Services,Health Care Equipment,66263876281.26,226.51,-0.87,-0.71,0.03,2.55,-5.61,-2.24,-5.55,-5.55,523003.77,14.41,38.63,15.36,19.99,2.42,0.02,0.00,-0.03,16.71,1.84,0.91,15.35,14.74,"Becton, Dickinson and Company is a global medical technology company. The Company is engaged in the development, manufacture and sale of a broad range of medical supplies, devices, laboratory equipment and diagnostic products used by healthcare institutions, physicians, life science researchers, and others. Its BD Medical segment produces an array of medical technologies and devices that are used to help improve healthcare delivery in a range of settings. The BD Medical segment consists of various business units, including medication delivery solutions, medication management solutions, advanced monitoring solutions and pharmaceutical systems. The Company's BD Life Sciences segment provides products for the collection and transport of diagnostics specimens, and instruments and reagent systems to detect a range of infectious diseases, healthcare-associated infections and cancers. Its BD Interventional segment provides vascular, urology, oncology and surgical specialty products."
"Marriott International, Inc. Class A",MAR,Consumer Discretionary,Consumer Services,0.13,2210614,US5719032022,26.44,5.4,--,16.55,30.3,0.86,--,"78,094",0.03,11/04/2024,2.31,2.31,2.26,5.63,2210614,MAR.OQ,Marriott International Inc,Consumer Discretionary,Consumer Services,"Hotels, Resorts & Cruise Lines",78827250921.12,280.31,-1.18,-2.18,-1.17,-3.04,13.01,16.53,25.54,25.54,507925.13,-232.95,29.31,26.45,42.67,-19.10,0.02,0.00,0.11,20.65,0.90,1.92,26.53,10.60,"Marriott International, Inc. is an operator, franchisor, and licensor of hotel, residential, timeshare, and other lodging properties under various brand names. The Company's segments include U.S. & Canada, Europe, Middle East, and Africa, Asia Pacific excluding China, and Greater China. Its Classic Luxury hotel brands include JW Marriott, The Ritz-Carlton, and St. Regis. Its Distinctive Luxury hotel brands include The Luxury Collection, W Hotels, EDITION, and Bvlgari. Its Classic Premium brands include Marriott Hotels, Sheraton, Delta Hotels by Marriott, Marriott Executive Apartments, and Marriott Vacation Club. Its Distinctive Premium brands include Westin, Autograph Collection Hotels, Renaissance Hotels, Le Meridien, Tribute Portfolio, Gaylord Hotels, and Apartments by Marriott Bonvoy. Classic Select hotel brands include Courtyard, SpringHill Suites, TownePlace Suites, and Protea Hotels. Its Midscale brands include City Express by Marriott and Four Points Express by Sheraton."
"Air Products and Chemicals, Inc.",APD,Materials,Materials,0.13,2011602,US0091581068,21.93,7.8,24.51,23.90,22.5,2.45,3.77,"64,197",0.05,11/07/2024,3.47,3.47,3.56,2.88,2011602,APD.N,Air Products and Chemicals Inc,Materials,Materials,Industrial Gases,65116112635.00,288.69,-1.41,-2.17,-1.66,-13.65,-2.45,13.36,7.62,7.62,490337.20,16.53,16.74,21.96,28.08,3.53,-0.02,0.00,0.25,21.43,2.45,1.26,21.94,13.14,"Air Products and Chemicals, Inc. is an industrial gases company. The Company is focused on serving energy, environmental, and emerging markets. Its base business provides essential industrial gases, related equipment and applications expertise to customers in dozens of industries, including refining, chemicals, metals, electronics, manufacturing, and food. The Company also develops, engineers, builds, owns and operates clean hydrogen projects supporting the transition to low- and zero-carbon energy in the heavy-duty transportation and industrial sectors. In addition, the Company provides turbomachinery, membrane systems and cryogenic containers globally. The Company has operations in approximately 50 countries. Its industries include aerospace, analytical labs & research/science, automotive, beverages, bioenergy, biotechnology, cement and lime, chemicals, electronics, food, glass and frit, hydrogen energy, medical, metals and materials processing, metals production, medical and others."
"Autodesk, Inc.",ADSK,Information Technology,Software & Services,0.13,2065159,US0527691069,32.49,17.5,60.40,20.46,35.8,--,24.45,"63,969",0.02,11/27/2024,2.11,2.11,2.17,2.04,2065159,ADSK.OQ,Autodesk Inc,Information Technology,Software & Services,Application Software,63981850000.00,297.53,-0.02,-0.92,0.01,1.93,8.00,20.24,22.20,22.20,602943.10,70.16,59.11,32.52,60.56,16.42,0.02,0.00,4.05,24.68,NULL,1.43,32.52,9.15,"Autodesk, Inc. is engaged in three-dimensional (3D) design, engineering and entertainment technology solutions, spanning architecture, engineering, construction, product design, manufacturing, media and entertainment. Its product offerings are focused on four primary product families: Architecture, Engineering and Construction, AutoCAD and AutoCAD LT, Manufacturing, and Media and Entertainment. Its products include AutoCAD Civil 3D; Building Connected; Autodesk Build; Revit; Computer-Aided Manufacturing (CAM) Solutions; Fusion 360; Product Design and Manufacturing Collection; Inventor; Vault; Maya; ShotGrid and 3ds Max. Its product development and manufacturing software provides manufacturers in automotive, transportation, industrial machinery, consumer products, and building product industries with comprehensive digital design, engineering, manufacturing, and production solutions. It also offers Wonder Studio, which is a cloud-based 3D animation and VFX solution."
Northrop Grumman Corp.,NOC,Industrials,Capital Goods,0.13,2648806,US6668071029,16.62,19.1,13.66,6.46,18.0,1.68,4.61,"68,025",0.12,10/24/2024,6.08,6.08,7.00,0.94,2648806,NOC.N,Northrop Grumman Corp,Industrials,Capital Goods,Aerospace & Defense,68673499451.70,466.52,-1.02,-1.21,-0.15,-4.32,-11.28,7.89,1.32,1.32,246193.10,25.46,28.91,16.65,18.93,4.29,0.03,0.00,0.21,15.86,1.77,1.40,16.66,28.02,"Northrop Grumman Corporation is a global aerospace and defense technology company. The Company operates through four segments: Aeronautics Systems, Defense Systems, Mission Systems and Space Systems. The Aeronautics Systems segment is engaged in the design, development, production, integration, sustainment and modernization of advanced aircraft systems for the United States Air Force, the United States Navy, and international customers. The Defense Systems segment is engaged in the design, development, production, integration, and production of advanced tactical weapons and missile defense solutions, and a provider of sustainment, modernization and training services for manned and unmanned aircraft and electronics systems. The Mission Systems segment is engaged in advanced mission solutions and multifunction systems. The Space Systems segment is engaged in the design, development, integration, production and operation of space, missile defense, launch and strategic missile systems."
FedEx Corporation,FDX,Industrials,Transportation,0.13,2142784,US31428X1063,13.20,13.3,16.12,7.25,14.6,1.88,2.55,"67,571",0.24,12/20/2024,4.03,4.03,4.05,1.10,2142784,FDX.N,FedEx Corp,Industrials,Transportation,Air Freight & Logistics,67524875057.08,280.55,0.07,0.68,4.29,-6.85,3.02,-5.51,13.17,13.17,480576.63,15.55,17.88,13.49,13.68,2.32,0.00,0.00,0.33,32.73,1.97,1.45,13.48,20.80,"FedEx Corporation provides customers and businesses with a portfolio of transportation, e-commerce, and business services. The Company offers integrated business solutions utilizing its flexible and efficient global network. Its segments include FedEx Express, FedEx Ground, FedEx Freight, and FedEx Services. FedEx Express segment includes express transportation, small-package ground delivery, and freight transportation. FedEx Ground segment is a provider of small-package ground delivery services. It provides dependable business-to-business delivery, and convenient residential service through FedEx Home Delivery and FedEx Ground Economy. FedEx Freight segment provides less-than-truckload freight services with coverage throughout the United Services, Canada, Mexico, Puerto Rico, and to the United States Virgin Islands. The FedEx Services segment provides sales, marketing, information technology, communications, customer service, technical support, and billing and collection services."
Cintas Corporation,CTAS,Industrials,Commercial & Professional Services,0.13,2197137,US1729081059,40.13,12.0,38.28,21.56,42.6,0.79,17.26,"74,114",0.01,12/19/2024,1.01,1.01,1.09,3.55,2197137,CTAS.OQ,Cintas Corp,Industrials,Commercial  & Professional Services,Diversified Support Services,73989061520.00,183.68,0.17,-0.78,-1.84,-18.65,-10.62,5.32,22.89,22.89,936796.77,40.20,46.40,40.06,64.48,15.32,0.04,0.00,0.53,27.04,0.85,1.47,40.05,4.58,"Cintas Corporation develops uniform programs using fabric. The Company helps businesses of all types and sizes, primarily in the United States, as well as Canada and Latin America. The Company operates through two segments: Uniform Rental and Facility Services segment and the First Aid and Safety Services segment. The Uniform Rental and Facility Services segment consists of the rental and servicing of uniforms and other garments, including flame resistant clothing, mats, mops and shop towels and other ancillary items. This segment also includes restroom cleaning services and supplies and the sale of items from its catalogs to its customers. The First Aid and Safety Services segment consists of first aid and safety products and services. The remainder of its segments, which consists of the Fire Protection Services segment and the Uniform Direct Sale segment, is included in All Other. It provides its products and services to small service and manufacturing companies and to corporations."
Target Corporation,TGT,Consumer Staples,Consumer Staples Distribution & Retail,0.12,2259101,US87612E1064,14.78,5.9,33.55,5.41,15.7,3.29,4.28,"62,021",0.06,11/20/2024,2.30,2.30,1.85,2.68,2259101,TGT.N,Target Corp,Consumer Staples,Consumer Staples Distribution & Retail,Consumer Staples Merchandise Retail,62087716379.50,135.05,-0.33,-0.98,2.37,2.07,-12.55,-7.29,-2.25,-2.25,1788281.03,27.69,14.31,14.71,10.19,4.04,-0.11,0.00,1.46,48.27,3.32,2.76,14.69,9.18,"Target Corporation is a general merchandise retailer selling products to its guests through its stores and digital channels. The Company serves guests at nearly 2,000 stores and at Target.com. It offers to its customers, referred to as guests, everyday essentials and fashionable, differentiated merchandise at discounted prices. The majority of its stores offer a wide assortment of general merchandise and food. Its merchandise categories include apparel and accessories, beauty and household essentials, food and beverage, hardlines, and home furnishings and decor. Most of its stores larger than 170,000 square feet offer a variety of general merchandise and a full line of food items comparable to traditional supermarkets. Its digital channels include a wide merchandise and food assortment, including many items found in its stores, along with a complementary assortment sold by the Company and third parties. Its brands include A New Day, Ava & Viv, Cloud Island, Favorite Day, and others."
CSX Corporation,CSX,Industrials,Transportation,0.12,2160753,US1264081035,15.97,7.2,30.03,37.72,17.5,1.49,4.79,"61,999",0.01,10/17/2024,0.48,0.48,0.46,2.44,2160753,CSX.OQ,CSX Corp,Industrials,Transportation,Rail Transportation,62596485706.38,32.15,-0.96,-1.14,-0.22,-12.04,-6.59,-3.23,-6.01,-6.01,4209982.83,30.34,17.33,15.96,17.07,4.71,-0.04,0.00,0.36,25.82,1.49,1.77,16.28,2.01,"CSX Corp. is a transportation company. The Company provides rail-based freight transportation services, including traditional rail service, the transport of intermodal containers and trailers, as well as other transportation services, such as rail-to-truck transfers and bulk commodity operations. It provides rail, intermodal and rail-to-truck transload services and solutions to customers across a broad array of markets, including energy, industrial, construction, agricultural, and consumer products. Through its subsidiary, CSX Transportation, Inc. (CSXT), it provides a link to the transportation supply chain through its approximately 20,000-route mile rail network and serves major population centers in 26 states east of the Mississippi River, the District of Columbia and the Canadian provinces of Ontario and Quebec. CSXT is also engaged in real estate sales, leasing, acquisition and management and development activities. It serves merchandise, intermodal, coal, and trucking businesses."
"Fortinet, Inc.",FTNT,Information Technology,Software & Services,0.12,B5B2106,US34959E1091,39.24,17.2,--,23.31,42.4,--,80.21,"72,841",0.01,11/08/2024,0.52,0.52,0.63,2.46,B5B2106,FTNT.OQ,Fortinet Inc,Information Technology,Software & Services,Systems Software,73640775223.84,95.13,-0.99,-2.22,-1.34,0.08,22.67,57.84,62.53,62.53,1958025.73,305.71,47.95,39.06,82.92,22.05,0.10,0.00,1.38,28.68,NULL,1.99,39.79,2.44,"Fortinet, Inc. provides an integrated platform, the Fortinet Security Fabric, that spans networking, unified Secure Access Service Edge (SASE) and AI-driven security operations to deliver cybersecurity where customers need it. It offers solutions to enterprises, such as in the financial services, retail and operational technology market verticals, communication and security service providers, government organizations and small and medium-sized businesses. Its Secure Networking solutions focuses on the convergence of networking and security via its network firewall and its switches, access points and other secure connectivity solutions. Its Unified SASE solution is a single-vendor SASE solution that includes Firewall, SD-WAN, Secure Web Gateway, Cloud Access Services Broker, and Data Loss Prevention, Zero Trust Network Access and cloud security. Its Security Operations solutions are delivered as a platform that automates detection and response to accelerate discovery and remediation."
Hilton Worldwide Holdings Inc.,HLT,Consumer Discretionary,Consumer Services,0.12,BYVMW06,US43300A2033,31.18,8.1,--,22.11,35.3,0.24,--,"60,713",0.02,10/23/2024,1.84,1.84,1.92,4.34,BYVMW06,HLT.N,Hilton Worldwide Holdings Inc,Consumer Discretionary,Consumer Services,"Hotels, Resorts & Cruise Lines",60930324711.64,248.20,-0.70,-1.41,-1.00,-2.07,7.74,13.90,36.68,36.68,440882.40,-51.07,53.25,31.01,54.76,-11.71,0.01,0.00,0.17,17.95,0.24,1.73,31.01,8.00,"Hilton Worldwide Holdings Inc. is a global hospitality company that is engaged in managing, franchising, owning and leasing hotels and resorts, and licensing its intellectual property, including brand names, trademarks and service marks. It has a portfolio of approximately 22 brands comprising more than 7,500 properties and more than 1.2 million rooms, in 126 countries and territories. It has two segments: management and franchise and ownership. The management and franchise segment includes all of the hotels it manages for third-party owners, as well as all franchised hotels that licenses its intellectual property (IP), including its brand names, trademarks and service marks, and where it provides other contracted services to third-party owners. Its brands include Waldorf Astoria Hotels & Resorts, LXR Hotels & Resorts, Conrad Hotels & Resorts, Canopy by Hilton, Curio Collection by Hilton, Tapestry Collection by Hilton, Tempo by Hilton, Hilton Hotels & Resorts and DoubleTree by Hilton."
Ecolab Inc.,ECL,Materials,Materials,0.12,2304227,US2788651006,31.29,14.3,17.96,14.10,35.2,0.97,7.77,"66,416",0.03,10/29/2024,1.82,1.82,1.83,2.46,2304227,ECL.N,Ecolab Inc,Materials,Materials,Specialty Chemicals,67324553609.92,234.52,-1.36,-2.02,-1.91,-5.48,-7.91,-0.98,19.39,19.39,399462.60,21.61,32.89,31.30,52.53,7.28,0.02,0.00,-0.24,15.05,1.11,0.68,31.22,7.49,"Ecolab Inc. is engaged in offering water, hygiene and infection prevention solutions and services that protect people and the resources vital to life. The Company’s Global Industrial segment provides water treatment and process applications, and cleaning and sanitizing solutions primarily to large industrial customers within the manufacturing, food and beverage processing, transportation, chemical, primary metals and mining, power generation, pulp and paper, commercial laundry, global petroleum and petrochemical industries. Its Global Institutional & Specialty segment provides specialized cleaning and sanitizing products to the foodservice, hospitality, lodging, government and education and retail industries. Its Global Healthcare & Life Sciences segment provides specialized cleaning and sanitizing products to the healthcare, personal care, and pharmaceutical industries. Its Global Pest Elimination segment provides services designed to detect, prevent, and eliminate pests."
General Motors Company,GM,Consumer Discretionary,Automobiles & Components,0.12,B665KZ5,US37045V1008,5.03,7.1,15.17,5.41,5.2,0.84,0.83,"59,026",0.25,10/22/2024,2.38,2.38,2.96,0.73,B665KZ5,GM.N,General Motors Co,Consumer Discretionary,Automobiles & Components,Automobile Manufacturers,59686062195.20,53.66,-1.14,-0.96,2.09,-3.25,19.94,16.05,50.94,50.94,3519456.30,16.81,5.73,5.03,7.47,0.72,0.08,0.00,0.50,35.63,0.89,3.34,5.03,10.67,"General Motors Company designs, builds and sells trucks, crossovers, cars and automobile parts and provides software-enabled services and subscriptions worldwide. The Company provides automotive financing services through its General Motors Financial Company, Inc. (GM Financial) segment. GM North America (GMNA) and GM International (GMI) develop, manufacture and/or markets vehicles under the Buick, Cadillac, Chevrolet and GMC brands. The Company's segments include GMNA, GMI, Cruise and GM Financial. Its Cruise segment is engaged in the development and commercialization of autonomous vehicle technology. Its software-enabled services and subscriptions, including OnStar, our advanced driver-assistance systems (ADAS), including Super Cruise driver assistance technology, and its end-to-end software platform. The Company is also focused on investing in electric vehicles (EVs) and AVs, software-enabled services and subscriptions and new business opportunities."
"ONEOK, Inc.",OKE,Energy,Energy,0.12,2130109,US6826801036,16.77,7.4,23.14,23.59,19.7,3.93,3.49,"58,873",0.08,10/30/2024,1.23,1.23,1.18,2.66,2130109,OKE.N,ONEOK Inc,Energy,Energy,Oil & Gas Storage & Transportation,58910065435.44,100.78,-0.05,-0.46,-0.19,-11.29,11.76,26.40,50.74,50.74,1082045.80,16.41,21.09,16.73,26.59,2.76,0.03,0.00,0.24,25.76,3.93,2.65,16.08,6.03,"Oneok, Inc. is a midstream service provider of gathering, processing, fractionation, transportation, storage, and marine export services. Its segments include Natural Gas Gathering and Processing; Natural Gas Liquids; Natural Gas Pipelines, and Refined Products and Crude. The Natural Gas Gathering and Processing segment provides midstream services to producers in North Dakota, Montana, Wyoming, Kansas, and Oklahoma. The Natural Gas Liquids segment owns and operates facilities that gather, fractionate, treat and distribute natural gas liquids (NGLs) and store Purity NGLs, primarily in Oklahoma, Kansas, Texas, New Mexico and the Rocky Mountain region, which includes the Williston, Powder River and DJ Basins. The Natural Gas Pipelines segment transports and stores natural gas. The Refined Products and Crude segment transports, stores and distributes refined Products and crude oil, as well as conducts certain commodity-related activities including liquids blending and marketing activities."
Truist Financial Corporation,TFC,Financials,Banks,0.12,BKP7287,US89832Q1094,10.99,9.7,-2.73,18.79,13.0,4.80,0.98,"57,575",0.03,10/17/2024,0.91,0.91,0.99,1.34,BKP7287,TFC.N,Truist Financial Corp,Financials,Banks,Regional Banks,57972842070.00,43.37,-0.69,-1.43,-0.39,-9.04,2.57,14.33,23.69,23.69,2289399.53,8.50,NULL,10.95,8.74,0.92,0.00,0.00,0.22,27.43,4.80,1.53,11.04,3.96,"Truist Financial Corporation is a financial services company. As a commercial bank, Truist offers a range of products and services through its wholesale and consumer businesses, including consumer and small business banking, commercial banking, corporate and investment banking, wealth management, payments, and specialized lending businesses. Its segments include Consumer and Small Business Banking (CSBB) and Wholesale Banking (WB). The CSBB segment serves consumer and small business clients, providing deposits and payment services, credit cards, loans, and mortgages through an extensive network of branches, ATMs, digital channels, contact centers, and other channels. The CSBB segment also serves as an entry point for clients to access services from other businesses. The WB segment is focused on providing core banking, cash management, payments, specialized lending, investment banking, capital markets, strategic advisory, and market-making."
Royal Caribbean Group,RCL,Consumer Discretionary,Consumer Services,0.12,2754907,LR0008862868,16.07,--,44.70,20.92,19.9,0.17,8.88,"62,581",0.08,10/29/2024,5.04,5.04,5.20,--,2754907,RCL.N,Royal Caribbean Cruises Ltd,Consumer Discretionary,Consumer Services,"Hotels, Resorts & Cruise Lines",62569957100.40,232.75,0.02,-2.11,-1.92,-4.41,31.54,46.67,80.58,80.58,596591.93,50.28,24.56,16.12,-30.09,5.75,0.10,0.00,-1.81,31.99,0.95,4.34,16.04,14.44,"Royal Caribbean Cruises Ltd. is a cruise company. The Company owns and operates three global cruise brands: Royal Caribbean International, Celebrity Cruises and Silversea Cruises. It also has interest in TUI Cruises GmbH, which operates the German brands TUI Cruises and Hapag-Lloyd Cruises. The Company’s ships offer a selection of worldwide itineraries that call on approximately 1,000 destinations on all seven continents. Royal Caribbean International offers cruises and land destinations that generally feature a casual ambiance, as well as a variety of activities and entertainment venues. Celebrity Cruises offers a range of itineraries to destinations, including Alaska, Asia, Australia, Bermuda, Canada, the Caribbean, Europe, the Galapagos Islands, Hawaii, New Zealand, the Panama Canal and South America, with cruise lengths ranging from three to 18 nights. It also offers a range of land-based vacation experiences through Perfect Day at CocoCay and Royal Beach Club collection."
"Airbnb, Inc. Class A",ABNB,Consumer Discretionary,Consumer Services,0.11,BMGYYH4,US0090661010,30.02,15.0,69.83,15.34,33.1,--,9.74,"82,645",0.10,11/08/2024,2.14,2.14,2.13,2.21,BMGYYH4,ABNB.OQ,Airbnb Inc,Consumer Discretionary,Consumer Services,"Hotels, Resorts & Cruise Lines",83335165201.40,131.81,-1.18,-2.59,-2.01,-3.16,3.94,-13.07,-3.18,-3.18,1697433.57,35.94,46.27,29.86,50.84,8.44,-0.02,0.00,NaN,30.64,NULL,2.43,29.99,4.41,"Airbnb, Inc. operates a global platform for stays and experiences. The Company’s marketplace model connects hosts and guests online or through mobile devices to book spaces and experiences around the world. It built its platform to onboard new hosts, especially those who previously had not considered hosting. It partners with hosts throughout the process of setting up their listing and provides them with a suite of tools to manage their listings, including scheduling, merchandising, integrated payments, community support, host protection, pricing guidance, and feedback from reviews. Its Website and mobile applications provide its guests with a way to explore a variety of homes and experiences and an easy way to book them. Its technology platform powers its two-sided marketplace and enables its global network of hosts and guests. The Company owns a trademark portfolio with protection in 170 countries in which it operates for its primary brands, AIRBNB, and its Belo logo."
Carrier Global Corp.,CARR,Industrials,Capital Goods,0.11,BK4N0D7,US14448C1045,22.52,8.8,16.42,9.87,27.1,1.11,4.63,"68,033",0.02,10/24/2024,0.81,0.81,0.77,3.09,BK4N0D7,CARR.N,Carrier Global Corp,Industrials,Capital Goods,Building Products,61818965172.90,68.23,-0.97,-2.02,-0.81,-11.52,-14.73,8.80,20.20,20.20,1612146.57,26.37,38.87,22.53,29.18,4.86,-0.01,0.00,NaN,27.53,1.32,1.20,22.46,3.03,"Carrier Global Corporation is engaged in offering intelligent climate and energy solutions with a focus on providing differentiated, digitally enabled lifecycle solutions to its customers. The Company operates through two segments: HVAC and Refrigeration. Its HVAC segment provides products, controls, services and solutions to meet the heating, cooling and ventilation needs of residential and commercial customers. Its Refrigeration segment includes transport refrigeration and monitoring products, services and digital solutions for trucks, trailers, shipping containers, intermodal and rail. The Company's portfolio includes brands, such as Carrier, Viessmann, Toshiba, Automated Logic and Carrier Transicold. The Company also provides an array of related building services, including audit, design, installation, system integration, repair, maintenance and monitoring."
Bank of New York Mellon Corp,BK,Financials,Financial Services,0.11,B1Z77F6,US0640581007,11.80,13.4,8.43,11.69,13.3,2.31,1.49,"56,065",0.03,10/11/2024,1.41,1.41,1.50,1.00,B1Z77F6,BK.N,Bank of New York Mellon Corp,Financials,Financial Services,Asset Management & Custody Banks,56399440460.00,77.11,-0.59,-1.58,-0.59,-5.81,7.97,30.51,52.43,52.43,1229027.60,12.25,17.24,11.76,24.79,1.34,0.06,0.00,-0.22,17.05,2.44,1.32,11.84,6.56,"The Bank of New York Mellon Corporation is a global financial services company. The Company’s business segment includes Securities Services, Market and Wealth Services and Investment and Wealth Management. The Securities Services business segment consists of Asset Servicing and Issuer Services, which provide business solutions across the transaction life cycle to its global asset owner and asset manager clients. The Market and Wealth Services business segment consists of three lines of business, Pershing, Treasury Services and Clearance and Collateral Management, which provide business services and technology solutions. Its Investment and Wealth Management business segment deliver a diversified portfolio of investment strategies independently, and through its global distribution network, to institutional and retail clients globally. It provides investment management, custody, wealth and estate planning, private banking services, investment servicing and information management."
"Workday, Inc. Class A",WDAY,Information Technology,Software & Services,0.11,B8K6ZD1,US98138H1014,31.60,20.8,20.21,1.68,36.6,--,8.35,"69,692",0.08,11/27/2024,1.78,1.78,1.89,1.76,B8K6ZD1,WDAY.OQ,Workday Inc,Information Technology,Software & Services,Application Software,70819840000.00,262.00,-1.59,-2.74,-1.28,4.80,7.20,17.19,-5.09,-5.09,1948108.77,17.34,36.13,31.65,66.99,6.39,0.04,0.00,2.08,34.19,NULL,2.18,31.34,8.28,"Workday, Inc. is a provider of enterprise cloud applications for finance and human resources. The Company provides approximately 10,000 organizations with software-as-a-service solutions to help solve business challenges, including supporting and empowering their workforce, managing their finances and spending in an ever-changing environment, and planning for the unexpected. The Company provides organizations with a unified system that can help them plan, execute, analyze, and extend to other applications and environments, thereby helping them continuously adapt how they manage their business and operations. The Company sells its solutions worldwide primarily through direct sales. The Company also offers professional services, both directly and through its Workday Services Partners to help customers deploy its solutions. The Company offers applications for Financial Management, Spend Management, Human Capital Management (HCM), Planning, and Analytics and Benchmarking."
"Roper Technologies, Inc.",ROP,Information Technology,Software & Services,0.11,2749602,US7766961061,26.05,10.0,8.17,28.25,28.5,0.58,3.00,"55,574",0.02,10/23/2024,4.53,4.53,4.62,2.85,2749602,ROP.OQ,Roper Technologies Inc,Information Technology,Software & Services,Application Software,56178424500.41,519.87,-0.77,-1.40,-0.97,-8.22,-6.44,-7.52,-4.11,-4.11,217890.70,9.50,38.30,25.93,36.77,2.79,0.02,0.00,0.09,16.75,0.63,0.91,25.74,20.05,"Roper Technologies, Inc. is a diversified technology company. The Company operates businesses that design and develop vertical software and technology-enabled products for a variety of defensible niche markets. It operates through three segments: Application Software, Network Software and Technology Enabled Products. The Application Software segment includes Aderant, CBORD, Clinisys, Data Innovations, Deltek, Frontline, IntelliTrans, PowerPlan, Strata and Vertafore. The Network Software segment includes ConstructConnect, DAT, Foundry, iPipeline, iTradeNetwork, Loadlink, MHA, SHP and SoftWriters. The Technology Enabled Products segment includes CIVCO Medical Solutions, FMI, Inovonics, IPA, Neptune, Northern Digital, rf IDEAS and Verathon. Aderant is a comprehensive management software solution for law and other professional services firms. ConstructConnect is a cloud-based data, collaboration, and estimating automation software solutions to a network of pre-construction contractors."
Sempra,SRE,Utilities,Utilities,0.11,2138158,US8168511090,16.93,7.4,11.22,19.43,18.3,2.81,1.92,"55,311",0.06,11/06/2024,1.05,1.05,0.89,2.46,2138158,SRE.N,Sempra,Utilities,Utilities,Multi-Utilities,55593453401.28,87.35,-0.48,-0.30,0.36,-6.11,5.16,16.50,20.61,20.61,1136471.63,9.73,19.23,16.95,19.67,1.60,0.01,0.00,0.43,19.23,2.84,2.54,16.95,5.15,"Sempra is a North American energy infrastructure company. The Company's businesses invest in, develop and operate energy infrastructure, and provide electric and gas services to customers. The Company's segments include Sempra California, Sempra Texas Utilities and Sempra Infrastructure. The Sempra California segment provides natural gas and electric service to Southern California and part of central California through its subsidiaries, SDG&E and SoCalGas. The Sempra Texas Utilities segment holds its investment in Oncor Holdings, which owns over 80.25% interest in Oncor, a regulated electric transmission and distribution utility serving customers in the north-central, eastern, western and panhandle regions of Texas, and its indirect 50% interest in Sharyland Holdings, which owns Sharyland Utilities, a regulated electric transmission utility serving customers near the Texas-Mexico border. The Sempra Infrastructure segment develops, builds, operates and invests in energy infrastructure."
CVS Health Corporation,CVS,Health Care,Health Care Equipment & Services,0.11,2577609,US1266501006,7.27,-3.7,11.32,4.35,8.3,6.05,0.74,"55,277",0.33,11/06/2024,1.44,1.44,1.09,--,2577609,CVS.N,CVS Health Corp,Health Care,Health Care Equipment & Services,Health Care  Services,55986556126.05,43.94,-1.24,-2.18,-0.45,-26.58,-29.32,-23.89,-42.01,-42.01,2952215.60,7.95,11.16,7.22,5.09,0.70,-0.15,0.00,0.23,39.27,6.05,1.51,7.29,6.09,"CVS Health Corporation is a health solutions company. The Company operates in four segments: Health Care Benefits, Health Services, Pharmacy & Consumer Wellness, and Corporate/Other. Its Health Care Benefits segment offer a range of traditional, voluntary and consumer-directed health insurance products and related services, including medical, pharmacy, dental and behavioral health plans, medical management capabilities, Medicare Advantage and Medicare supplement plans, and Medicaid health care management services. Its Health Services segment provides a full range of pharmacy benefit management solutions, delivers health care services in its medical clinics, virtually, and in the home, and offers provider enablement solutions. The Pharmacy & Consumer Wellness segment dispenses prescriptions in its retail pharmacies and through its infusion operations, provides ancillary pharmacy services, including pharmacy patient care programs, diagnostic testing and vaccination administration."
"Digital Realty Trust, Inc.",DLR,Real Estate,Equity Real Estate Investment Trusts (REITs),0.11,B03GQS4,US2538681030,141.29,-0.1,5.15,13.28,125.2,2.77,2.85,"58,390",0.06,10/25/2024,0.26,0.26,0.12,--,B03GQS4,DLR.N,Digital Realty Trust Inc,Real Estate,Equity Real Estate Investment Trusts (REITs),Data Center REITs,59091283632.84,176.22,-1.08,-1.83,-1.26,-9.36,9.61,17.56,35.04,35.04,661941.93,2.62,139.33,148.21,122.00,2.92,-0.16,0.00,-0.10,24.58,2.77,2.11,146.92,1.19,"Digital Realty Trust, Inc. operates as a real estate investment trust. The Company is engaged in the business of owning, acquiring, developing, and operating data centers. It is a global provider of data center, colocation, and interconnection solutions for customers across a variety of industry verticals ranging from cloud and information technology services, social networking and communications to financial services, manufacturing, energy, healthcare, and consumer products. Through its PlatformDIGITAL, which is a global data center platform that provides customers with a secure data meeting place and a proven Pervasive Datacenter Architecture (PDx) solution methodology for powering innovation and efficiently managing Data Gravity challenges. The Company’s data centers are located across the United States, Europe, Latin America, Africa, Asia, Australia, and Canada. It also owns a highly connected colocation data center in the Slough Trading Estate."
"Freeport-McMoRan, Inc.",FCX,Materials,Materials,0.11,2352118,US35671D8570,17.85,26.1,11.42,26.79,25.1,1.57,3.12,"54,836",0.04,10/22/2024,0.36,0.36,0.38,0.96,2352118,FCX.N,Freeport-McMoRan Inc,Materials,Materials,Copper,55839010810.60,38.16,-1.80,-2.63,-2.78,-13.67,-23.32,-21.00,-9.20,-9.20,3092172.23,13.13,27.53,18.27,16.12,2.47,0.00,0.00,-894.12,34.70,1.57,1.71,17.95,2.09,"Freeport-McMoRan Inc. is an international mining company. The Company operates geographically diverse assets with significant proven and probable reserves of copper, gold and molybdenum. Its portfolio of assets includes the Grasberg minerals district in Indonesia, which is a copper and gold deposits, and significant mining operations in North America and South America, including the Morenci minerals district in Arizona and the Cerro Verde operation in Peru. Its segments include the Morenci, Cerro Verde and Grasberg (Indonesia mining) copper mines, the Rod & Refining operations and Atlantic Copper Smelting & Refining. In North America, it operates seven copper mines: Morenci, Bagdad, Safford (including Lone Star), Sierrita and Miami in Arizona, and Chino and Tyrone in New Mexico, and two molybdenum mines: Henderson and Climax in Colorado. In South America, it also operates the El Abra copper mine. The Morenci mine produces copper cathode, copper concentrate and molybdenum concentrate."
"Travelers Companies, Inc.",TRV,Financials,Insurance,0.11,2769503,US89417E1091,11.31,18.7,12.87,9.06,12.7,1.71,1.97,"54,450",0.46,10/17/2024,3.66,3.66,5.24,0.68,2769503,TRV.N,Travelers Companies Inc,Financials,Insurance,Property & Casualty Insurance,54804647857.83,239.87,-0.64,-1.58,-0.62,-9.45,2.89,18.99,28.22,28.22,473016.77,16.00,12.31,11.32,19.14,1.67,0.06,0.00,0.31,24.24,1.75,1.29,11.26,21.18,"The Travelers Companies, Inc. is a provider of property casualty insurance for auto, home and business. The Company's segments include Business Insurance, Bond & Specialty Insurance, and Personal Insurance. The Business Insurance segment offers a broad array of property and casualty insurance products and services. The Bond & Specialty Insurance segment offers surety, fidelity, management liability, professional liability, and other property and casualty coverages and related risk management services, primarily in the United States, and certain surety and specialty insurance products in Canada, the United Kingdom and the Republic of Ireland, as well as Brazil. The Personal Insurance segment offers a broad range of property and casualty insurance products and services covering individuals personal risks, primarily in the United States, as well as in Canada. The Company, through its subsidiary, Corvus Insurance Holdings, Inc., is a cyber insurance managing general underwriter."
HCA Healthcare Inc,HCA,Health Care,Health Care Equipment & Services,0.11,B4MGBG6,US40412C1018,12.13,11.9,--,14.82,13.6,0.86,--,"75,953",0.25,10/25/2024,4.96,4.96,4.90,1.15,B4MGBG6,HCA.N,HCA Healthcare Inc,Health Care,Health Care Equipment & Services,Health Care Facilities,76627438692.00,298.42,-1.36,-1.43,-1.68,-8.61,-26.42,-6.77,11.10,11.10,420932.17,-122.00,13.39,12.17,17.53,-73.53,0.00,0.00,0.62,24.88,0.88,1.89,12.20,24.52,"HCA Healthcare, Inc. is a health care services company. The Company owns, manages or operates hospitals, freestanding surgery centers, freestanding emergency care facilities, urgent care facilities, walk-in clinics, diagnostic and imaging centers, radiation and oncology therapy centers, comprehensive rehabilitation and physical therapy centers, physician practices, home health, hospice, outpatient physical therapy home and community-based services providers, and various other facilities. It also operates outpatient health care facilities, which include freestanding ambulatory surgery centers (ASCs), freestanding emergency care facilities, urgent care facilities, walk-in clinics, diagnostic and imaging centers, comprehensive rehabilitation and physical therapy centers, radiation and oncology therapy centers, physician practices and other facilities. It operates about 186 hospitals, comprised of 178 general, acute care hospitals, six behavioral hospitals and two rehabilitation hospitals."
PACCAR Inc,PCAR,Industrials,Capital Goods,0.11,2665861,US6937181088,13.49,-1.3,31.68,17.23,13.0,1.13,2.91,"54,319",0.03,10/22/2024,1.82,1.82,1.85,--,2665861,PCAR.OQ,Paccar Inc,Industrials,Capital Goods,Construction Machinery & Heavy Transportation Equipment,54826108931.78,103.61,-0.92,-1.73,-1.04,-8.92,8.26,4.11,10.33,10.33,930059.47,25.42,11.58,13.31,19.07,2.71,-0.06,0.00,0.19,24.99,1.27,2.14,13.34,7.78,"PACCAR Inc is a multinational company operating in three principal industry segments. The Truck segment includes the designing, manufacturing and distribution of light-, medium- and heavy-duty commercial trucks. Heavy-duty trucks have a gross vehicle weight (GVW) of over 33,000 lbs in North America and over 16 metric tons in Europe and South America. Medium-duty trucks have a GVW ranging from 19,500 to 33,000 lbs in North America, and in Europe, light- and medium-duty trucks range between 6-16 metric tons. Trucks are configured with the engine in front of cab (conventional) or cab-over-engine. The Parts segment includes the distribution of aftermarket parts for trucks and related commercial vehicles. The Financial Services segment includes finance and leasing products and services provided to customers and dealers. Its finance and leasing activities are principally related to the Company's products and associated equipment."
"AutoZone, Inc.",AZO,Consumer Discretionary,Consumer Discretionary Distribution & Retail,0.11,2065955,US0533321024,19.92,13.4,--,20.49,20.8,--,--,"53,552",0.72,12/10/2024,33.56,33.56,32.52,1.55,2065955,AZO.N,Autozone Inc,Consumer Discretionary,Consumer Discretionary Distribution & Retail,Automotive Retail,54401385499.20,3185.71,-1.72,-1.71,-1.74,0.51,1.13,7.48,23.21,23.21,36083.43,13.30,21.24,20.04,27.69,-11.37,0.00,0.00,0.84,19.92,NULL,1.99,20.07,158.94,"AutoZone, Inc. is a retailer and distributor of automotive replacement parts and accessories in the Americas. Its Auto Parts Stores segment is a retailer and distributor of automotive parts and accessories through its approximately 7,353 stores in the United States, Mexico and Brazil. Each store carries an extensive product line for cars, sport utility vehicles, vans and light duty trucks, including new and remanufactured automotive hard parts, maintenance items, accessories and non-automotive products. The Company also sells automotive hard parts, maintenance items, accessories and non-automotive products through www.autozone.com, and its commercial customers can make purchases through www.autozonepro.com. In addition, the Company sells the ALLDATA brand of automotive diagnostic, repair, collision and shop management software through www.alldata.com. It also provides product information on its Duralast branded products through www.duralastparts.com."
Schlumberger Limited,SLB,Energy,Energy,0.11,2779201,AN8068571086,10.56,9.8,22.19,16.32,11.1,2.84,2.48,"53,394",0.01,10/18/2024,0.88,0.88,0.89,1.14,2779201,SLB.N,Schlumberger NV,Energy,Energy,Oil & Gas Equipment & Services,53379432464.40,37.81,0.03,0.21,1.48,-13.40,-9.29,-18.81,-25.50,-25.50,3320307.83,21.88,12.17,10.60,17.58,2.02,-0.10,0.00,0.48,28.45,2.91,3.09,11.18,3.57,"Schlumberger N.V. is a global technology company. The Company operates through four segments: Digital & Integration, Reservoir Performance, Well Construction and Production Systems. The Digital & Integration combines its solutions and data products with its integrated offering of Asset Performance Solutions (APS). The Reservoir Performance segment consists of reservoir-centric technologies and services that are critical to optimizing reservoir productivity and performance. The Well Construction segment combines the full portfolio of products and services to optimize well placement and performance, maximize drilling efficiency, and improve wellbore assurance. Well Construction provides operators and drilling rig manufacturers with services and products related to designing and constructing a well. The Production Systems segment develops technologies and provides expertise that enhances production and recovery from subsurface reservoirs to the surface, into pipelines, and to refineries."
Kinder Morgan Inc Class P,KMI,Energy,Energy,0.11,B3NQ4P8,US49456B1017,21.34,4.0,7.79,26.69,23.2,4.18,2.00,"60,784",0.02,10/17/2024,0.27,0.27,0.25,5.79,B3NQ4P8,KMI.N,Kinder Morgan Inc,Energy,Energy,Oil & Gas Storage & Transportation,60384179141.10,27.36,0.66,0.40,1.15,-3.22,25.31,41.21,64.17,64.17,4035560.57,8.64,24.05,21.10,23.71,2.01,0.04,0.00,0.20,20.67,4.20,2.02,21.43,1.30,"Kinder Morgan, Inc. is an energy infrastructure company. The Company operates approximately 79,000 miles of pipelines and 139 terminals. Its Natural Gas Pipelines business segment includes interstate and intrastate pipelines, underground storage facilities, liquefied natural gas (LNG) liquefaction and terminal facilities, and NGL fractionation facilities. Its Products Pipelines business segment consists of its refined petroleum products, crude oil and condensate pipelines, and associated terminals, its Southeast terminals, its condensate processing facility, and its transmix processing facilities. Its Terminals business segment includes the operations of its refined petroleum product, chemical, renewable fuel, and other liquid terminal facilities and all of its petroleum coke, metal and ores facilities. Its CO2 business segment produces, transports, and markets carbon dioxide for use in enhanced oil recovery projects as a flooding medium for recovering crude oil from mature oil fields."
Johnson Controls International plc,JCI,Industrials,Capital Goods,0.11,BY7QL61,IE00BY7QL619,21.76,9.6,8.62,10.55,22.7,1.87,3.26,"52,460",0.04,11/06/2024,1.24,1.24,1.28,2.36,BY7QL61,JCI.N,Johnson Controls International PLC,Industrials,Capital Goods,Building Products,52855637271.06,79.14,-0.85,-2.12,-1.46,-5.19,2.44,20.19,40.16,40.16,1061304.63,13.16,37.85,21.46,26.53,3.16,-0.06,0.00,0.53,23.82,1.87,1.37,21.57,3.69,"Johnson Controls International plc offers smart, healthy and sustainable buildings, serving a range of customers. It operates through four segments: Building Solutions North America, Building Solutions EMEA/LA, Building Solutions Asia Pacific, and Global Products. Its Building Solutions North America, Building Solutions EMEA/LA, and Building Solutions Asia Pacific segments design, sell, install, and services heating, ventilation and air conditioning (HVAC), controls, building management, refrigeration, integrated electronic security, integrated fire detection and suppression systems, and provides technical services. Its Global Products segment designs, manufactures and sells HVAC equipment, controls software and software services for residential and commercial applications to commercial, industrial, retail, residential, small business, institutional and governmental customers worldwide. Global Products segment also designs, manufactures and sells refrigeration equipment and controls."
Norfolk Southern Corporation,NSC,Industrials,Transportation,0.11,2641894,US6558441084,17.35,9.3,14.30,23.10,19.7,2.31,3.83,"52,825",0.05,10/22/2024,3.11,3.11,3.25,2.12,2641894,NSC.N,Norfolk Southern Corp,Industrials,Transportation,Rail Transportation,53222880485.50,233.49,-0.75,-1.56,-0.97,-15.36,-5.53,9.95,0.97,0.97,336311.10,21.42,21.91,17.33,16.84,3.57,0.01,0.00,0.38,26.67,2.31,1.01,17.40,13.47,"Norfolk Southern Corporation is a holding company, which is engaged in the rail transportation business. The Company is engaged in the rail transportation of raw materials, intermediate products, and finished goods in the Southeast, East, and Midwest and, via interchange with rail carriers, to and from the rest of the United States. The Company also transports overseas freight through several Atlantic and Gulf Coast ports. It offers an intermodal network in the eastern half of the United States. Its railroad operations system reaches various manufacturing plants, electric generating facilities, mines, distribution centers and transload facilities. It is also a transporter of industrial products, including agricultural, forest and consumer products, chemicals, and metals and construction materials. It serves every container port and a principal carrier of coal, automobiles and automotive parts. It operates Great Lakes Reload (GLR) property in Chicago, a transload and warehouse facility."
NXP Semiconductors NV,NXPI,Information Technology,Semiconductors & Semiconductor Equipment,0.11,B505PN7,NL0009538784,15.89,2.9,34.76,28.43,15.9,1.95,5.60,"52,698",0.02,11/05/2024,3.43,3.43,3.45,5.44,B505PN7,NXPI.OQ,NXP Semiconductors NV,Information Technology,Semiconductors & Semiconductor Equipment,Semiconductors,54328296780.80,207.47,-2.94,-3.52,-3.09,-9.13,-13.15,-22.19,-8.12,-8.12,959558.13,34.18,19.81,16.08,14.81,5.00,-0.14,0.00,0.84,36.52,1.95,2.93,16.00,12.90,"NXP Semiconductors NV (NXP) is The Netherlands-based holding company. The Company operates as a semiconductor company. The Company provides high performance mixed signal analog-digital (mixed A/D) and standard product solutions. Its product solutions are used in a range of end-market applications, including automotive, personal security and identification, industrial & Internet of Things (IoT), wireless and wireline infrastructure, mobile communications, multi-market industrial, consumer and computing. It engages with global original equipment manufacturers (OEMs). The Company sells products in all geographic regions and countries: China, USA, Japan, Malaysia, South Korea, Germany, The Netherlands, and others."
"Simon Property Group, Inc.",SPG,Real Estate,Equity Real Estate Investment Trusts (REITs),0.10,2812452,US8288061091,26.83,2.4,75.01,49.61,24.5,4.62,24.01,"55,751",0.16,11/01/2024,1.49,1.49,1.27,10.19,2812452,SPG.N,Simon Property Group Inc,Real Estate,Equity Real Estate Investment Trusts (REITs),Retail REITs,56123102517.38,170.87,-0.66,-1.69,-0.30,-5.86,2.26,15.30,25.94,25.94,586402.00,113.89,18.79,26.05,28.54,24.67,0.00,0.00,-0.11,19.35,4.92,1.60,26.21,6.56,"Simon Property Group, Inc. is a self-administered and self-managed real estate investment trust (REIT). The Company owns, develops and manages premier shopping, dining, entertainment and mixed-use destinations, which consist primarily of malls, Premium Outlets, and The Mills. It owns or holds an interest in approximately 195 income-producing properties in the United States, which consists of 93 malls, 69 Premium Outlets, 14 Mills, six lifestyle centers, and 13 other retail properties in 37 states and Puerto Rico. It also holds an interest in 24 regional, super-regional, and outlet malls in the United States and Asia. In addition, it has redevelopment and expansion projects, including the addition of anchors, big box tenants and restaurants, underway at several properties in the North America, Europe and Asia. Internationally, the Company has ownership in 35 Premium Outlets and Designer Outlet properties primarily located in Asia, Europe, and Canada."
Aflac Incorporated,AFL,Financials,Insurance,0.10,2026361,US0010551028,14.60,8.7,21.01,29.18,14.2,1.94,2.31,"57,325",0.07,10/31/2024,1.69,1.69,2.16,1.63,2026361,AFL.N,Aflac Inc,Financials,Insurance,Life & Health Insurance,57430527749.46,102.97,-0.40,-0.67,0.22,-9.68,-7.48,16.37,27.50,27.50,760044.37,16.10,15.50,14.64,19.62,2.18,0.00,0.00,0.19,18.83,2.25,1.42,14.54,7.03,"Aflac Incorporated is a provider of supplemental health insurance products. The Company's insurance business is marketed and administered through Aflac Life Insurance Japan Ltd. (ALIJ) in Japan and through American Family Life Assurance Company of Columbus (Aflac), American Family Life Assurance Company of New York (Aflac New York), Continental American Insurance Company (CAIC), Tier One Insurance Company (TOIC) and Aflac Benefit Solutions, Inc. (ABS) in the United States. Its segments include Aflac Japan and Aflac U.S. Aflac Japan is designed to help consumers pay for medical and non-medical costs that are not reimbursed under Japan's national health insurance system. Its insurance products include cancer, medical and income support insurance, nursing care insurance, work leave insurance, whole life, GIFT and WAYS and child endowment. It designs its United States insurance products to provide supplemental coverage for people having medical or primary insurance coverage."
"Ameriprise Financial, Inc.",AMP,Financials,Financial Services,0.10,B0J7D57,US03076C1062,13.68,16.4,61.28,22.07,15.4,1.09,9.03,"51,579",0.20,10/24/2024,8.93,8.93,8.10,0.94,B0J7D57,AMP.N,Ameriprise Financial Inc,Financials,Financial Services,Asset Management & Custody Banks,51994956647.70,530.54,-1.01,-2.18,-0.69,-7.57,13.26,25.03,41.60,41.60,191156.97,60.92,20.37,13.73,21.59,7.40,0.03,0.00,0.53,23.68,1.12,1.23,13.68,38.65,"Ameriprise Financial, Inc. is a diversified financial services company. The Company offers a range of financial planning and advice products and services designed to achieve individual and institutional clients' financial objectives. Its segments include Advice & Wealth Management, Asset Management, and Retirement & Protection Solutions. Advice & Wealth Management segment provides financial planning and advice, as well as service brokerage services, primarily to retail clients through the Company's advisors. Asset Management segment provides investment management, advice and products to retail and institutional clients on a global scale through Columbia Threadneedle Investments brand. Retirement & Protection Solutions segment includes retirement solutions (variable annuities and payout annuities) and Protection Solutions (life and disability insurance). It offers diversified products and services through brands: Ameriprise Financial, Columbia Threadneedle Investments, and RiverSource."
Allstate Corporation,ALL,Financials,Insurance,0.10,2019952,US0200021014,10.15,175.0,-2.02,0.35,11.9,1.91,2.70,"51,026",0.67,10/31/2024,2.38,2.38,3.91,0.07,2019952,ALL.N,Allstate Corp,Financials,Insurance,Property & Casualty Insurance,51318910354.20,192.55,-0.64,-1.57,-0.56,-7.16,1.98,21.72,40.43,40.43,530726.33,23.77,12.43,10.13,-188.28,2.18,0.08,0.00,-1.10,21.04,1.91,0.87,9.77,19.01,"The Allstate Corporation is a holding company for Allstate Insurance Company. The Company's business is conducted principally through Allstate Insurance Company and other subsidiaries. It is primarily engaged in the property and casualty insurance business in the United States and Canada. It operates through five segments: Allstate Protection, Protection Services, Allstate Health and Benefits, Run-off Property-Liability, and Corporate & Other. The Allstate Protection segment offers private passenger auto, homeowners, other personal lines, and commercial insurance through agents, contact centers and online. The Protection Services segment includes Allstate Protection Plans, Allstate Dealer Services, Allstate Roadside, Arity & Allstate Identity Protection. The Allstate Health and Benefits segment offers voluntary benefits and individual life and health products, and other health insurance products. The Run-off Property-Liability segment includes property and casualty insurance coverage."
"Copart, Inc.",CPRT,Industrials,Commercial & Professional Services,0.10,2208073,US2172041061,35.23,12.0,20.18,37.10,37.2,--,7.09,"56,010",0.01,11/22/2024,0.37,0.37,0.37,3.10,2208073,CPRT.OQ,Copart Inc,Industrials,Commercial  & Professional Services,Diversified Support Services,56327870380.92,58.13,-0.56,-1.59,-0.39,-8.30,10.94,7.33,18.63,18.63,1840636.93,18.21,40.74,35.43,52.11,5.99,0.03,0.00,1.01,26.76,NULL,1.20,35.35,1.64,"Copart, Inc. is a provider of online auctions and vehicle remarketing services. The Company provides vehicle sellers with a full range of services to process and sell vehicles over the internet through the Company’s Virtual Bidding Third Generation (VB3) internet auction-style sales technology. The Company sells principally to licensed vehicle dismantlers, rebuilders, repair licensees, used vehicle dealers, exporters, and directly to the general public. Vehicle sellers consist primarily of insurance companies, but also include dealers, individuals, charities, rental, banks, finance companies, and fleet operators. It operates more than 200 locations in 11 countries and has more than 175,000 vehicles up for auction every day. The Company operates in United States, the United Kingdom, Germany, Brazil, Canada, the United Arab Emirates, Spain, Finland, Oman, the Republic of Ireland, and Bahrain. It operates both as an agent and on a principal basis."
"Ross Stores, Inc.",ROST,Consumer Discretionary,Consumer Discretionary Distribution & Retail,0.10,2746711,US7782961038,22.73,9.2,40.93,11.32,24.5,0.95,9.51,"50,034",0.03,11/22/2024,1.40,1.40,1.48,2.66,2746711,ROST.OQ,Ross Stores Inc,Consumer Discretionary,Consumer Discretionary Distribution & Retail,Apparel Retail,50465969973.12,151.50,-0.95,-1.54,1.90,-1.95,0.90,4.75,10.56,10.56,1119297.50,39.30,23.85,22.67,31.62,8.05,0.02,0.00,0.14,23.05,0.97,1.47,22.58,6.68,"Ross Stores, Inc. is engaged in operating two brands of off-price retail apparel and home fashion stores-Ross Dress for Less (Ross) and dds DISCOUNTS. Ross is the off-price apparel and home fashion chain in the United States, with approximately 1,764 locations in 43 states, the District of Columbia, and Guam. Ross offers in-season, name brand and designer apparel, accessories, footwear, and home fashions for the entire family at savings of 20% to 60% off department and specialty store regular prices every day. Ross target customers are primarily from middle-income households. It also operates approximately 345 dds DISCOUNTS stores in 22 states. dds DISCOUNTS features more moderately-priced in- season, name brand apparel, accessories, footwear, and home fashions for the entire family at savings of 20% to 70% off moderate department and discount store regular prices every day. It operates a total of approximately 2,109 stores comprised of 1,764 Ross stores and 345 dd’s DISCOUNTS stores."
Fair Isaac Corporation,FICO,Information Technology,Software & Services,0.10,2330299,US3032501047,64.14,28.1,--,42.71,68.0,--,--,"49,117",0.29,11/07/2024,6.36,6.36,6.54,2.42,2330299,FICO.N,Fair Isaac Corp,Information Technology,Software & Services,Application Software,49604713218.99,2013.65,-1.16,-2.38,-3.21,-15.22,3.61,35.27,72.99,72.99,40835.60,-84.12,98.46,63.92,119.03,-93.92,0.05,0.00,1.35,28.74,NULL,2.42,63.43,31.50,"Fair Isaac Corporation is a predictive analytics and decision management software company. The Company operates through its two segments: Scores and Software. The Scores segment includes the Company's business-to-business scoring solutions and services which give its clients access to predictive credit and other scores. This segment includes its business-to-consumer scoring solutions, including its myFICO.com subscription offerings. The Software segment includes pre-configured analytic and decision management solutions designed for a specific type of business need or process, such as account origination, customer management, customer engagement, fraud detection and marketing as well as associated professional services. This segment includes FICO Platform, a modular software offering designed to support advanced analytic and decision use cases as well as stand-alone analytic and decisioning software. Its products include FICO Analytics Workbench, FICO Fraud Solutions and FICO Advisors."
"American Electric Power Company, Inc.",AEP,Utilities,Utilities,0.10,2026242,US0255371017,15.65,6.0,8.99,21.32,16.4,3.88,1.84,"49,019",0.04,11/06/2024,1.80,1.80,1.85,2.73,2026242,AEP.OQ,American Electric Power Company Inc,Utilities,Utilities,Electric Utilities,49267619140.85,92.06,-0.49,0.00,-0.86,-7.81,-9.41,6.89,17.94,17.94,1068936.17,11.35,18.49,15.66,18.33,1.72,-0.01,0.00,0.19,16.50,4.04,1.62,15.71,5.88,"American Electric Power Company, Inc. is an electric public utility holding company. It operates and maintains the electricity transmission system and distribution lines to deliver power. Its segments include Vertically Integrated Utilities, Transmission and Distribution Utilities, AEP Transmission Holdco, and Generation & Marketing. Vertically Integrated Utilities segment is engaged in the generation, transmission, and distribution of electricity for sale to retail and wholesale customers. Transmission and Distribution Utilities segment is engaged in the transmission and distribution of electricity for sale to retail and wholesale customers. AEP Transmission Holdco segment is engaged in the development, construction, and operation of transmission facilities. Generation & Marketing segment conducts marketing, risk management and retail activities. It is also an electricity producer with nearly 29,000 megawatts (MW) of generating capacity, including about 6,000 MW of renewable energy."
Cummins Inc.,CMI,Industrials,Capital Goods,0.10,2240202,US2310211063,15.80,8.9,8.25,9.59,17.0,2.01,4.63,"47,767",0.22,11/05/2024,4.82,4.82,5.86,1.91,2240202,CMI.N,Cummins Inc,Industrials,Capital Goods,Construction Machinery & Heavy Transportation Equipment,48142665000.00,348.41,-0.78,-1.62,-0.77,-7.10,8.13,27.17,48.82,48.82,220232.50,29.98,23.15,15.55,22.31,3.76,0.04,0.00,0.05,22.50,2.09,1.32,15.51,22.40,"Cummins Inc. offers complementary business segments that design, manufacture, distribute and service a portfolio of power solutions. Its segments include Components, Engine, Distribution, Power Systems and Accelera. The Components segment sells axles, drivelines, brakes and suspension systems. The Engine segment produces engines and associated parts for sale to customers in on-highway and various off-highway markets. The Distribution segment includes distributorships engaged in wholesaling engines, generator sets, service parts, performing service and repair activities. The Power Systems segment is an integrated power provider, which designs, manufactures and sells engines for industrial applications, standby and prime power generator sets, alternators and others. The Accelera segment designs, manufactures, sells and supports hydrogen production technologies as well as electrified power systems. It sells products to OEMs, distributors, dealers and other customers worldwide."
Vistra Corp.,VST,Utilities,Utilities,0.10,BZ8VJQ8,US92840M1027,20.11,--,46.85,25.18,28.9,0.62,16.10,"47,731",0.20,11/07/2024,1.16,1.16,1.19,--,BZ8VJQ8,VST.N,Vistra Corp,Utilities,Utilities,Independent Power Producers & Energy Traders,47522798269.92,140.09,0.29,-2.79,-0.50,-12.22,18.37,63.52,267.14,267.14,1140651.27,38.60,26.49,19.29,194.12,9.12,0.10,0.00,-0.64,60.13,0.62,2.13,19.21,7.26,"Vistra Corp. is an integrated retail and electric power generation company. The Company operates in six business segments: Retail, Texas, East, West, Sunset and Asset Closure. The Retail segment represents its retail sales of electricity and natural gas to residential, small business and commercial and industrial customers. The Texas and East segments are engaged in electricity generation, wholesale energy sales and purchases, commodity risk management activities, fuel production and fuel logistics management. The East segment includes operations in the PJM, ISO-NE and NYISO markets. The West segment represents results from the CAISO market, including its battery ESS projects at its Moss Landing power plant site. The Sunset segment represents generation plants with announced retirement plans. The Asset Closure segment is engaged in the decommissioning and reclamation of retired plants and mines. The Company operates in approximately 41,000 megawatts of installed generation capacity."
"MetLife, Inc.",MET,Financials,Insurance,0.09,2573209,US59156R1086,8.40,14.0,4.84,4.79,9.9,2.64,1.83,"56,540",0.13,10/31/2024,2.17,2.17,1.95,0.70,2573209,MET.N,MetLife Inc,Financials,Insurance,Life & Health Insurance,56951579791.75,81.51,-0.90,-1.50,-0.24,-7.62,-0.49,17.87,27.06,27.06,1179150.80,16.28,16.44,8.40,11.71,1.50,0.01,0.00,0.26,23.88,2.67,0.94,8.42,9.70,"MetLife, Inc. is a financial services company. The Company is engaged in providing insurance, annuities, employee benefits and asset management for individual and institutional customers. The Company operates through six segments: Group Benefits; Retirement and Income Solutions (RIS); Asia; Latin America; Europe, the Middle East and Africa (EMEA), and MetLife Holdings. Its Group Benefits segment offers life insurance, dental, group short- and long-term disability, individual disability, accidental death and dismemberment (AD&D) insurance, vision, and accident and health insurance, as well as prepaid legal plans and pet insurance. It also sells administrative services-only (ASO) arrangements to some employers. Its RIS segment provides funding and financing solutions that help institutional customers mitigate and manage liabilities primarily associated with their employee benefit programs using a spectrum of life and annuity-based insurance and investment products."
"Quanta Services, Inc.",PWR,Industrials,Capital Goods,0.09,2150204,US74762E1029,31.29,9.2,12.78,5.43,36.8,0.11,6.66,"47,082",0.09,10/31/2024,2.69,2.69,2.72,4.02,2150204,PWR.N,Quanta Services Inc,Industrials,Capital Goods,Construction & Engineering,47699210808.30,318.98,-1.29,-3.52,-2.57,-7.41,7.02,25.62,47.96,47.96,294245.53,15.41,58.95,31.31,50.45,5.88,0.02,0.00,0.96,28.65,0.13,2.86,31.02,10.19,"Quanta Services, Inc. is a contracting services company, delivering infrastructure solutions for the utility, renewable energy, communications, pipeline and energy industries. Its segments include Electric Power Infrastructure Solutions (Electric Power), Renewable Energy Infrastructure Solutions (Renewable Energy) and Underground Utility and Infrastructure Solutions (Underground and Infrastructure). Electric Power segment provides services primarily for electric power and for the communications market. Its services include design, procurement, new construction, upgrade and repair and maintenance services. Renewable Energy segment includes engineering, procurement, new construction, repowering and repair and maintenance services. Underground and Infrastructure segment provides infrastructure solutions to customers involved in the transportation, distribution, storage, development and processing of natural gas, oil and other products. It also provides electrical infrastructure solutions."
MSCI Inc. Class A,MSCI,Financials,Financial Services,0.09,B2972D2,US55354G1004,35.15,12.0,--,54.85,39.9,1.07,--,"46,995",0.10,10/29/2024,3.78,3.78,3.86,3.33,B2972D2,MSCI.N,MSCI Inc,Financials,Financial Services,Financial Exchanges & Data,47774357109.46,599.65,-1.63,-1.85,-0.95,-1.64,3.15,25.16,7.24,7.24,127031.07,-164.77,39.38,35.18,52.76,-50.29,0.04,0.00,0.78,18.25,1.07,1.05,35.14,17.05,"MSCI Inc. (MSCI) is a provider of critical decision support tools and solutions for the global investment community. The Company operates through four segments: Index, Analytics, ESG and Climate, and All Other-Private Assets. The Index segment offers products, such as MSCI Global Equity Indexes, ESG and Climate Indexes, Factor Indexes, Thematic Indexes, Client-Designed Indexes, Fixed Income Indexes and Real Assets Indexes. The Analytics segment offers risk management, performance attribution and portfolio management content, applications and services. Its ESG and Climate segment offerings include MSCI ESG Ratings, MSCI ESG Business Involvement Screening Research, and MSCI Climate Solutions. The Company's All Other-Private Assets segment comprises the Real Assets segment and Private Capital Solutions segment. The Real Assets segment offers data, benchmarks, return-analytics, climate assessments and market insights for tangible assets such as real estate and infrastructure."
"W.W. Grainger, Inc.",GWW,Industrials,Capital Goods,0.09,2380863,US3848021040,25.08,9.3,65.85,15.72,27.1,0.76,14.71,"51,543",0.09,10/31/2024,9.97,9.97,9.87,2.92,2380863,GWW.N,WW Grainger Inc,Industrials,Capital Goods,Trading Companies & Distributors,52059502381.70,1058.21,-1.01,-2.26,-2.23,-12.21,2.04,17.74,28.71,28.71,63481.70,51.90,28.49,25.10,35.84,11.00,0.02,0.00,0.69,21.42,0.77,3.24,25.02,42.16,"W.W. Grainger, Inc. is a broad line, distributor of maintenance, repair and operating (MRO) products and services with operations primarily in North America, Japan and the United Kingdom. The Company operates through two segments: High-Touch Solutions North America (High-Touch Solutions N.A.) and Endless Assortment. High-Touch Solutions N.A. segment provides value-added MRO solutions. This segment primarily includes the Grainger-branded businesses in the United States (U.S.), Canada, Mexico and Puerto Rico. The Endless Assortment segment provides a streamlined and transparent online platform. The Endless Assortment segment includes the Company's Zoro Tools, Inc. (Zoro) and MonotaRO Co., Ltd. (MonotaRO) online channels which operate predominately in the United States and Japan. The Company’s product offering is grouped under several broad categories, including safety and security, material handling and storage, pumps and plumbing equipment, and cleaning and maintenance."
Public Storage,PSA,Real Estate,Equity Real Estate Investment Trusts (REITs),0.09,2852533,US74460D1090,28.15,2.1,34.23,50.88,29.4,4.06,9.85,"51,799",0.01,10/31/2024,2.60,2.60,2.16,13.67,2852533,PSA.N,Public Storage,Real Estate,Equity Real Estate Investment Trusts (REITs),Self Storage REITs,52199888863.10,295.81,-0.77,-1.83,-1.01,-14.21,-17.94,4.68,0.83,0.83,270866.30,26.40,30.68,27.95,12.26,7.69,0.00,0.00,2.22,22.90,4.06,2.16,28.16,10.58,"Public Storage is a real estate investment trust (REIT). The Company is engaged in the ownership and operation of self-storage facilities and other related operations including tenant reinsurance and third-party self-storage management. It offers storage spaces for lease on a month-to-month basis, for personal and business use. Its segments include Self-Storage Operations and Ancillary Operations. The Self-Storage Operations segment includes the aggregated rental operations from the self-storage facilities it owns from same store facilities, acquired facilities, developed, and expanded facilities, and other non-same store facilities. The Ancillary Operations segment includes combined operations of its tenant reinsurance, merchandise sales, and third-party property management segments. The Company owns interests in approximately 3,049 self-storage facilities (an aggregate of 219 million net rentable square feet of space) operating under the Public Storage name."
"United Rentals, Inc.",URI,Industrials,Capital Goods,0.09,2134781,US9113631090,15.14,11.2,31.91,26.90,16.3,0.92,5.41,"46,385",0.32,10/24/2024,12.48,12.48,11.80,1.46,2134781,URI.N,United Rentals Inc,Industrials,Capital Goods,Trading Companies & Distributors,47021059448.66,705.99,-1.47,-2.77,-1.89,-18.48,-12.65,9.62,24.26,24.26,139332.83,35.10,18.46,15.11,21.58,4.69,-0.01,0.00,0.72,30.93,0.92,2.67,15.14,46.71,"United Rentals, Inc. is an equipment rental company. The Company's segments include General Rentals and Specialty. General Rentals segment includes the rental of construction, aerial and industrial equipment, general tools and light equipment, and related services and activities. General Rentals segment has four geographic divisions - Central, Northeast, Southeast and West - and operates throughout the United States and Canada. Specialty segment rents products (and provides setup and other services on such rented equipment), including trench safety equipment, such as trench shields, aluminum hydraulic shoring systems, slide rails, crossing plates, construction lasers and line testing equipment for underground work; fluid solutions equipment primarily used for fluid containment, transfer and treatment, and mobile storage equipment and modular office space. It has an integrated network of around 1,504 rental locations in North America, 38 in Europe, 23 in Australia and 19 in New Zealand."
Phillips 66,PSX,Energy,Energy,0.09,B78C4Y8,US7185461040,12.53,--,23.32,5.61,15.3,4.02,1.61,"46,251",0.10,10/29/2024,1.65,1.65,2.04,--,B78C4Y8,PSX.N,Phillips 66,Energy,Energy,Oil & Gas Refining & Marketing,46498457067.93,111.99,-0.53,-0.19,1.37,-16.41,-14.06,-19.28,-13.11,-13.11,982742.77,11.21,14.36,12.49,5.71,1.61,-0.18,0.00,1.41,26.34,4.11,1.79,13.76,8.97,"Phillips 66 is a diversified and integrated downstream energy provider that manufactures, transports and markets products that drive the global economy. The Company’s Midstream segment provides crude oil and refined petroleum product transportation, terminating and processing services, as well as natural gas and natural gas liquids (NGL) transportation, storage, fractionation, gathering, processing and marketing services, mainly in the United States. Its Chemicals segment consists of its 50% equity investment in Chevron Phillips Chemical Company LLC, which manufactures and markets petrochemicals and plastics on a worldwide basis. Its Refining segment refines crude oil and other feedstocks into petroleum products, such as gasoline, distillates and aviation fuels. Its Marketing and Specialties segment purchases for resale and markets refined products. Its Renewable Fuels segment processes renewable feedstocks into renewable products at the Rodeo Renewable Energy Complex."
Realty Income Corporation,O,Real Estate,Equity Real Estate Investment Trusts (REITs),0.09,2724193,US7561091049,34.45,6.1,2.83,41.31,46.3,5.90,1.20,"46,149",0.04,11/05/2024,0.35,0.35,0.30,7.59,2724193,O.N,Realty Income Corp,Real Estate,Equity Real Estate Investment Trusts (REITs),Retail REITs,46088613893.00,52.73,0.13,-0.64,-0.51,-8.49,-15.74,2.56,-3.36,-3.36,1576113.80,2.97,50.15,33.24,38.35,1.23,0.00,0.00,0.04,16.30,6.01,1.70,34.94,1.59,"Realty Income Corporation is a real estate investment trust. The Company is engaged in acquiring and managing freestanding commercial properties that generate rental revenue under long-term net lease agreements with its commercial clients. It is engaged in a single business activity, which is the leasing of property to clients, generally on a net basis. That business activity spans various geographic boundaries and includes property types and clients engaged in various industries. The Company owns approximately 15,450 properties across 86 different industries leased to over 1,300 different clients throughout all 50 states, as well as Puerto Rico, the United Kingdom, Spain, Italy, Ireland, France, Germany and Portugal. Its property types include retail, industrial, gaming and others, such as agriculture and office. Its primary industry concentrations include grocery stores, convenience stores, dollar stores, drug stores, home improvement, restaurants-quick service and others."
"American International Group, Inc.",AIG,Financials,Insurance,0.09,2027342,US0268747849,10.89,10.5,8.57,10.40,14.2,2.10,1.02,"45,728",0.10,11/05/2024,1.10,1.10,1.23,1.36,2027342,AIG.N,American International Group Inc,Financials,Insurance,Multi-line Insurance,45535164375.00,72.55,-0.62,-1.08,0.11,-5.11,-0.38,-1.20,9.38,9.38,1863293.93,8.57,35.70,10.84,16.19,0.96,0.00,0.00,-0.02,19.70,2.21,1.66,10.90,6.69,"American International Group, Inc. (AIG) is a global insurance company. The Company provides insurance solutions that help businesses and individuals in approximately 190 countries and jurisdictions protect their assets and manage risks through AIG operations and network partners. The Company’s segments include General Insurance and Other Operations. General Insurance business includes two operating segments: North America, which consists of insurance businesses in the United States, Canada and Bermuda and International segment consists of regional insurance businesses in Japan, the United Kingdom, Europe, Middle East and Africa (EMEA region), Asia Pacific, Latin America and Caribbean, and China. North America and International operating segments consist of the various products, including commercial lines, which consists of property, liability, financial lines and specialty and Personal Insurance, which consists of accident and health and personal lines."
Dominion Energy Inc,D,Utilities,Utilities,0.09,2542049,US25746U1097,15.91,13.3,8.01,24.60,19.5,4.96,1.73,"45,251",0.02,11/01/2024,0.93,0.93,0.98,1.47,2542049,D.N,Dominion Energy Inc,Utilities,Utilities,Multi-Utilities,45301719130.18,53.87,-0.11,0.30,0.35,-8.31,-5.72,12.52,20.41,20.41,1337579.20,8.31,20.27,15.93,13.11,1.60,0.03,0.00,-0.02,18.70,4.96,2.14,15.88,3.38,"Dominion Energy, Inc. is a provider of regulated electricity service to about 3.6 million homes and businesses in Virginia, North Carolina, and South Carolina, and regulated natural gas service to 500,000 customers in South Carolina. It is a developer and operator of regulated offshore wind and solar power and the producer of carbon-free electricity in New England. Its Dominion Energy Virginia segment is composed of Virginia Power’s regulated electric transmission, distribution, and generation operations, which serve homes and businesses in Virginia and North Carolina. Dominion Energy South Carolina segment consists of DESC’s generation, transmission, and distribution of electricity to customers in the central, southern and southwestern portions of South Carolina and the distribution of natural gas to residential, commercial and industrial customers in South Carolina. Its Contracted Energy segment includes nonregulated electric generation fleet and renewable natural gas operations."
"Paychex, Inc.",PAYX,Industrials,Commercial & Professional Services,0.09,2674458,US7043261079,27.04,7.0,46.35,41.19,28.0,2.74,12.84,"50,400",0.01,12/19/2024,1.12,1.12,1.14,4.00,2674458,PAYX.OQ,Paychex Inc,Industrials,Commercial  & Professional Services,Human Resource & Employment Services,50866110463.98,139.96,-0.93,-1.88,0.44,-4.31,5.00,19.78,21.06,21.06,876776.70,44.83,29.45,27.08,37.36,11.65,0.01,0.00,0.31,18.81,2.80,4.12,27.06,5.17,"Paychex, Inc. is a provider of human capital management solutions for human resources (HR), payroll, benefits and insurance services for small-to-medium-sized businesses and their employees across the United States and parts of Europe. The Company offers a portfolio of HCM technology and HR advisory solutions that help its clients navigate the challenges of HR. Its clients have the option of doing payroll online using its software as a service (SaaS) technology, outsourcing to its payroll specialists, or using a combination of those solutions. Payroll is integrated with HCM software modules for clients who have more complex HR needs. It also provides comprehensive HR outsourcing through its administrative services organization and PEO solutions. The Company's HCM SaaS platform is Paychex Flex, which provides workforce management throughout the employee life cycle from recruiting and hiring to retirement, including recruiting, onboarding, HR, time and attendance and employee benefits."
Howmet Aerospace Inc.,HWM,Industrials,Capital Goods,0.09,BKLJ8V2,US4432011082,34.60,29.3,20.27,18.75,41.3,0.24,10.09,"44,898",0.01,11/06/2024,0.65,0.65,0.71,1.41,BKLJ8V2,HWM.N,Howmet Aerospace Inc,Industrials,Capital Goods,Aerospace & Defense,45188371988.27,110.28,-0.85,-2.00,-0.24,-6.84,10.08,42.28,104.39,104.39,670935.30,25.65,42.20,34.49,78.69,8.86,0.05,0.00,-0.34,29.77,0.29,2.09,34.11,3.20,"Howmet Aerospace Inc. is a provider of advanced engineered solutions for the aerospace and transportation industries. The Company’s segments include Engine Products, Fastening Systems, Engineered Structures and Forged Wheels. The Engine Products segment utilizes advanced designs and techniques to support engine programs and produces components for aircraft engines and industrial gas turbines. The Fastening Systems segment produces aerospace and industrial fastening systems, as well as commercial transportation fasteners and installation tools. The Engineered Structures segment produces titanium ingots and mill products for aerospace and defense applications and is vertically integrated to produce titanium forgings, extrusions, forming and machining services for airframe, wing, aero-engine, and landing gear components. The Forged Wheels segment manufactures forged aluminum wheels for trucks, buses, and trailers and related products for the global commercial transportation market."
PG&E Corporation,PCG,Utilities,Utilities,0.09,2689560,US69331C1080,13.51,9.6,9.37,16.38,14.8,0.20,1.60,"43,029",0.02,11/07/2024,0.33,0.33,0.37,1.53,2689560,PCG.N,PG&E Corp,Utilities,Utilities,Electric Utilities,53798965211.96,20.13,-0.05,-0.40,0.70,-6.93,1.82,15.35,11.83,11.83,5394191.90,10.56,15.68,13.51,18.33,1.38,0.01,0.00,-0.72,18.79,0.50,1.46,13.50,1.49,"PG&E Corporation is a holding company. The Company's primary operating subsidiary is Pacific Gas and Electric Company (the Utility), which operates in northern and central California. The Utility is engaged in the sale and delivery of electricity and natural gas to customers. The Utility generates electricity and provides electric transmission and distribution services throughout its service area in northern and central California to residential, commercial, industrial, and agricultural customers. The Utility provides electricity, transmission, and distribution services in its service area. The Utility owns approximately 18,000 circuit miles of interconnected transmission lines operating at voltages ranging from 60 kilovolts (kV) to 500 kV. It also operates 33 electric transmission substations with a capacity of approximately 66,000 megavolt amperes (MVA). Customers also can obtain electricity from alternative providers such as municipalities or community choice aggregators (CCAs)."
Edwards Lifesciences Corporation,EW,Health Care,Health Care Equipment & Services,0.09,2567116,US28176E1082,30.32,8.0,22.52,27.81,28.9,--,4.59,"43,787",0.02,10/25/2024,0.66,0.66,0.67,3.63,2567116,EW.N,Edwards Lifesciences Corp,Health Care,Health Care Equipment & Services,Health Care Equipment,44618370000.00,74.24,-1.86,-2.21,-0.76,4.05,12.50,-19.63,-2.64,-2.64,1564406.13,19.47,31.35,30.38,30.21,4.37,-0.09,0.00,0.32,25.99,NULL,1.24,30.36,2.44,"Edwards Lifesciences Corporation is a global structural heart innovation company. The Company is engaged in patient-focused medical innovations for structural heart disease and invests in research and development to transform care for those impacted by structural heart disease. Its products are categorized into groups, including Transcatheter Aortic Valve Replacement (TAVR), Transcatheter Mitral and Tricuspid Therapies (TMTT), and Surgical Structural Heart (Surgical). It develops transcatheter heart valve replacement technologies designed for the minimally invasive replacement of aortic heart valves. The Edwards SAPIEN family of valves includes the Edwards SAPIEN 3, the Edwards SAPIEN 3 Ultra, and the Edwards SAPIEN 3 Ultra RESILIA systems, are catheter-based approaches for treating severe symptomatic aortic stenosis. Its PASCAL PRECISION and Cardioband transcatheter valve repair systems are commercially available in Europe for mitral and tricuspid valve repair."
Axon Enterprise Inc,AXON,Industrials,Capital Goods,0.09,BDT5S35,US05464C1018,96.37,24.6,12.10,9.90,117.8,--,21.90,"45,979",0.10,11/08/2024,1.20,1.20,1.45,4.78,BDT5S35,AXON.OQ,Axon Enterprise Inc,Industrials,Capital Goods,Aerospace & Defense,46590143040.48,604.32,-1.09,-3.12,-3.18,-6.59,51.23,105.38,133.93,133.93,462655.93,20.14,156.73,96.32,302.16,17.37,0.10,0.00,0.97,48.86,NULL,2.94,94.32,6.27,"Axon Enterprise, Inc. is a provider of law enforcement technology solutions. The Company is engaged in building the public safety operating system by integrating hardware devices and cloud software solutions that lead modern policing, defense and security. Its ecosystem includes TASER energy devices, body-worn cameras, in-car cameras, cloud-hosted digital evidence management solutions, productivity software, real-time operations capabilities and third-party integrations through its partner network. The Company's TASER segment offers manufacture and sale of conducted electrical devices, batteries, accessories, extended warranties, and other products and services. Software and Sensors segment development, manufacture and sale of fully integrated hardware and cloud-based software solutions that enable law enforcement to capture, store, manage, share and analyze video, and other digital evidence. The Company is also engaged in offering real-time crime center (RTCC) technology."
Marathon Petroleum Corporation,MPC,Energy,Energy,0.09,B3K3L40,US56585A1025,15.03,-13.0,37.12,9.13,14.7,2.50,2.33,"44,070",0.11,11/05/2024,0.99,0.99,1.87,--,B3K3L40,MPC.N,Marathon Petroleum Corp,Energy,Energy,Oil & Gas Refining & Marketing,43602839117.84,135.60,-0.05,0.16,1.21,-13.16,-16.29,-21.01,-6.73,-6.73,1041270.23,15.12,10.71,14.68,5.34,2.44,-0.21,0.00,5.07,29.61,2.68,2.67,15.98,9.24,"Marathon Petroleum Corporation is an integrated, downstream energy company. The Company operates through two segments: Refining & Marketing and Midstream. The Refining & Marketing segment refines crude oil and other feedstocks, including renewable feedstocks, at its refineries in the Gulf Coast, Mid-Continent and West Coast regions of the United States. The Company sells refined products to wholesale marketing customers domestically and internationally, to buyers on the spot market, to independent entrepreneurs who operate primarily Marathon branded outlets and through long-term supply contracts with direct dealers who operate locations mainly under the ARCO brand. The Midstream segment gathers, transports, stores and distributes crude oil, refined products, including renewable diesel, and other hydrocarbon-based products principally for the Refining & Marketing segment via refining logistics assets, pipelines, terminals, towboats and barges, and others."
Kimberly-Clark Corporation,KMB,Consumer Staples,Household & Personal Products,0.09,2491839,US4943681035,17.11,6.8,--,15.03,17.8,3.71,33.90,"43,565",0.04,10/22/2024,1.70,1.70,1.83,2.63,2491839,KMB.N,Kimberly-Clark Corp,Consumer Staples,Household & Personal Products,Household Products,43953363199.00,130.62,-0.90,-1.89,-0.62,-5.42,-7.36,-3.84,11.43,11.43,866492.90,216.56,16.93,17.14,23.20,27.63,0.01,0.00,-0.18,15.21,3.74,1.27,17.14,7.62,"Kimberly-Clark Corporation is principally engaged in the manufacturing and marketing of a range of products made from natural or synthetic fibers and materials using advanced technologies in fibers, nonwovens and absorbency. The Company has three segments. The Personal Care segment offers solutions and products, such as disposable diapers, training and youth pants, swim pants, baby wipes, feminine and incontinence care products, reusable underwear and other related products. Products in this segment are sold under the Huggies, Pull-Ups, Little Swimmers, GoodNites, DryNites, Sweety, Kotex, U by Kotex, Intimus, Thinx, Poise, Depend, and other brand names. The Consumer Tissue segment offers facial and bathroom tissue, paper towels, napkins and related products, and are sold under the Kleenex, Scott, Cottonelle, Andrex, Viva, Scottex and other brand names. The K-C Professional segment offers wipers, tissues, towels, soaps and sanitizers under Kleenex, Scott, and WypAll brand names."
"Fidelity National Information Services, Inc.",FIS,Financials,Financial Services,0.09,2769796,US31620M1062,14.12,22.9,2.15,21.00,15.4,1.99,2.64,"43,760",0.01,11/04/2024,1.29,1.29,1.40,0.67,2769796,FIS.N,Fidelity National Information Services Inc,Financials,Financial Services,Transaction & Payment Processing Services,43929715286.40,80.59,-1.24,-2.03,-1.00,-5.12,-3.36,7.86,36.66,36.66,1079359.60,15.36,82.14,14.12,12.13,2.63,0.03,0.00,0.21,16.90,1.79,2.31,14.12,5.71,"Fidelity National Information Services, Inc. is a provider of financial services technology solutions for financial institutions, businesses and developers. The Company's segments include Banking Solutions (Banking), Capital Market Solutions (Capital Markets), and Corporate and Other. The Banking segment is focused on serving financial institutions of all sizes with core processing software, transaction processing software and complementary applications and services, many of which interact directly with processing software. The Company sells these solutions on either a bundled or stand-alone basis. The Capital Markets segment is focused on serving global financial services clients and corporations with an array of buy-and sell-side, treasury, risk management and lending solutions. Its solutions include a variety of mission-critical buy-and sell-side applications for recordkeeping, data and analytics, trading and financing as well as corporate treasury and risk management applications."
lululemon athletica inc.,LULU,Consumer Discretionary,Consumer Durables & Apparel,0.09,B23FN39,US5500211090,25.36,8.6,42.01,22.95,27.1,--,12.26,"46,916",0.08,12/06/2024,2.71,2.71,2.87,3.17,B23FN39,LULU.OQ,Lululemon Athletica Inc,Consumer Discretionary,Consumer Durables & Apparel,"Apparel, Accessories & Luxury Goods",47090035611.75,384.05,-0.68,-0.46,0.15,19.77,41.53,28.57,-24.89,-24.89,694183.93,39.00,27.74,25.46,49.92,8.09,0.03,0.00,1.05,40.06,NULL,4.46,25.26,15.08,"lululemon athletica inc. is a technical athletic apparel, footwear, and accessories company. The Company organizes its operations into four regional markets: the Americas, China Mainland, Asia Pacific (APAC), and Europe and the Middle East (EMEA). It conducts its business through a number of different channels in each market, including Company-operated stores, e-commerce, temporary locations, wholesale, outlets, a re-commerce program, and license and supply arrangements. The Company offers a comprehensive line of technical athletic apparel, footwear, and accessories marketed under the lululemon brand. Its apparel assortment includes items such as pants, shorts, tops, and jackets designed for a healthy lifestyle, including athletic activities such as yoga, running, training, and most other activities. It also offers apparel designed for being on the move and fitness-inspired accessories. It operates stores in the United States, Canada, China Mainland, Australia, and South Korea."
Discover Financial Services,DFS,Financials,Financial Services,0.09,B1YLC43,US2547091080,13.43,108.0,20.33,18.34,12.2,1.62,2.70,"43,319",0.38,10/17/2024,3.54,3.54,3.69,0.11,B1YLC43,DFS.N,Discover Financial Services,Financials,Financial Services,Consumer Finance,43864220232.00,172.44,-1.24,-2.53,-1.19,-5.48,23.41,33.06,56.63,56.63,412397.47,22.29,12.20,13.49,11.17,2.25,-0.01,0.00,0.70,41.26,1.62,1.24,13.52,12.78,"Discover Financial Services is a digital banking and payment services company. The Company is a bank holding company, as well as a financial holding company. The Company operates through two segments: Digital Banking and Payment Services. Its Digital Banking segment includes consumer banking and lending products, specifically Discover-branded credit cards issued to individuals on the Discover Network and other consumer banking products and services, including private student loans, personal loans, home loans and deposit products. Its Payment Services segment includes PULSE, Diners Club, and its Network Partners business, which provides payment transaction processing and settlement services on the Discover Global Network. Its processing services covers four functional areas such as card personalization, print/mail, remittance processing and item processing. Its private student loans are primarily available to students attending eligible non-profit undergraduate and graduate schools."
TE Connectivity plc,TEL,Information Technology,Technology Hardware & Equipment,0.09,BRC3N84,IE000IVNQZ81,17.15,6.7,26.72,18.71,17.6,1.78,3.47,"42,849",0.01,10/30/2024,1.94,1.94,1.95,2.63,BRC3N84,TEL.N,TE Connectivity PLC,Information Technology,Technology Hardware & Equipment,Electronic Manufacturing Services,43372526187.32,142.87,-1.46,-2.34,-0.86,-5.46,-4.97,-4.22,3.42,3.42,627382.37,18.82,13.90,17.16,19.64,3.31,0.00,0.00,0.32,20.20,1.82,1.19,17.19,8.33,"TE Connectivity plc is a global industrial technology company. The Company offers a range of connectivity and sensor solutions that enable the distribution of power, signal and data to advance transportation, renewable energy, automated factories, data centers, medical technology and more. Its segments include Transportation Solutions, Industrial Solutions, and Communications Solutions. The Transportation Solutions segment offers connectivity and sensor technologies. Its products include terminals and connector systems and components, sensors, and relays. The Industrial Solutions segment is a supplier of products that connect and distribute power, data, and signals. Its products include terminals and connector systems and components, relays, heat shrink tubing, and wire and cable. The Communications Solutions segment is a supplier of electronic components for the data and devices and the appliance market. It also offers lightning protection and grounding solutions and services."
Newmont Corporation,NEM,Materials,Materials,0.08,2636607,US6516391066,10.13,--,-10.42,5.52,12.1,2.70,1.43,"42,587",0.06,10/24/2024,0.87,0.87,0.81,--,2636607,NEM.N,Newmont Corporation,Materials,Materials,Gold,43078966125.36,37.00,-2.22,-2.86,-3.04,-11.78,-30.36,-10.68,-8.41,-8.41,3051887.80,11.73,NULL,9.35,20.06,1.26,0.08,0.00,0.42,36.97,2.70,1.59,9.19,3.96,"Newmont Corporation is a gold company and producer of copper, zinc, lead, and silver. Its portfolio of assets and prospects is anchored in mining jurisdictions in Africa, Australia, Latin America & Caribbean, North America, and Papua New Guinea. Its African operation is Ahafo. Its Australian operations include Boddington, Cadia, and Tanami. Its Latin America and Caribbean (LATAC) operations include Cerro Negro, Merian, Penasquito, Pueblo Viejo JV and Yanacocha. Its North American projects include Brucejack, Cripple Creek & Victor, Eleonore, Musselwhite, Nevada Gold Mines JV, Porcupine and Red Chris. Its Papua New Guinea projects include Lihir. Its Ahafo mine is in the Ahafo region, approximately 290 kilometers (km) northwest of Accra, the national capital city. The Boddington mine operates within the Saddleback greenstone belt in Western Australia. Boddington is located 16 km from the rural farming town of Boddington and 130 km from Western Australia’s capital city, Perth."
Public Service Enterprise Group Inc,PEG,Utilities,Utilities,0.08,2707677,US7445731067,20.91,7.5,17.55,21.98,23.0,2.81,2.61,"42,066",0.05,11/04/2024,0.87,0.87,0.90,3.08,2707677,PEG.N,Public Service Enterprise Group Inc,Utilities,Utilities,Multi-Utilities,42314285005.53,84.47,-0.54,-1.09,-0.89,-9.80,-4.66,16.27,42.59,42.59,889256.53,11.53,20.80,20.95,24.41,2.50,0.01,0.00,0.07,21.46,2.84,0.89,20.85,4.03,"Public Service Enterprise Group Incorporated is a regulated infrastructure company focused on a clean energy future. The Company principally conducts its business through two wholly owned subsidiaries, Public Service Electric and Gas Company (PSE&G) and PSEG Power LLC (PSEG Power). The Company’s segments include PSE&G and PSEG Power. The PSE&G segment is engaged principally in the transmission of electricity and distribution of electricity and natural gas in certain areas of New Jersey. The PSE&G segment also invests in regulated solar generation projects and energy efficiency (EE) and related programs in New Jersey. The PSEG Power segment integrates the operations of its merchant nuclear generating assets with its fuel supply functions through energy sales via its principal direct wholly owned subsidiaries. The Company’s other wholly owned subsidiaries are PSEG Long Island LLC (PSEG LI), PSEG Energy Holdings L.L.C. (Energy Holdings), and PSEG Services Corporation (Services)."
"Prudential Financial, Inc.",PRU,Financials,Insurance,0.08,2819118,US7443201022,8.04,3.2,11.29,6.02,8.8,4.40,1.38,"42,053",0.08,10/31/2024,3.47,3.47,3.48,2.75,2819118,PRU.N,Prudential Financial Inc,Financials,Insurance,Life & Health Insurance,42504420000.00,118.15,-0.76,-1.60,-0.35,-8.70,-1.42,3.04,19.15,19.15,566391.53,14.61,10.50,8.01,12.37,1.17,0.02,0.00,-0.16,23.08,4.40,1.69,8.00,14.74,"Prudential Financial, Inc. is a financial services provider and global investment manager. The Company offers a range of financial products and services, including life insurance, annuities, retirement-related products and services, mutual funds, and investment management. It offers these products and services to individual and institutional customers through its own and third-party distribution networks. It operates in the United States, Asia, Europe and Latin America. Its segment includes PGIM, U.S. Businesses, International Businesses, Closed Block division, and Corporate and Other operations. PGIM segment provides investment management services and solutions related to public fixed income, public equity, real estate debt and equity, private credit and other alternatives, and multi-asset class strategies, to institutional and retail clients and its general account. U.S. Businesses segment consists of the retirement strategies, group insurance and individual life products."
"AMETEK, Inc.",AME,Industrials,Capital Goods,0.08,2089212,US0311001004,24.69,9.4,16.21,25.88,26.5,0.60,4.38,"41,807",0.01,10/31/2024,1.62,1.62,1.66,2.83,2089212,AME.N,AMETEK Inc,Industrials,Capital Goods,Electrical Components & Equipment,42202086216.00,180.74,-0.94,-1.62,-0.73,-6.88,5.41,8.75,10.31,10.31,371141.27,15.84,31.50,24.60,32.11,3.74,0.02,0.00,0.36,20.24,0.62,1.11,24.54,7.35,"AMETEK, Inc. is a global provider of industrial technology solutions serving a diverse set of niche markets. The Company’s segments include Electronic Instruments (EIG) and Electromechanical (EMG). The EIG segment manufactures advanced instruments for the process, power and industrial, and aerospace markets. It provides process and analytical instruments for the oil and gas, petrochemical, pharmaceutical, semiconductor, automation, and food and beverage industries. The EIG segment also provides instruments to the laboratory equipment, ultra-precision manufacturing, medical, and test and measurement markets. The EMG segment designs and manufactures engineered medical components and devices, automation solutions, thermal management systems, specialty metals and electrical interconnects. The Company’s EMG segment makes precision motion control products for data storage, medical devices, business equipment, automation, and other applications."
Fastenal Company,FAST,Industrials,Capital Goods,0.08,2332262,US3119001044,32.92,7.7,35.47,20.81,35.5,2.17,11.45,"41,202",0.01,10/11/2024,0.51,0.51,0.52,4.64,2332262,FAST.OQ,Fastenal Co,Industrials,Capital Goods,Trading Companies & Distributors,41829307432.43,71.92,-1.50,-3.36,-3.44,-13.93,1.22,15.68,13.52,13.52,1155079.53,32.91,35.74,32.88,38.23,10.47,0.01,0.00,0.36,24.06,2.17,1.97,32.82,2.19,"Fastenal Company is engaged in the wholesale distribution of industrial and construction supplies. The Company is a distributor of threaded fasteners, bolts, nuts, screws, studs, and related washers, as well as miscellaneous supplies and hardware, such as pins, machinery keys, concrete anchors, metal framing systems, wire rope, struts, rivets, and related accessories. Its business tools include Fastenal Managed Inventory (FMI), Bin stock (FASTStock and FASTBin) and Industrial vending (FASTVend). It also invests in digital solutions that aim to deliver value for its customers, leverage local inventory for same-day solutions, and provide service. Its customers are in the manufacturing and non-residential construction markets. It serves general and commercial contractors in non-residential end markets as well as farmers, truckers, railroads, oil exploration companies, oil production and refinement companies, mining companies, federal, state, and local governmental entities, and others."
"Republic Services, Inc.",RSG,Industrials,Commercial & Professional Services,0.08,2262530,US7607591002,29.48,10.1,17.11,19.00,32.1,1.09,5.61,"63,033",0.06,10/30/2024,1.61,1.61,1.81,3.16,2262530,RSG.N,Republic Services Inc,Industrials,Commercial  & Professional Services,Environmental & Facilities Services,63532298453.76,201.19,-0.83,-1.43,-0.53,-7.84,0.46,4.11,23.04,23.04,345438.30,17.66,32.18,29.46,41.86,5.09,0.01,0.00,0.45,14.33,1.15,0.71,29.38,6.83,"Republic Services, Inc. is a provider of environmental services in the United States. Through its subsidiaries, the Company provides customers with a set of products and services, including recycling, solid waste, special waste, hazardous waste and field services. The Company’s segments include Group 1, Group 2 and Group 3. Group 1 is its recycling and waste business operating primarily in geographic areas located in the western United States. Group 2 is its recycling and waste business operating primarily in geographic areas located in the southeastern and mid-western United States, the eastern seaboard of the United States and Canada. Group 3 is its environmental solutions business operating in geographic areas located across the United States and Canada. It operates through 364 collection operations, 246 transfer stations, 74 recycling centers, 207 active landfills, three treatment, recovery and disposal facilities, and 22 treatment, storage and disposal facilities."
Kroger Co.,KR,Consumer Staples,Consumer Staples Distribution & Retail,0.08,2497406,US5010441013,12.92,4.4,19.82,3.30,13.7,1.99,3.44,"44,331",0.03,12/05/2024,0.97,0.97,0.98,3.11,2497406,KR.N,Kroger Co,Consumer Staples,Consumer Staples Distribution & Retail,Food Retail,45109606144.20,61.23,-1.78,-2.44,0.44,0.25,7.45,24.05,37.08,37.08,1522365.83,25.61,16.20,12.97,17.38,3.39,0.04,0.00,0.58,23.63,2.09,1.65,12.93,4.72,"The Kroger Co. is a food and drug retailer. The Company operate supermarkets, multi-department stores and fulfillment centers throughout the United States. It operates approximately 2,722 supermarkets, 2,257 pharmacies and 1,665 fuel centers in 35 states and the District of Columbia while also operating online through a digital ecosystem to offer customers an omnichannel shopping experience. The Company also manufactures and processes food for sale by its supermarkets and online. It offers Pickup and Harris Teeter ExpressLane personalized, order online, pick up at the store services at 2,350 of its supermarkets and provide delivery, which allows it to offer digital solutions to substantially all of its customers. Its delivery solutions include orders delivered to customers from retail store locations, customer fulfillment centers powered by Ocado and orders placed through third-party platforms. The Company also offers customer-facing apps and interfaces."
"D.R. Horton, Inc.",DHI,Consumer Discretionary,Consumer Durables & Apparel,0.08,2250687,US23331A1097,9.68,12.6,19.81,16.58,10.0,0.93,1.79,"45,221",0.10,10/29/2024,4.17,4.17,3.92,0.79,2250687,DHI.N,DR Horton Inc,Consumer Discretionary,Consumer Durables & Apparel,Homebuilding,45005922420.48,139.56,-0.51,-1.35,-0.38,-17.31,-26.66,-0.56,-7.41,-7.41,881458.43,17.62,9.72,9.66,8.26,1.54,-0.10,0.00,3.03,29.18,1.15,2.40,9.51,14.45,"D.R. Horton, Inc. is a homebuilding company. The Company is primarily engaged in the acquisition and development of land and the construction and sale of residential homes. Its segments include Homebuilding, Rental, Forestar, Financial Services, and Other. The Company’s Homebuilding segment designs, builds and sells single-family detached homes on lots they develop and on fully developed lots purchased ready for home construction. The Rental segment consists of single-family and multi-family rental operations. The single-family rental operations primarily construct and lease single-family homes within a community and then market each community for a bulk sale of rental homes. The Forestar segment is a residential lot development company. The Financial services segment provides mortgage financing, title agency services and title insurance to homebuyers in many of the Company’s homebuilding markets. In addition, it also conducts insurance-related operations."
"Kenvue, Inc.",KVUE,Consumer Staples,Household & Personal Products,0.08,BQ84ZQ6,US49177J1025,17.44,6.1,10.66,19.03,18.6,3.82,3.81,"40,587",0.01,11/07/2024,0.27,0.27,0.28,3.06,BQ84ZQ6,KVUE.N,Kenvue Inc,Consumer Staples,Household & Personal Products,Personal Care Products,41278552640.14,21.18,-1.63,-2.49,-1.90,-12.04,-7.62,18.67,2.26,2.26,4198739.40,16.45,38.25,17.46,NaN,3.66,0.00,NULL,NULL,19.72,3.87,2.04,17.50,1.21,"Kenvue Inc. is a consumer health company. The Company operates through three segments: Self Care, Skin Health and Beauty, and Essential Health. Its Self Care product categories include Pain Care; Cough, Cold, and Allergy; and Other Self Care (Digestive Health; Smoking Cessation; Eye Care; and Other). The Skin Health and Beauty segment's product categories include face and body care and hair, sun, and others. The Essential Health segment's product categories include oral care, baby care and other essential health (women’s health, wound care, and other). Its differentiated portfolio of brands includes Tylenol, Neutrogena, Listerine, Johnson’s, Band-Aid, Aveeno, Zyrtec, and Nicorette. The Company has a global footprint through which it sells and distributes its product portfolio in more than 165 countries across its four regions. The four region consists of North America, Asia Pacific (APAC), Europe, Middle East, and Africa (EMEA), and Latin America (LATAM)."
Baker Hughes Company Class A,BKR,Energy,Energy,0.08,BDHLTQ5,US05722G1004,15.95,23.9,13.06,10.35,17.7,2.03,2.50,"40,493",0.02,10/23/2024,0.61,0.61,0.67,0.74,BDHLTQ5,BKR.OQ,Baker Hughes Co,Energy,Energy,Oil & Gas Equipment & Services,40372653007.20,40.94,0.34,0.15,1.97,-6.85,13.87,17.76,22.84,22.84,2462292.97,14.45,18.33,16.02,44.28,2.30,0.00,0.00,0.06,28.28,2.05,1.54,16.02,2.56,"Baker Hughes Company is an energy technology company with a portfolio of technologies and services that span the energy and industrial value chain. The Company operates in two segments: Oilfield Services & Equipment (OFSE) and Industrial & Energy Technology (IET). OFSE segment provides products and services for onshore and offshore oilfield operations across the lifecycle of a well, ranging from exploration, appraisal, and development, to production, rejuvenation, and decommissioning. OFSE is organized into four product lines: Well Construction; Completions, Intervention, and Measurements; Production Solutions, and Subsea and Surface Pressure Systems. IET segment provides technology solutions and services for mechanical-drive, compression and power-generation applications across the energy industry, including oil and gas, liquefied natural gas (LNG) operations, downstream refining and petrochemical markets, as well as lower carbon solutions to broader energy and industrial sectors."
L3Harris Technologies Inc,LHX,Industrials,Capital Goods,0.08,BK9DTN5,US5024311095,14.67,9.1,6.58,10.43,16.0,2.22,2.08,"39,604",0.06,10/25/2024,3.25,3.25,3.34,1.76,BK9DTN5,LHX.N,L3Harris Technologies Inc,Industrials,Capital Goods,Aerospace & Defense,40279870462.68,208.94,-1.62,-2.18,-1.92,-15.15,-11.74,-6.05,1.24,1.24,291399.73,10.56,33.00,14.59,16.22,2.01,0.02,0.00,0.29,20.10,2.22,1.01,14.69,14.32,"L3Harris Technologies, Inc. provides end-to-end technology solutions connecting the space, air, land, sea and cyber domains. Its Space & Airborne Systems segment includes space payloads, sensors and full-mission solutions; classified intelligence and cyber; avionics; electronic warfare, and mission networks for air traffic management operations. Its Integrated Mission Systems segment includes passive sensing and targeting; electronic attack; autonomy; power and communications; networks; sensors; aviation products, and pilot training operations. Its Communication Systems segment includes tactical communications with global communications solutions; broadband communications; integrated vision solutions, and public safety radios, system applications and equipment. Aerojet Rocketdyne segment includes missile solutions with propulsion technologies for strategic defense, missile defense, and hypersonic and tactical systems, and space propulsion and power systems for national security space."
"Cencora, Inc.",COR,Health Care,Health Care Equipment & Services,0.08,2795393,US03073E1055,14.66,7.6,--,1.03,15.0,0.93,67.82,"43,806",0.03,11/06/2024,3.23,3.23,3.34,1.99,2795393,COR.N,Cencora Inc,Health Care,Health Care Equipment & Services,Health Care Distributors,43861062170.20,224.71,-0.98,-0.83,-1.29,-10.67,0.06,0.18,10.39,10.39,403831.50,171.34,29.94,14.71,20.43,13.38,0.02,0.00,0.56,18.04,0.98,5.05,14.71,15.28,"Cencora, Inc. is a global pharmaceutical sourcing and distribution services company. The Company is focused on improving the lives of people and animals around the world. It is engaged in the delivery of pharmaceuticals, healthcare products, and solutions. The Company operates through two segments: U.S. Healthcare Solutions and International Healthcare Solutions. The U.S. Healthcare Solutions segment distributes a comprehensive offering of brand-name, specialty brand-name and generic pharmaceuticals, over-the-counter healthcare products, home healthcare supplies and equipment, and related services to a variety of healthcare providers, including acute care hospitals and health systems, independent and chain retail pharmacies, long-term care and alternate site pharmacies, and other customers. The International Healthcare Solutions segment consists of businesses that focus on international pharmaceutical wholesale and related service operations and global commercialization services."
"CBRE Group, Inc. Class A",CBRE,Real Estate,Real Estate Management & Development,0.08,B6WVMH3,US12504L1098,21.23,--,12.23,3.41,26.0,--,4.59,"39,864",0.03,10/24/2024,1.06,1.06,1.20,--,B6WVMH3,CBRE.N,CBRE Group Inc,Real Estate,Real Estate Management & Development,Real Estate Services,39975129249.92,130.27,-0.28,-1.31,-0.18,-6.94,4.65,46.19,39.94,39.94,673441.10,16.16,41.92,21.44,23.50,3.71,0.06,0.00,0.48,25.72,NULL,1.55,21.40,6.08,"CBRE Group, Inc. is a commercial real estate services and investment firm. Its Advisory Services segment provides a range of services globally, including property leasing; capital markets, which includes property sales and mortgage origination; mortgage servicing; property management and valuation. Its Global Workplace Solutions segment provides integrated facilities management and project management solutions for major occupiers of commercial real estate. Its Real Estate Investments segment consists of two businesses: investment management and real estate development. Its investment management services are provided to pension funds, insurance companies, sovereign wealth funds, foundations, endowments, and other institutional investors. Its development services consist of real estate development and investment activities. It provides engineering services, base support operations and facilities maintenance for the U.S. federal government. It also provides data center infrastructure."
Crown Castle Inc.,CCI,Real Estate,Equity Real Estate Investment Trusts (REITs),0.08,BTGQCX1,US22822V1017,33.31,2.9,21.72,35.64,36.7,6.97,7.37,"39,054",0.05,10/17/2024,0.67,0.67,0.70,12.75,BTGQCX1,CCI.N,Crown Castle Inc,Real Estate,Equity Real Estate Investment Trusts (REITs),Telecom Tower REITs,39357213716.48,89.78,-0.86,-1.49,-1.07,-14.14,-23.10,-5.40,-17.29,-17.29,1126049.60,19.33,31.80,33.52,23.16,9.45,-0.04,0.00,0.91,20.00,6.97,1.68,33.82,2.68,"Crown Castle Inc. owns, operates and leases shared communications infrastructure. Its core business is providing access, including space or capacity, to its shared communications infrastructure via long-term contracts in various forms, including lease, license, sublease and service agreements. The Company has two segments: Towers and Fiber, which include both small cells and fiber solutions. Towers segment provides access, including space or capacity, to the Company's more than 40,000 towers geographically dispersed throughout the United States. The segment also reflects certain ancillary services relating to the Company's towers, predominately consisting of site development services and installation services. Fiber segment provides access, including space or capacity, to the Company's approximately 115,000 small cells on air or under contract and 90,000 route miles of fiber primarily supporting small cells and fiber solutions geographically dispersed throughout the United States."
"Verisk Analytics, Inc.",VRSK,Industrials,Commercial & Professional Services,0.08,B4P9W92,US92345Y1064,37.82,7.8,74.65,42.40,41.5,0.55,130.14,"38,989",0.02,10/30/2024,1.60,1.60,1.67,5.36,B4P9W92,VRSK.OQ,Verisk Analytics Inc,Industrials,Commercial  & Professional Services,Research & Consulting Services,39157708808.20,275.74,-0.56,-0.95,-0.35,-6.15,3.05,2.59,16.13,16.13,283828.13,296.94,42.58,37.81,49.96,67.25,0.02,0.00,0.26,14.87,0.57,1.67,37.82,7.29,"Verisk Analytics, Inc. is a data, analytics, and technology provider serving clients in the insurance ecosystem. The Company offers predictive analytics and decision support solutions to clients in rating, underwriting, claims, catastrophe, weather risk, and many other fields. Its Insurance segment primarily serves its property and casualty insurance customers across personal and commercial lines of business, focusing on insurance programs, the prediction of loss, the selection and pricing of risk, and compliance with their reporting requirements in each United States state in which they operate. It also develops and utilize machine learned and artificially intelligent models to forecast scenarios and produce both standard and customized analytics that help its customers better manage their businesses, including detecting fraud before and after a loss event and quantifying losses. It also helps businesses and governments anticipate and manage climate and weather-related risks."
"Delta Air Lines, Inc.",DAL,Industrials,Transportation,0.08,B1W9D46,US2473617023,8.20,8.7,52.12,10.78,9.9,0.82,2.87,"39,181",0.27,10/10/2024,1.53,1.53,1.50,1.15,B1W9D46,DAL.N,Delta Air Lines Inc,Industrials,Transportation,Passenger Airlines,39529927598.46,60.72,-0.88,-2.69,-1.30,-4.86,19.91,28.82,52.56,52.56,2090227.83,30.58,8.43,8.45,19.85,2.04,0.01,0.00,-0.56,33.29,0.99,5.59,8.19,7.19,"Delta Air Lines, Inc. provides scheduled air transportation for passengers and cargo throughout the United States and around the world. The Company has hubs and markets in Amsterdam, Atlanta, Bogota, Boston, Detroit, Lima, London-Heathrow, Los Angeles, Mexico City, Minneapolis-St. Paul, New York-JFK and LaGuardia, Paris-Charles de Gaulle, Salt Lake City, Santiago (Chile), Sao Paulo, Seattle, Seoul-Incheon and Tokyo. Its segments include Airline and Refinery. Its airline segment is managed as a single business unit that provides scheduled air transportation for passengers and cargo throughout the United States and around the world and includes its loyalty program, as well as other ancillary businesses. Its refinery segment operates for the benefit of the airline segment by providing jet fuel to the airline segment from its own production and through jet fuel obtained through agreements with third parties. The refinery's production consists of jet fuel, as well as non-jet fuel products."
Corteva Inc,CTVA,Materials,Materials,0.08,BK73B42,US22052L1044,17.57,12.7,3.69,12.31,22.1,1.15,1.58,"38,979",0.05,11/07/2024,-0.30,-0.30,-0.49,1.75,BK73B42,CTVA.N,Corteva Inc,Materials,Materials,Fertilizers & Agricultural Chemicals,39340651320.00,56.56,-1.19,-1.51,-0.63,-8.88,-3.53,5.47,19.42,19.42,1212043.20,6.34,59.45,17.84,22.02,1.51,-0.01,0.00,1.08,23.44,1.20,1.87,17.71,3.17,"Corteva, Inc. is a global pure-play agriculture company. The Company is a global provider of seed and crop protection solutions focused on the agriculture industry and contributing to a healthier food supply. The Company's Seed segment is developing and supplying advanced germplasm and traits that produce optimum yield for farms around the world. The segment is engaged in the seed markets, such as North America corn and soybeans, Europe corn and sunflower, as well as Brazil, India, South Africa, and Argentina corn. The segment also offers trait technologies that improve resistance to weather, disease, insects and enhance food. The Company's Crop Protection segment offers crop protection solutions and digital solutions that provide farmers with the tools they need to improve productivity and profitability, and help keep fields free of weeds, insects and diseases. The segment offers herbicides, insecticides, nitrogen stabilizers, pasture and range management herbicides and biologicals."
Xcel Energy Inc.,XEL,Utilities,Utilities,0.08,2614807,US98389B1008,17.67,7.4,10.33,18.45,19.0,3.20,2.01,"38,804",0.05,10/31/2024,1.26,1.26,1.25,2.57,2614807,XEL.OQ,Xcel Energy Inc,Utilities,Utilities,Electric Utilities,39128832504.30,67.59,-0.81,-0.87,-0.19,-6.85,3.51,27.63,12.41,12.41,1395353.33,10.77,20.09,17.67,21.37,1.86,0.01,0.00,0.21,17.14,3.24,1.56,17.70,3.82,"Xcel Energy Inc. is an electric and natural gas delivery company. The Company provides a comprehensive portfolio of energy-related products and services to approximately 3.8 million electric customers and 2.2 million natural gas customers through four utility subsidiaries, NSP-Minnesota, NSP-Wisconsin, PSCo and SPS. The Company operates through two segments. The Regulated Electric Utility segment generates, purchases, transmits, distributes and sells electricity in Colorado, Michigan, Minnesota, New Mexico, North Dakota, South Dakota, Texas and Wisconsin. In addition, this segment includes sales for resale and provides wholesale transmission service to various entities in the United States. The Regulated Electric Utility segment also includes wholesale commodity and trading operations. The Regulated Natural Gas utility segment purchases, transports, stores, distributes and sells natural gas primarily in portions of Colorado, Michigan, Minnesota, North Dakota and Wisconsin."
Targa Resources Corp.,TRGP,Energy,Energy,0.08,B55PZY3,US87612G1013,22.82,27.2,30.64,14.00,29.9,1.55,15.08,"38,810",0.16,11/05/2024,1.56,1.56,1.74,1.10,B55PZY3,TRGP.N,Targa Resources Corp,Energy,Energy,Oil & Gas Storage & Transportation,38675725156.08,177.76,0.23,-0.08,-0.34,-12.99,20.64,39.42,109.20,109.20,702499.70,37.75,32.09,22.87,46.26,12.99,0.04,0.00,-5.58,28.27,1.69,1.73,22.94,7.77,"Targa Resources Corp. is a provider of midstream services in North America. The Company owns, operates, acquires and develops a diversified portfolio of complementary domestic midstream infrastructure assets and delivers energy across the United States. The Company is engaged in the business of gathering, compressing, treating, processing, transporting, and purchasing and selling natural gas; transporting, storing, fractionating, treating, and purchasing and selling natural gas liquids (NGLs) and NGL products, including services to liquefied petroleum gas (LPG) exporters; and gathering, storing, terminaling, and purchasing and selling crude oil. Its segments are Gathering and Processing, and Logistics and Transportation. Gathering and Processing segment includes assets used in the gathering and/or purchase and sale of natural gas produced from oil and gas wells. Logistics and Transportation segment includes the activities and assets necessary to convert mixed NGLs into NGL products."
"Agilent Technologies, Inc.",A,Health Care,Pharmaceuticals Biotechnology & Life Sciences,0.08,2520153,US00846U1016,23.78,6.4,21.95,24.47,24.2,0.70,6.50,"38,336",0.01,11/26/2024,1.41,1.41,1.46,3.76,2520153,A.N,Agilent Technologies Inc,Health Care,"Pharmaceuticals, Biotechnology & Life Sciences",Life Sciences Tools & Services,38655060710.94,134.42,-0.83,-1.04,-0.13,-2.57,-9.32,4.06,-2.82,-2.82,549062.37,25.04,30.31,23.76,26.81,5.76,0.00,0.00,0.63,23.41,0.74,1.10,23.79,5.66,"Agilent Technologies, Inc. is engaged in providing application focused solutions that include instruments, software, services and consumables for the entire laboratory workflow. It operates in the life sciences, diagnostics and applied chemical markets. Its life sciences and applied markets segment provides application-focused solutions that include instruments, consumables and software that enable customers to identify, quantify and analyze the physical and biological properties of substances and products. Its diagnostics and genomics segment includes the genomics, nucleic acid contract manufacturing and research and development, pathology, companion diagnostics, reagent partnership and biomolecular analysis businesses. The Agilent CrossLab segment offers a service portfolio that includes repairs, parts, maintenance, installations and various other custom services to support the laboratory operations. It also offers contract development and manufacturing organization (CDMO) services."
Ford Motor Company,F,Consumer Discretionary,Automobiles & Components,0.08,2615468,US3453708600,5.79,0.5,10.11,3.05,5.5,7.89,0.89,"39,266",0.07,10/29/2024,0.47,0.47,0.49,10.61,2615468,F.N,Ford Motor Co,Consumer Discretionary,Automobiles & Components,Automobile Manufacturers,39862114587.79,9.88,-1.50,-1.89,-0.20,-11.23,-5.16,-18.91,-13.30,-13.30,11760031.20,13.79,11.27,5.85,4.97,0.80,-0.11,0.00,0.62,30.29,6.07,2.79,5.97,1.69,"Ford Motor Company is an automobile company. The Company develops and delivers Ford trucks, sport utility vehicles, commercial vans and cars and Lincoln luxury vehicles, along with connected services. Its Ford Blue segment includes the sale of Ford and Lincoln internal combustion engine (ICE) and hybrid vehicles, service parts, accessories, and digital services for retail customers. Ford Model e segment primarily includes the sale of electric vehicles, service parts, accessories, and digital services. Ford Pro primarily includes the sale of Ford and Lincoln vehicles, service parts, accessories, and services for commercial, government, and rental customers. Ford Next segment primarily includes expenses and investments for emerging business initiatives aimed at creating value for Ford in vehicle-adjacent market segments. Ford Credit segment is comprised of the Ford Credit business on a consolidated basis, which is primarily vehicle-related financing and leasing activities."
Cognizant Technology Solutions Corporation Class A,CTSH,Information Technology,Software & Services,0.08,2257019,US1924461023,15.41,5.1,16.65,15.21,16.5,1.56,2.63,"38,068",0.02,10/31/2024,1.16,1.16,1.25,3.26,2257019,CTSH.OQ,Cognizant Technology Solutions Corp,Information Technology,Software & Services,IT Consulting & Other Services,39269281392.00,76.75,-3.09,-3.93,-2.85,-4.65,-0.17,13.76,3.27,3.27,1227301.63,16.34,16.98,15.35,17.41,2.36,0.02,0.00,0.11,20.56,1.56,3.63,15.42,5.00,"Cognizant Technology Solutions Corporation is a professional services company. The Company operates through four segments: Financial Services (FS), Health Sciences (HS), Products and Resources (P&R), and Communications, Media and Technology (CMT). The FS segment includes banking, capital markets, payments and insurance companies. Its HS segment consists of healthcare providers and payers, and life sciences companies, including pharmaceutical, biotech and medical device companies. Its P&R segment includes manufacturers, automakers, retailers and travel and hospitality companies, as well as companies providing logistics, energy and utility services. Its CMT segment includes global communications, media and entertainment, education, information services and technology companies. Its services include digital services and solutions, consulting, application development, systems integration, quality engineering and assurance, application maintenance, and infrastructure and security."
Valero Energy Corporation,VLO,Energy,Energy,0.08,2041364,US91913Y1001,13.83,--,35.30,8.38,14.4,3.58,1.50,"37,860",0.12,10/24/2024,0.98,0.98,1.14,--,2041364,VLO.N,Valero Energy Corp,Energy,Energy,Oil & Gas Refining & Marketing,37857261564.24,119.59,0.01,-0.08,0.79,-14.01,-10.76,-22.61,-5.29,-5.29,987574.73,10.24,10.70,13.13,4.27,1.48,-0.19,0.00,4.64,29.44,3.58,4.70,15.54,9.11,"Valero Energy Corporation, through its subsidiaries, is a multinational manufacturer and marketer of petroleum-based and low-carbon liquid transportation fuels, and petrochemical products. The Company sells its products primarily in the United States, Canada, the United Kingdom, Ireland and Latin America. The Company operates through three segments: Refining, Renewable Diesel, and Ethanol. The Refining segment includes the operations of its petroleum refineries, the associated activities to market its refined petroleum products, and the logistics assets that support those operations. The Renewable Diesel segment includes the operations of Diamond Green Diesel (DGD) and the associated activities to market renewable diesel and renewable naphtha. The Ethanol segment includes the operations of its ethanol plants and the associated activities to market its ethanol and co-products. The Company owns over 15 petroleum refineries located in the United States, Canada and the United Kingdom."
Exelon Corporation,EXC,Utilities,Utilities,0.08,2670519,US30161N1019,14.31,5.5,9.22,18.60,15.3,4.04,1.42,"37,818",0.01,10/30/2024,0.67,0.67,0.71,2.78,2670519,EXC.OQ,Exelon Corp,Utilities,Utilities,Electric Utilities,37610923706.65,37.63,0.53,0.48,0.80,-4.88,-6.28,10.94,9.19,9.19,2757644.60,9.33,15.84,14.31,16.64,1.35,0.01,0.00,-0.27,15.71,4.04,1.58,14.26,2.63,"Exelon Corporation is a utility services holding company. The Company is engaged in the energy distribution and transmission businesses through Commonwealth Edison Company (ComEd), Commonwealth Edison Company (PECO), Baltimore Gas and Electric Company (BGE), Potomac Electric Power Company (Pepco), Delmarva Power & Light Company (DPL), and Atlantic City Electric Company (ACE). The Company operates through six segments: ComEd, PECO, BGE, Pepco, DPL, and ACE. ComEd is engaged in purchasing and regulating retail sales of electricity. PECO is engaged in purchasing and regulating the retail sale of electricity and natural gas. Through its business services subsidiary, Exelon Business Services Company, LLC (BSC), the Company provides its subsidiaries with a variety of support services at cost, including legal, human resources, financial, information technology, and supply management services."
Sysco Corporation,SYY,Consumer Staples,Consumer Staples Distribution & Retail,0.07,2868165,US8718291078,16.09,7.7,--,4.42,16.7,2.65,16.99,"37,498",0.02,10/29/2024,1.13,1.13,1.09,2.18,2868165,SYY.N,Sysco Corp,Consumer Staples,Consumer Staples Distribution & Retail,Food Distributors,37799848395.00,76.36,-0.77,-1.23,-0.69,-0.97,-1.52,8.47,7.29,7.29,1060323.60,102.79,19.64,16.09,23.55,12.10,0.00,0.00,-0.08,17.09,2.67,2.98,16.10,4.75,"Sysco Corporation is engaged in selling, marketing and distributing food products to restaurants, healthcare and educational facilities, lodging establishments and other customers who prepare meals away from home. It also supplies a variety of non-food items. Its segments include U.S. Foodservice Operations, International Foodservice Operations, SYGMA and Other. U.S. Foodservice Operations segment includes United States Broadline operations and United States Specialty operations. International Foodservice Operations include operations outside of the United States. SYGMA segment includes its United States customized distribution operations serving quick-service chain restaurant customer locations. Other segment includes primarily its hotel supply operations, Guest Worldwide. It distributes various products, such as frozen foods, fresh meats and seafood, dairy products, beverage products, imported specialties, and fresh produce. It operates around 340 distribution facilities worldwide."
"Gartner, Inc.",IT,Information Technology,Software & Services,0.07,2372763,US3666511072,36.76,6.5,--,18.25,40.8,--,35.34,"37,626",0.17,11/05/2024,2.37,2.37,2.50,6.27,2372763,IT.N,Gartner Inc,Information Technology,Software & Services,IT Consulting & Other Services,37561308988.80,485.45,-0.31,-0.77,-0.36,-6.27,-4.21,8.10,7.61,7.61,138967.40,120.88,35.80,36.81,47.82,34.96,0.03,0.00,1.86,17.60,NULL,1.60,36.91,13.19,"Gartner, Inc. delivers actionable, objective insight to executives and their teams. The Company operates through three segments: Research, Conferences and Consulting. The Research segment delivers independent, objective insight to leaders across an enterprise through subscription services that include on-demand access to published research content, data and benchmarks, and direct access to a network of research experts located around the globe. Gartner Conferences are designed for information technology (IT) and business executives as well as decision makers looking to adapt and evolve their organizations through disruption and uncertainty, navigate risks and prioritize investments. The Consulting segment serves chief information officers and other senior executives to optimize technology investments and drive business impact. The Company also provides solutions for a range of IT-related priorities, including IT cost optimization, digital transformation, and IT sourcing optimization."
"Yum! Brands, Inc.",YUM,Consumer Discretionary,Consumer Services,0.07,2098876,US9884981013,21.95,6.9,--,32.59,24.4,1.96,--,"37,386",0.03,11/05/2024,1.41,1.41,1.37,3.54,2098876,YUM.N,Yum! Brands Inc,Consumer Discretionary,Consumer Services,Restaurants,37738886816.42,133.52,-1.26,-1.82,-0.25,-3.44,-3.97,1.79,4.21,4.21,608084.43,-20.10,24.90,21.97,29.90,-4.97,-0.02,0.00,0.21,15.50,2.01,2.21,21.96,6.08,"YUM! Brands, Inc. and its subsidiaries franchise or operate a system of approximately 58,000 restaurants in 155 countries and territories under the concepts of KFC, Taco Bell, Pizza Hut and The Habit Burger Grill. It consists of four operating segments: The KFC Division, which includes its worldwide operations of the KFC concept; The Taco Bell Division, which includes its worldwide operations of the Taco Bell concept; The Pizza Hut Division, which includes its worldwide operations of the Pizza Hut concept and The Habit Burger Grill Division, which includes its worldwide operations of the Habit Burger Grill concept. It develops, operates or franchises a system of both traditional and non-traditional restaurants. KFC restaurants offers fried and non-fried chicken products. Taco Bell specializes in Mexican-style food products. Pizza Hut specializes in the sale of ready-to-eat pizza products. The Habit Burger Grill offers chargrilled burgers and sandwiches made-to-order over an open flame."
Otis Worldwide Corporation,OTIS,Industrials,Capital Goods,0.07,BK531S8,US68902V1070,22.22,10.0,--,15.68,24.1,1.63,--,"36,972",0.01,10/30/2024,0.97,0.97,0.96,2.41,BK531S8,OTIS.N,Otis Worldwide Corp,Industrials,Capital Goods,Industrial Machinery & Supplies & Components,37357548204.48,92.57,-1.02,-1.68,-1.01,-10.11,-10.59,-3.05,5.12,5.12,665527.70,-31.96,23.05,22.22,29.53,-7.71,0.00,0.00,NaN,18.06,1.69,1.88,22.23,4.17,"Otis Worldwide Corporation is an elevator and escalator manufacturing, installation and service company. The Company’s segments include New Equipment and Service. The New Equipment segment designs, manufactures, sell and installs a range of passenger and freight elevators, and escalators and moving walkways for residential, commercial and infrastructure projects. Its elevator and escalator solutions include Gen2, Gen3, Gen360 and SkyRise. Through its Service segment, it performs maintenance and repair services, and modernization services to upgrade elevators and escalators. Through its network of service sales personnel, it sells its services directly to customers in all significant elevator and escalator verticals around the world. It serves customers in over 200 countries and territories around the world. The SkyRise advanced elevator platform combines cutting-edge technologies and precision engineering to deliver solutions for residential, commercial and mixed-use skyscrapers."
Monster Beverage Corporation,MNST,Consumer Staples,Food Beverage & Tobacco,0.07,BZ07BW4,US61174X1090,28.31,11.6,21.38,27.59,32.0,--,8.84,"51,083",0.01,11/08/2024,0.43,0.43,0.40,2.76,BZ07BW4,MNST.OQ,Monster Beverage Corp,Consumer Staples,"Food, Beverage & Tobacco",Soft Drinks & Non-alcoholic Beverages,51105908080.45,52.53,-0.04,-0.27,1.29,-4.72,0.69,5.17,-8.82,-8.82,2077614.83,23.48,33.75,28.31,45.58,6.77,-0.01,0.00,0.13,29.28,NULL,2.24,28.48,1.86,"Monster Beverage Corporation is a holding company. The Company, through its subsidiaries, develops, markets, sells and distributes energy drink beverages and concentrates for energy drink beverages under various brand names. Its Monster Energy Drinks segment is primarily consisting of its Monster Energy drinks, Reign Total Body Fuel high performance energy drinks, Reign Storm total wellness energy drinks and Bang Energy drinks. Its Strategic Brands segment is primarily consisting of various energy drink brands acquired from the Coca-Cola Company as well as its affordable energy brands, Predator and Fury. Its Alcohol Brands segment consists of various craft beers, hard seltzers and flavored malt beverages. Its Other segment consists of certain products sold by American Fruits and Flavors LLC, a wholly owned subsidiary of the Company, to independent third-party customers. It also develops, markets, sells and distributes still and sparkling waters under the Monster Tour Water brand name."
Ingersoll Rand Inc.,IR,Industrials,Capital Goods,0.07,BL5GZ82,US45687V1061,25.63,12.6,8.21,18.20,27.4,0.09,3.56,"36,512",0.02,11/01/2024,0.82,0.82,0.84,2.18,BL5GZ82,IR.N,Ingersoll Rand Inc,Industrials,Capital Goods,Industrial Machinery & Supplies & Components,36903847665.68,90.52,-1.15,-1.91,-1.38,-13.10,-7.77,-0.31,17.14,17.14,591448.40,12.44,44.03,25.54,39.86,3.07,-0.01,0.00,0.45,24.05,0.09,2.27,25.44,3.54,"Ingersoll Rand Inc. is a diversified, global provider of mission-critical flow creation products and industrial solutions. It offers a range of mission-critical air, gas, liquid, and solid flow creation technologies. It manufactures a range of compressor, pump, vacuum and blower products. Its Industrial Technologies and Services segment designs, manufactures, markets and services a range of air and gas compression, vacuum and blower products, fluid transfer equipment, loading systems, power tools and lifting equipment, including associated aftermarket parts, consumables and services. Its Precision and Science Technologies segment designs, manufactures and markets a range of displacement pumps, fluid management systems, accessories and aftermarket parts that provide liquid and gas dosing, transfer, dispensing, pressure management and flow control in critical applications. It also offers powder and liquid single-use solutions for various markets, including pharma, cell, and gene therapy."
Corning Inc,GLW,Information Technology,Technology Hardware & Equipment,0.07,2224701,US2193501051,20.50,16.4,4.93,10.02,24.3,2.37,3.47,"38,535",0.01,10/29/2024,0.53,0.53,0.54,1.48,2224701,GLW.N,Corning Inc,Information Technology,Technology Hardware & Equipment,Electronic Components,40909654457.24,47.34,-0.92,-1.35,-0.34,-2.73,5.48,23.41,60.02,60.02,1182118.77,12.61,269.24,20.53,22.89,3.47,0.04,0.00,0.19,21.95,2.37,1.25,20.64,2.31,"Corning Incorporated is a materials science technology and innovation company. The Company operates through five segments: Optical Communications, Display Technologies, Specialty Materials, Environmental Technologies and Life Sciences. The Optical Communications segment manufactures carrier network and enterprise network components for the telecommunications industry. Display Technologies segment manufactures glass substrates for flat panel displays, including liquid crystal displays and organic light-emitting diodes. Its Specialty Materials segment is engaged in manufacturing products that provide material formulations for glass, glass ceramics and fluoride crystals to meet demand for customer needs. Its Environmental Technologies segment manufactures ceramic substrates and filters for emission control systems in mobile applications. Its Life Sciences segment manufactures labware, equipment, media, serum and reagents enabling workflow solutions for drug discovery and bioproduction."
Hess Corporation,HES,Energy,Energy,0.07,2023748,US42809H1077,16.44,--,16.41,30.07,13.6,1.39,3.72,"40,274",0.17,10/30/2024,1.79,1.79,2.14,--,2023748,HES.N,Hess Corp,Energy,Energy,Oil & Gas Exploration & Production,40234079909.78,130.71,0.10,0.02,0.81,-10.86,-3.39,-10.72,-8.10,-8.10,546234.50,27.52,15.25,16.80,17.84,2.76,-0.19,0.00,-11.22,20.02,1.53,1.68,17.36,7.78,"Hess Corporation is an exploration and production (E&P) company. The Company is engaged in exploration, development, production, transportation, purchase and sale of crude oil, natural gas liquids, and natural gas with production operations located in the United States (U.S.), Guyana, the Malaysia/Thailand Joint Development Area (JDA) and Malaysia. The Company operates through two segments: E&P and Midstream. The E&P operating segment explores for, develops, produces, purchases and sells crude oil, NGL and natural gas. The Midstream operating segment provides fee-based services, including gathering, compressing and processing natural gas and fractionating NGL; gathering, terminating, loading and transporting crude oil and NGL; storing and terminating propane, and water handling services primarily in the Bakken shale play of North Dakota. The Company conducts exploration activities primarily offshore Guyana, in the U.S. Gulf of Mexico, and offshore Suriname."
Keurig Dr Pepper Inc.,KDP,Consumer Staples,Food Beverage & Tobacco,0.07,BD3W133,US49271V1008,15.63,6.9,8.59,21.63,16.7,2.74,1.74,"43,352",0.00,10/24/2024,0.51,0.51,0.51,2.43,BD3W133,KDP.OQ,Keurig Dr Pepper Inc,Consumer Staples,"Food, Beverage & Tobacco",Soft Drinks & Non-alcoholic Beverages,43772759253.23,31.96,-0.96,-1.08,-0.90,-2.11,-14.73,-3.72,-1.54,-1.54,4088270.50,9.64,19.34,15.66,19.01,1.63,0.00,0.00,0.38,17.37,2.88,1.30,15.68,2.04,"Keurig Dr Pepper Inc. is a beverage company in North America that manufactures, markets, distributes and sells hot and cold beverages and single serve brewing systems. It has a portfolio of beverage brands, including Dr Pepper, Canada Dry, Green Mountain Coffee Roasters, Snapple, Mott's, The Original Donut Shop, Clamato, and Core Hydration, as well as the Keurig brewing system. Its segments include U.S. Refreshment Beverages, U.S. Coffee, and International. The U.S. Refreshment Beverages segment is a manufacturer, and distributor of liquid refreshment beverages (LRBs). It manufactures and distributes concentrates, syrup and finished beverages of its brands to third-party bottlers, distributors, retailers, and end consumer. The U.S. Coffee segment is a manufacturer, and distributor of single serve brewers, specialty coffee (including hot and iced varieties), and ready to drink (RTD) coffee. The International segment includes sales in Canada, Mexico, and other international markets."
GE Healthcare Technologies Inc.,GEHC,Health Care,Health Care Equipment & Services,0.07,BL6JPG8,US36266G1076,16.82,7.2,16.85,14.26,18.3,0.15,4.32,"35,909",0.02,10/30/2024,1.05,1.05,1.14,2.55,BL6JPG8,GEHC.OQ,GE Healthcare Technologies Inc,Health Care,Health Care Equipment & Services,Health Care Equipment,36325970560.29,78.60,-1.14,-1.39,-0.86,-5.55,-16.22,0.94,1.80,1.80,1255123.87,23.00,21.53,16.86,22.39,3.23,0.00,0.00,NaN,20.83,0.18,2.02,16.84,4.66,"GE HealthCare Technologies Inc. is a medical technology, pharmaceutical diagnostics, and digital solutions company. The Company provides integrated solutions, services, and data analytics. Its segments include Imaging, Ultrasound, Patient Care Solutions (PCS), and Pharmaceutical Diagnostics (PDx). Its Imaging segment offers a comprehensive portfolio of scanning devices, clinical applications, service capabilities, and digital solutions. Its Ultrasound segment includes ultrasound medical devices and solutions with a portfolio of continuum of care, including screening, diagnosis, treatment, and monitoring of certain diseases. The segment also includes the clinical artificial intelligence (AI) software business. Its PCS segment portfolio consists of patient monitoring, anesthesia delivery and respiratory care, diagnostic cardiology, maternal infant care, and consumables and services. Its PDx segment consists of two business lines: contrast media and molecular imaging."
"Dell Technologies, Inc. Class C",DELL,Information Technology,Technology Hardware & Equipment,0.07,BHKD3S6,US24703L2025,12.40,11.1,--,6.75,14.7,1.48,--,"80,604",0.07,11/27/2024,2.06,2.06,2.15,1.32,BHKD3S6,DELL.N,Dell Technologies Inc,Information Technology,Technology Hardware & Equipment,"Technology Hardware, Storage & Peripherals",82184872186.83,114.82,-2.14,-3.74,-3.37,-10.01,-2.78,-16.14,52.45,52.45,1544061.80,-151.98,20.29,12.48,17.59,26.72,0.02,0.00,-0.01,45.38,1.55,1.68,12.45,9.20,"Dell Technologies Inc. is engaged in designing, developing, manufacturing, marketing, selling, and supporting a wide range of comprehensive and integrated solutions, products, and services. The Company operates through two segments: Infrastructure Solutions Group (ISG) and Client Solutions Group (CSG). Its ISG segment enables the Company’s customer’s digital transformation with solutions that address artificial intelligence (AI), machine learning, data analytics, and multi cloud environments. Its comprehensive storage portfolio includes modern and traditional storage solutions, including all-flash arrays, scale-out file, object platforms, hyper-converged infrastructure, and software-defined storage. Its CSG segment offers branded personal computers (PCs) including notebooks, desktops, and workstations and branded peripherals that include displays, docking stations, keyboards, mice, and webcam and audio devices, as well as third-party software and peripherals."
"General Mills, Inc.",GIS,Consumer Staples,Food Beverage & Tobacco,0.07,2367026,US3703341046,14.03,0.7,25.16,18.43,14.3,3.76,3.80,"34,993",0.02,12/18/2024,1.22,1.22,1.40,20.87,2367026,GIS.N,General Mills Inc,Consumer Staples,"Food, Beverage & Tobacco",Packaged Foods & Meats,35251238437.50,63.37,-0.91,-0.61,-0.28,-4.36,-13.47,1.98,0.79,0.79,1445193.27,26.65,13.79,14.02,16.54,3.78,-0.02,0.00,0.22,16.07,3.79,4.32,14.05,4.52,"General Mills, Inc. is a global manufacturer and marketer of branded consumer foods with more than 100 brands in 100 countries across six continents. The Company's segments include North America Retail, International, North America Pet, and North America Foodservice. The North America Retail segment reflects business with a variety of grocery stores, mass merchandisers, membership stores, natural food chains, drug, dollar and discount chains, convenience stores, and e-commerce grocery providers. The International segment consists of retail and foodservice businesses outside of the United States and Canada. The North America Pet segment includes pet food products sold primarily in the United States and Canada in national pet superstore chains, e-commerce retailers, grocery stores, regional pet store chains, mass merchandisers, and veterinary clinics and hospitals. The North America Foodservice segment consists of foodservice businesses in the United States and Canada."
Electronic Arts Inc.,EA,Communication Services,Media & Entertainment,0.07,2310194,US2855121099,17.55,13.7,17.20,21.37,18.8,0.52,5.21,"38,562",0.08,10/30/2024,2.03,2.03,2.26,1.37,2310194,EA.OQ,Electronic Arts Inc,Communication Services,Media & Entertainment,Interactive Home Entertainment,38847850246.52,146.54,-1.07,-1.70,-0.52,-10.47,2.28,5.43,7.67,7.67,876025.43,24.67,37.68,17.65,21.25,4.62,0.04,0.00,0.75,18.03,0.52,2.73,17.53,8.30,"Electronic Arts Inc. is a digital interactive entertainment company. The Company develops, markets, publishes, and delivers games, content and services that can be played by consumers on a range of platforms, which include game consoles, personal computers (PCs), mobile phones and tablets. Its portfolio includes Intellectual Property (IP) that it either wholly owns, such as Apex Legends, Battlefield, and The Sims or licenses from others, such as the licenses within EA SPORTS FC and EA SPORTS Madden NFL. It develops and publishes games and services across diverse genres, such as sports, racing, first-person shooter, action, role-playing and simulation. The Company markets and sells its games and services through retail channels and through digital distribution channels. The Company also offers live services, including extra content, subscription offerings and sale of its base games and free-to-play games. The Company also offer its EA Play subscription service on consoles and PC."
Arch Capital Group Ltd.,ACGL,Financials,Insurance,0.07,2740542,BMG0450A1053,10.25,4.0,29.75,24.71,10.4,--,1.61,"34,569",0.28,10/31/2024,2.00,2.00,1.99,2.61,2740542,ACGL.OQ,Arch Capital Group Ltd,Financials,Insurance,Property & Casualty Insurance,34742175106.86,91.89,-0.49,-1.12,-0.22,-8.77,-13.63,-4.22,30.11,30.11,787107.40,19.29,6.17,10.20,22.61,1.41,-0.01,0.00,0.48,26.12,NULL,1.43,10.12,9.01,"Arch Capital Group Ltd. is a Bermuda-based company, which provides insurance, reinsurance and mortgage insurance through its subsidiaries. The insurance segment consists of the Company’s insurance underwriting units, which offer specialty product lines, including construction and national accounts; excess and surplus casualty; professional lines; programs; property, energy, marine and aviation; travel, accident and health; warranty and lenders solutions, and others (consisting of alternative markets, excess workers' compensation and surety business). The reinsurance segment consists of its reinsurance underwriting units, which offer specialty product lines, including casualty; marine and aviation; other specialty; property catastrophe; property excluding property catastrophe, and other (consisting of life reinsurance and other). The mortgage segment includes its United States primary mortgage insurance business, investment and services related to United States credit-risk transfer."
"Constellation Brands, Inc. Class A",STZ,Consumer Staples,Food Beverage & Tobacco,0.07,2170473,US21036P1084,14.73,10.2,19.03,31.46,16.0,1.78,5.07,"39,866",0.08,10/03/2024,4.08,4.08,4.32,1.56,2170473,STZ.N,Constellation Brands Inc,Consumer Staples,"Food, Beverage & Tobacco",Distillers & Vintners,40429969862.32,219.66,-1.37,-2.06,-2.96,-8.84,-14.40,-13.90,-7.67,-7.67,426761.60,26.83,71.03,14.72,22.00,4.25,0.02,0.00,0.08,19.28,1.84,1.58,14.73,14.92,"Constellation Brands, Inc. is a producer and marketer of beer, wine, and spirits with operations in the United States, Mexico, New Zealand, and Italy with brands, such as Corona Extra, Modelo Especial, Robert Mondavi Winery, Kim Crawford, Meiomi, The Prisoner Wine Company, High West, Casa Noble, and Mi CAMPO. Its segments include Beer, Wine and Spirits, and Corporate Operations and Other. In the Beer segment, its portfolio consists of high-end imported beer brands and ABAs. It has a perpetual brand license to produce its Mexican beer portfolio and to import, market, and sell such portfolio in the United States. In the Wine and Spirits segment, it sells a portfolio that includes higher-end wine brands complemented by certain higher-end spirits brands. Its Corporate Operations and Other segment consist of costs of corporate development, corporate finance, corporate strategy, executive management, growth, human resources, internal audit, investor relations, IT, legal and public relations."
Vulcan Materials Company,VMC,Materials,Materials,0.07,2931205,US9291601097,28.51,20.8,13.10,18.09,36.0,0.71,4.33,"34,103",0.08,10/30/2024,2.30,2.30,2.22,1.73,2931205,VMC.N,Vulcan Materials Co,Materials,Materials,Construction Materials,34647591911.24,258.16,-1.60,-2.42,-1.79,-10.40,3.26,4.18,14.53,14.53,232372.03,12.21,40.33,28.33,48.80,3.82,0.01,0.00,0.11,24.70,0.71,1.40,28.32,9.11,"Vulcan Materials Company is a supplier of construction aggregates and producer of aggregates-based construction materials. Its segments include Aggregates, Asphalt, Concrete, and Calcium. Aggregates segment produces and sells aggregates, such as crushed stone, sand and gravel, sand, and other aggregates and related products and services. Asphalt segment produces and sells asphalt mix in Alabama, Arizona, California, New Mexico, Tennessee and Texas and provides asphalt construction paving services in Alabama, Tennessee and Texas. Concrete segment produces and sells ready-mixed concrete in California, Maryland, Oklahoma, Texas, Virginia. Calcium segment is composed of a single calcium operation in Brooksville, Florida. This facility produces calcium products for the animal feed, plastics and water treatment industries with calcium carbonate material mined at the Brooksville quarry. It provides the basic materials for the infrastructure delivered by trucks, ships, barges, and trains."
IQVIA Holdings Inc,IQV,Health Care,Pharmaceuticals Biotechnology & Life Sciences,0.07,BDR73G1,US46266C1053,16.52,7.5,22.87,13.63,17.8,--,5.15,"35,857",0.03,10/31/2024,2.82,2.82,2.84,2.38,BDR73G1,IQV.N,IQVIA Holdings Inc,Health Care,"Pharmaceuticals, Biotechnology & Life Sciences",Life Sciences Tools & Services,36189285000.00,197.45,-0.97,-1.40,-0.83,-1.69,-16.68,-6.62,-14.66,-14.66,432004.00,28.62,25.91,16.51,19.46,4.79,-0.02,0.00,0.59,27.42,NULL,1.55,16.64,11.96,"IQVIA Holdings Inc. is a provider of advanced analytics, technology solutions, and clinical research services to the life sciences industry. Its segments include Technology & Analytics Solutions, Research & Development Solutions, and Contract Sales & Medical Solutions. Technology & Analytics Solutions segment offers mission-critical information, technology solutions and real-world insights and services to its life science clients. Research & Development Solutions segment serves biopharmaceutical customers and provides outsourced clinical research and clinical trial related services. Contract Sales & Medical Solutions segment offers health care providers (including contract sales) and patient engagement services to both biopharmaceutical clients and the broader healthcare market. Its Connected Intelligence delivers insights and solutions enabling customers to accelerate the clinical development and commercialization of medical treatments that improve healthcare outcomes for patients."
"IDEXX Laboratories, Inc.",IDXX,Health Care,Health Care Equipment & Services,0.07,2459202,US45168D1046,34.45,10.9,80.74,29.84,39.5,--,20.93,"33,861",0.02,10/31/2024,2.68,2.68,2.80,3.62,2459202,IDXX.OQ,IDEXX Laboratories Inc,Health Care,Health Care Equipment & Services,Health Care Equipment,33976403633.52,412.75,-0.53,-1.05,-0.10,-2.13,-18.30,-15.28,-25.64,-25.64,223230.17,52.63,39.82,34.50,51.72,15.25,0.00,0.00,0.67,27.33,NULL,1.71,34.53,11.96,"IDEXX Laboratories, Inc. develops, manufactures and distributes products and provides services primarily for the companion animal veterinary, livestock and poultry, dairy and water testing industries. The Company also provides human medical point-of-care and laboratory diagnostics. Its segments include Companion Animal Group (CAG), Water quality products (Water), and Livestock, Poultry and Dairy (LPD). The CAG segment offers diagnostic and information management-based products and services for the companion animal veterinary industry, including in-clinic diagnostic solutions, outside reference laboratory services, and veterinary software and services. Its Water segment provides testing solutions for accurate detection and quantification of various microbiological parameters in water. Its LPD segment provides diagnostic tests, services, and related instrumentation that are used to manage the health status of livestock and poultry, to improve the quality and safety of milk."
ResMed Inc.,RMD,Health Care,Health Care Equipment & Services,0.07,2732903,US7611521078,23.24,9.5,22.70,29.54,24.4,0.88,6.48,"33,685",0.04,10/25/2024,2.05,2.05,2.20,2.57,2732903,RMD.N,Resmed Inc,Health Care,Health Care Equipment & Services,Health Care Equipment,34229832052.28,229.50,-1.58,-1.87,-0.72,-7.84,-5.79,20.43,34.66,34.66,283535.30,25.17,30.43,23.36,40.03,5.29,0.04,0.00,0.58,28.67,0.92,5.32,23.36,9.82,"ResMed Inc. is a holding company. The Company, through its subsidiaries, in the development, manufacturing, distribution and marketing of medical devices and cloud-based software applications that diagnose, treat and manage respiratory disorders, including sleep disordered breathing (SDB), chronic obstructive pulmonary disease, neuromuscular disease and other chronic diseases. It also operates a Software as a Service (SaaS) business in the United States and Germany that includes out-of-hospital software platforms designed to support the professionals and caregivers who help people stay healthy in the home or care setting of their choice. The Company’s segments include Sleep and Respiratory Care and SaaS. Its products and solutions are designed to improve patients' quality of life and reduce the impact of chronic disease. Its cloud-based digital health software applications, along with its devices, are designed to provide connected care to improve patient outcomes."
"Old Dominion Freight Line, Inc.",ODFL,Industrials,Transportation,0.07,2656423,US6795801009,30.51,2.4,31.34,28.05,32.7,0.55,9.08,"37,902",0.02,10/23/2024,1.42,1.42,1.43,13.63,2656423,ODFL.OQ,Old Dominion Freight Line Inc,Industrials,Transportation,Cargo Ground Transportation,38478660913.28,177.28,-1.64,-2.29,-1.60,-21.16,-10.64,0.64,-12.07,-12.07,602679.30,28.93,30.98,30.23,29.73,8.20,-0.06,0.00,1.34,33.70,0.59,3.96,30.47,5.86,"Old Dominion Freight Line, Inc. is a less-than-truckload (LTL) motor carriers. The Company provides regional, inter-regional and national LTL services through a single integrated, union-free organization. Its service offerings, which include expedited transportation, are provided through an expansive network of service centers located throughout the continental United States. It offers a range of value-added services including container drayage, truckload brokerage, and supply chain consulting. It operates approximately 257 service center locations, of which the Company owns 233 and leases 24. Its service centers are responsible for the pickup and delivery of freight within their local service area. Its system offers its customers access to information such as freight tracking, shipping documents, rate quotes, rate databases, and account activity. The Company's integrated systems and customer service department provide its customers with a single point of contact to access information."
"Charter Communications, Inc. Class A",CHTR,Communication Services,Media & Entertainment,0.07,BZ6VT82,US16119P1084,9.58,14.5,45.11,22.90,10.2,--,6.92,"48,799",0.46,11/01/2024,8.61,8.61,8.82,0.70,BZ6VT82,CHTR.OQ,Charter Communications Inc,Communication Services,Media & Entertainment,Cable & Satellite,49576548237.50,343.18,-1.57,-2.44,-1.80,-13.55,5.89,14.79,-11.71,-11.71,380600.23,34.46,10.76,9.38,10.81,2.29,0.05,0.00,3.69,37.03,NULL,7.99,9.39,36.59,"Charter Communications, Inc. is a broadband connectivity company and cable operator serving more than 32 million customers in 41 states through its Spectrum brand. The Company offers a full range of residential and business services including Spectrum Internet, television (TV), Mobile and Voice. Its Spectrum Business delivers a range of broadband products and services coupled with features and applications to enhance productivity of small and medium-sized companies. Spectrum Enterprise provides highly customized, fiber-based solutions for larger businesses and government entities. Its Spectrum Reach delivers tailored advertising and production for the modern media landscape. The Company also distributes news coverage and sports programming to its customers through Spectrum Networks. Its Spectrum Mobile service is offered to customers subscribing to its Internet service, and runs on the Verizon Communications Inc.(Verizon) mobile network, combined with Spectrum WiFi."
Westinghouse Air Brake Technologies Corporation,WAB,Industrials,Capital Goods,0.07,2955733,US9297401088,22.14,18.2,7.92,13.68,25.0,0.42,3.20,"32,824",0.05,10/23/2024,1.88,1.88,2.00,1.38,2955733,WAB.N,Westinghouse Air Brake Technologies Corp,Industrials,Capital Goods,Construction Machinery & Heavy Transportation Equipment,33002807808.00,190.95,-0.55,-1.50,-0.26,-4.82,5.16,21.09,51.21,51.21,365432.40,12.84,31.80,22.40,39.29,3.12,0.03,0.00,0.16,17.97,0.42,1.44,22.45,8.52,"Westinghouse Air Brake Technologies Corporation, doing business as Wabtec Corporation, is a provider of equipment, systems, digital solutions and value-added services for the freight and transit rail industries, as well as the mining, marine and industrial markets. Its segments include Freight and Transit. The Freight Segment primarily manufactures new and modernized locomotives; provides aftermarket parts and services to existing locomotives; provides components to new and existing freight cars; builds new commuter locomotives; supplies rail control and infrastructure products; overhauls locomotives; and provides heat exchangers and cooling systems for rail and other industrial markets. The Transit Segment primarily manufactures and services components for new and existing passenger transit vehicles, such as regional trains, high speed trains, subway cars, light-rail vehicles and buses; supplies rail control and infrastructure products including electronics, signal design and more."
Occidental Petroleum Corporation,OXY,Energy,Energy,0.07,2655408,US6745991058,14.93,12.0,17.74,22.90,14.1,1.73,1.72,"45,464",0.12,11/13/2024,0.74,0.74,1.00,1.17,2655408,OXY.N,Occidental Petroleum Corp,Energy,Energy,Integrated Oil & Gas,45565938119.52,48.46,-0.21,0.54,1.30,-3.75,-5.55,-22.43,-17.53,-17.53,3168975.03,12.43,13.26,14.94,5.00,1.51,-0.11,0.00,4.68,24.27,1.82,3.79,14.67,3.24,"Occidental Petroleum Corporation is an international energy company with assets primarily in the United States, the Middle East, and North Africa. The Company is an oil and gas producer in the United States, including a producer in the Permian and DJ basins, and the offshore Gulf of Mexico. It operates through three segments: oil and gas, chemical and midstream and marketing. The oil and gas segment explores for, develops, and produces oil (which includes condensate), natural gas liquids (NGL) and natural gas. The chemical segment primarily manufactures and markets basic chemicals and vinyls. The midstream and marketing segment purchases, markets, gathers, processes, transports, and stores oil (which includes condensate), NGL, natural gas, carbon dioxide (CO2) and power. The midstream and marketing segment provides flow assurance and maximizes the value of its oil and gas. It also optimizes its transportation and storage capacity and invests in entities that conduct similar activities."
Lennar Corporation Class A,LEN,Consumer Discretionary,Consumer Durables & Apparel,0.07,2511920,US5260571048,10.08,6.0,14.44,13.68,10.2,1.47,1.35,"36,944",0.09,12/19/2024,4.15,4.15,4.06,1.71,2511920,LEN.N,Lennar Corp,Consumer Discretionary,Consumer Durables & Apparel,Homebuilding,37084924728.89,136.20,-0.72,-1.76,-1.30,-21.90,-27.15,-8.55,-7.43,-7.43,753597.87,12.74,9.01,10.65,8.35,1.24,-0.20,0.00,1.94,29.37,1.47,2.98,10.61,12.79,"Lennar Corporation is a homebuilder and an originator of residential and commercial mortgage loans. The Company is also a provider of title insurance and closing services, and a developer of multifamily rental properties. The Company's segments include Homebuilding East, Homebuilding Central, Homebuilding Texas, Homebuilding West, Financial Services, Multifamily and Lennar others. Its Homebuilding segments primarily include the construction and sale of single-family attached and detached homes, as well as the purchase, development and sale of residential land directly and through its unconsolidated entities. Its Financial Services segment primarily provides mortgage financing, title and closing services primarily for buyers of its homes, as well as property and casualty insurance. The Company’s Multifamily segment is involved in the development, construction and property management of multifamily rental properties. Its Lennar Other segment includes fund investments."
Entergy Corporation,ETR,Utilities,Utilities,0.06,2317087,US29364G1031,19.55,8.1,17.08,21.27,20.9,3.03,2.16,"32,483",0.08,10/31/2024,1.48,1.48,1.50,2.59,2317087,ETR.N,Entergy Corp,Utilities,Utilities,Electric Utilities,32487102281.28,75.75,-0.01,-0.25,0.42,-2.99,16.05,44.12,55.79,55.79,1127018.83,10.44,9.23,19.58,23.69,2.05,0.01,0.00,0.19,28.27,3.17,1.16,19.59,3.87,"Entergy Corporation is an integrated energy company engaged primarily in electric power production and retail distribution operations. The Company operates primarily through a single segment, Utility. The Utility segment includes the generation, transmission, distribution, and sale of electric power in portions of Arkansas, Mississippi, Texas, and Louisiana, including the City of New Orleans; and operation of a small natural gas distribution business in portions of Louisiana. The Utility segment includes five retail electric utility subsidiaries: Entergy Arkansas, Entergy Louisiana, Entergy Mississippi, Entergy New Orleans, and Entergy Texas. These companies generate, transmit, distribute, and sell electric power to retail and wholesale customers in Arkansas, Louisiana, Mississippi, and Texas. The Company owns and operates power plants with approximately 24,000 MW of electric generating capacity. It delivers electricity to approximately three million utility customers."
"United Airlines Holdings, Inc.",UAL,Industrials,Transportation,0.06,B4QG225,US9100471096,7.88,9.0,32.28,9.61,9.5,--,2.82,"32,296",0.18,10/16/2024,3.16,3.16,3.33,1.06,B4QG225,UAL.OQ,United Airlines Holdings Inc,Industrials,Transportation,Passenger Airlines,32772483435.00,98.21,-1.45,-2.64,-1.28,1.43,72.12,101.83,138.03,138.03,1617296.47,30.84,11.84,7.90,45.38,1.99,0.14,0.00,-0.82,42.10,NULL,6.07,7.87,12.43,"United Airlines Holdings, Inc. is a holding company. The Company transports people and cargo throughout North America and to destinations in Asia, Europe, Africa, the Pacific, the Middle East and Latin America. The Company, through its wholly owned subsidiary, United Airlines, Inc., and its regional carriers, operates across six continents, with hubs at Chicago O'Hare International Airport (ORD), Denver International Airport (DEN), George Bush Intercontinental Airport (IAH), Los Angeles International Airport (LAX), Newark Liberty International Airport (EWR), San Francisco International Airport (SFO), Washington Dulles International Airport (IAD) and A.B. Won Pat International Airport (GUM). Its hub and spoke system allows it to transport passengers between various destinations with frequent services. The Company has contractual relationships with various regional carriers to provide regional aircraft service branded as United Express."
"Rockwell Automation, Inc.",ROK,Industrials,Capital Goods,0.06,2754060,US7739031091,29.11,4.9,26.86,15.30,30.4,1.77,9.23,"32,306",0.07,11/07/2024,2.40,2.40,2.47,6.15,2754060,ROK.N,Rockwell Automation Inc,Industrials,Capital Goods,Electrical Components & Equipment,32835985115.50,285.64,-1.67,-2.80,-1.23,-3.22,6.89,4.76,-6.28,-6.28,307548.70,29.24,34.50,29.40,30.24,8.69,-0.10,0.00,0.10,28.87,1.83,2.42,29.45,9.71,"Rockwell Automation, Inc. is engaged in industrial automation and digital transformation. The Company operates in three segments: Intelligent Devices, Software & Control, and Lifecycle Services. The Intelligent Devices segment comprehensive portfolio include power control, motion control, safety, sensing, and industrial components, and micro control and distributed input/output. The Software & Control operating segment contains a comprehensive portfolio of production automation and production operations platforms, including hardware and software. This integrated portfolio is merging information technology (IT) and operational technology (OT), bringing the benefits of the Connected Enterprise to the production system. The Lifecycle Services segment includes consulting services, including cybersecurity and digital transformation strategy and design and professional services, including global automation and information program and project management and delivery capabilities."
"Nasdaq, Inc.",NDAQ,Financials,Financial Services,0.06,2965107,US6311031081,24.49,9.6,12.48,30.19,27.6,1.19,4.02,"44,485",0.02,10/24/2024,0.69,0.69,0.74,2.88,2965107,NDAQ.OQ,Nasdaq Inc,Financials,Financial Services,Financial Exchanges & Data,45072491305.68,77.40,-1.30,-2.17,-0.69,-6.46,6.33,29.25,35.01,35.01,1015387.27,13.40,46.25,24.55,28.92,3.72,0.04,0.00,0.61,15.60,1.24,0.82,24.67,3.15,"Nasdaq, Inc. is a global technology company serving corporate clients, investment managers, banks, brokers, and exchange operators as they navigate and interact with the global capital markets and the financial system. The Company manages, operates, and provides its products and services in three business segments: Capital Access Platforms, Financial Technology and Market Services. The Company's Capital Access Platforms segment includes Data & Listing Services, Index and Workflow & Insights. The Company's Financial Technology segment comprises of Financial Crime Management Technology, Regulatory Technology and Capital Markets Technology solutions. The Company's Market Services segment operates multiple exchanges and other marketplace facilities across several asset classes, including derivatives, commodities, cash equity, debt, structured products, and exchange-traded products (ETPs). The Market Services segment also provides clearing, settlement, and central depository services."
Garmin Ltd.,GRMN,Consumer Discretionary,Consumer Durables & Apparel,0.06,B3Z5T14,CH0114405324,27.06,13.3,19.52,20.89,29.6,1.43,5.31,"39,861",0.04,10/30/2024,1.45,1.45,1.99,2.22,B3Z5T14,GRMN.N,Garmin Ltd,Consumer Discretionary,Consumer Durables & Apparel,Consumer Electronics,40202347509.84,207.46,-0.91,-1.52,-0.88,-2.08,18.27,28.34,64.24,64.24,294791.27,17.75,26.37,27.11,41.86,4.66,0.17,0.00,0.20,38.94,1.45,1.57,27.09,7.65,"Garmin Ltd. (Garmin) is a Switzerland-based entity. The Company and its subsidiaries offer global positioning system (GPS) navigation and wireless devices and applications. The Company operates through five segments: fitness, outdoor, aviation, marine and auto. It offers a range of auto navigation products, as well as a range of products and applications designed for the mobile GPS market. It offers Outdoor Handhelds, Wearable Devices, Golf Devices, and Dog Tracking and Training/Pet Obedience Devices. Garmin offers various products designed for use in fitness and activity tracking. Company’s aviation business segment is a provider of solutions to aircraft manufacturers, existing aircraft owners and operators, as well as military and government customers and serves a range of aircraft, including transport aircraft, business aviation, general aviation, experimental/light sport, helicopters, optionally piloted vehicles, and unmanned aerial vehicles. Company operates worldwide."
"Martin Marietta Materials, Inc.",MLM,Materials,Materials,0.06,2572079,US5732841060,24.93,17.7,15.78,23.73,30.0,0.58,3.47,"31,797",0.42,10/30/2024,6.25,6.25,5.91,1.69,2572079,MLM.N,Martin Marietta Materials Inc,Materials,Materials,Construction Materials,32321673263.88,520.25,-1.62,-2.22,-2.17,-13.18,-3.22,-3.70,4.84,4.84,128165.73,15.76,16.17,24.88,42.78,3.14,-0.03,0.00,0.23,23.44,0.61,2.32,25.24,20.91,"Martin Marietta Materials, Inc. is a natural resource-based building materials company. The Company supplies aggregates (crushed stone, sand and gravel) through its network of approximately 360 quarries, mines and distribution yards in 28 states, Canada and The Bahamas. It also provides cement and downstream products, namely, ready mixed concrete, asphalt and paving services in targeted markets. The Company conducts its Building Materials business through two segments, such as the East Group and the West Group. The East Group provides aggregates and asphalt products. The West Group provides aggregates, cement, downstream products and paving services. The Company’s Magnesia Specialties business produces and sells dolomitic lime from its Woodville, Ohio facility and manufactures magnesia-based chemical products at its Manistee, Michigan facility. The Company also owns 20 active aggregates operations in Alabama, South Carolina, South Florida, Tennessee, and Virginia."
"DuPont de Nemours, Inc.",DD,Materials,Materials,0.06,BK0VN47,US26614N1028,17.17,8.8,1.94,14.23,19.4,2.00,1.31,"31,739",0.01,11/05/2024,1.03,1.03,1.18,2.21,BK0VN47,DD.N,Dupont De Nemours Inc,Materials,Materials,Specialty Chemicals,32027923144.93,75.95,-0.89,-1.67,-1.21,-9.14,-14.38,-4.78,0.63,0.63,664235.17,5.45,62.02,17.31,22.99,1.27,0.03,0.00,-0.13,19.91,2.00,1.00,17.21,4.39,"DuPont de Nemours, Inc. provides technology-based materials and solutions. Its Electronics & Industrial segment is a global supplier of differentiated materials and systems for a range of consumer electronics, including mobile devices, television monitors, personal computers and electronics used in a variety of industries. The segment provides materials and solutions for the fabrication and packaging of semiconductors and integrated circuits and provides solutions for thermal management and electromagnetic shielding and metallization processes for metal finishing, decorative, and industrial applications. Its Water & Protection segment provides engineered products and integrated systems for a number of industries, including worker safety, water purification and separation, aerospace, energy, medical packaging and building materials. Its brands include NOMEX, KEVLAR, TYVEK, FILMTEC, AMBERLITE, and STYROFOAM. It also offers advanced injection molding manufacturing capabilities."
"Hartford Financial Services Group, Inc.",HIG,Financials,Insurance,0.06,2476193,US4165151048,9.42,12.1,17.55,13.43,10.9,1.72,1.91,"31,778",0.16,10/25/2024,2.54,2.54,2.53,0.90,2476193,HIG.N,Hartford Financial Services Group Inc,Financials,Insurance,Property & Casualty Insurance,31919897459.45,109.27,-0.76,-1.54,-0.41,-11.01,-6.69,9.59,38.40,38.40,614670.97,18.03,10.94,9.41,15.32,1.69,0.02,0.00,0.29,21.48,1.90,1.30,9.47,11.61,"The Hartford Financial Services Group, Inc. is a holding company. The Company's segments include Commercial Lines, Personal Lines, Property & Casualty Other Operations, Group Benefits and Hartford Funds. The Commercial Lines segment provides a variety of insurance products and risk management services in the United States and internationally. Personal Lines segment provides automobile, homeowners and personal umbrella coverage to individuals across the United States. The Property & Casualty Other Operations segment includes certain property and casualty operations. The Group Benefits segment provides employers and associations with group life, accident and disability coverage, along with other products and services, including voluntary benefits, and group retiree health. Hartford Funds segment offers investment products for retail and retirement accounts and provides investment management, distribution and administrative services, such as product design, implementation and oversight."
Equifax Inc.,EFX,Industrials,Commercial & Professional Services,0.06,2319146,US2944291051,28.43,21.3,12.84,18.45,35.6,0.61,6.44,"31,622",0.04,10/17/2024,1.85,1.85,1.85,1.67,2319146,EFX.N,Equifax Inc,Industrials,Commercial  & Professional Services,Research & Consulting Services,31729236799.70,255.22,-0.30,-1.38,-1.27,-2.42,-13.02,5.56,3.82,3.82,310581.33,17.12,56.67,28.15,33.91,5.47,-0.01,0.00,0.35,25.13,0.61,1.79,29.29,9.07,"Equifax Inc. is a global data, analytics, and technology company. The Company is engaged in helping financial institutions, companies, employers, and government agencies make critical decisions. The Company’s Workforce Solutions segment provides services enabling customers to verify income, employment, educational history, criminal justice data, healthcare professional licensure and sanctions of people in the United States. The Company’s U.S. Information Solutions (USIS) segment provides consumer and commercial information solutions to businesses in the United States, including online information, decisioning technology solutions, identity management services, analytical services, e-commerce fraud and charge back protection services, portfolio management services, mortgage information and marketing services. The Company’s International segment provides products and services similar to those available in the USIS segment but with variations by geographic region."
Willis Towers Watson Public Limited Company,WTW,Financials,Insurance,0.06,BDB6Q21,IE00BDB6Q211,17.29,11.1,10.80,19.30,18.8,1.11,4.22,"31,597",0.08,10/31/2024,2.72,2.72,2.93,1.70,BDB6Q21,WTW.OQ,Willis Towers Watson PLC,Financials,Insurance,Insurance Brokers,31860474048.32,313.24,-0.97,-1.46,-0.36,-2.72,6.35,19.85,31.11,31.11,310786.20,8.77,NULL,17.36,23.47,3.54,-0.01,0.00,0.22,17.18,1.12,1.01,17.25,18.04,"Willis Towers Watson Public Limited Company is a global advisory, broking and solutions company that provides data-driven, insight-led solutions in the areas of people, risk and capital. The Company’s segments include Health, Wealth & Career (HWC) and Risk & Broking (R&B). The HWC segment provides an array of advice, broking, solutions and technology for employee benefit plans, institutional investors, compensation and career programs, and employee experience overall. Its portfolio of services supports the interrelated challenges that the management teams of its clients face across human resources (HR) and finance. It focuses on four key areas: Health, Wealth, Career and Benefits Delivery & Outsourcing. The R&B segment provides a range of risk advice, insurance brokerage and consulting services to clients ranging from small businesses to multinational corporations. Its R&B segment includes two businesses: Corporate Risk & Broking and Insurance Consulting and Technology."
HP Inc.,HPQ,Information Technology,Technology Hardware & Equipment,0.06,BYX4D52,US40434L1052,9.07,3.8,--,7.41,9.2,3.38,--,"30,640",0.02,11/27/2024,0.93,0.93,0.93,2.41,BYX4D52,HPQ.N,HP Inc,Information Technology,Technology Hardware & Equipment,"Technology Hardware, Storage & Peripherals",31209908654.08,32.63,-1.95,-2.39,-1.81,-7.13,-8.27,-5.27,12.09,12.09,2723924.00,-205.25,11.61,9.05,8.01,-17.86,0.00,0.00,0.84,32.36,3.55,3.08,9.08,3.60,"HP Inc. is a global provider of personal computing and other digital access devices, imaging and printing products, and related technologies, solutions and services. The Company delivers a range of devices, services and subscriptions for personal computing, printing, three-dimensional (3D) printing, hybrid work, gaming, and more. It operates in three segments. The Personal Systems segment offers commercial and consumer desktops and notebooks, detachables and convertibles, workstations, thin clients, commercial mobility devices, retail point-of-sale (POS) systems, displays, hybrid systems, software, solutions, and services. The Printing segment offers consumer and commercial printer hardware, supplies, services, and solutions. The Printing segment is also focused on graphics and 3D printing and personalization in the commercial and industrial markets. Corporate Investments include certain business incubation and investment projects. It also provides collaboration management solutions."
M&T Bank Corporation,MTB,Financials,Banks,0.06,2340168,US55261F1049,11.54,5.2,10.93,25.27,13.0,2.81,1.18,"31,331",0.08,10/17/2024,3.64,3.64,4.02,2.50,2340168,MTB.N,M&T Bank Corp,Financials,Banks,Regional Banks,31397260728.34,188.56,-0.35,-1.29,-0.29,-13.75,6.52,26.34,42.11,42.11,349969.87,9.78,13.95,11.56,15.78,1.12,0.03,0.00,-0.12,29.82,2.86,2.16,11.55,16.31,"M&T Bank Corporation is a financial holding company. The Company has two wholly owned bank subsidiaries: M&T Bank and Wilmington Trust, N.A. Its subsidiaries offer a range of retail and commercial banking, trust and wealth management, and investment services to their customers. Its segments include Commercial Bank, Retail Bank and Institutional Services and Wealth Management. The Commercial Bank segment provides a range of credit products and banking services to middle-market and large commercial customers, mainly within the markets served by the Company. The Retail Bank segment provides a range of services to consumers and small businesses through its branch network and several other delivery channels, such as telephone banking, Internet banking and automated teller machines. The Institutional Services and Wealth Management segment provides a variety of trustee, agency, investment management and administrative services for corporations and institutions, investment bankers and others."
Deckers Outdoor Corporation,DECK,Consumer Discretionary,Consumer Durables & Apparel,0.06,2267278,US2435371073,33.53,14.3,39.22,21.92,37.0,--,14.07,"31,277",0.05,10/25/2024,1.24,1.24,1.59,2.58,2267278,DECK.N,Deckers Outdoor Corp,Consumer Discretionary,Consumer Durables & Apparel,Footwear,31464562934.68,205.76,-0.65,-1.75,-0.91,5.00,29.04,27.54,84.70,84.70,499301.10,33.47,36.23,33.55,81.89,10.29,0.07,0.00,0.89,36.73,NULL,2.04,32.80,6.13,"Deckers Outdoor Corporation designs, markets, and distributes footwear, apparel, and accessories developed for both everyday casual lifestyle use and high-performance activities. Its segments include UGG brand, HOKA brand, Teva brand, and Other brands, as well as Direct-to-Consumer (DTC). The UGG brand segment provides premium footwear, apparel and accessories with expanded product offerings. The HOKA brand segment’s products include running, trail, hiking, fitness and lifestyle footwear offerings, as well as select apparel and accessories. The Teva brand segment includes a variety of footwear options, from classic sandals and shoes to boots, all crafted for the demands of the outdoors. Its Other brands segment consists primarily of the Koolaburra brand, as well as the AHNU brand. The Koolaburra brand is a casual footwear fashion line that uses plush materials. The DTC segment encompasses all of its brands and consists of its e-commerce Websites and retail stores."
"AvalonBay Communities, Inc.",AVB,Real Estate,Equity Real Estate Investment Trusts (REITs),0.06,2131179,US0534841012,38.96,4.9,8.05,31.33,32.9,3.07,2.63,"31,262",0.22,11/05/2024,1.34,1.34,2.61,6.68,2131179,AVB.N,AvalonBay Communities Inc,Real Estate,Equity Real Estate Investment Trusts (REITs),Multi-Family Residential REITs,31460031194.94,219.79,-0.63,-1.58,-0.85,-6.61,-2.42,7.04,20.36,20.36,239816.80,7.17,30.03,39.92,28.85,2.71,-0.02,0.00,0.41,17.37,3.09,2.01,40.30,5.51,"AvalonBay Communities, Inc. is a real estate investment trust (REIT). The Company develops, redevelops, acquires, owns and operates multifamily apartment communities in New England, the New York/New Jersey metro area, the Mid-Atlantic, the Pacific Northwest, and Northern and Southern California, as well as in its expansion markets of Raleigh-Durham and Charlotte, North Carolina, Southeast Florida, Dallas and Austin, Texas, and Denver, Colorado. The Company focuses on metropolitan areas in these regions. The Company's segments include Same Store, Other Stabilized and Development/Redevelopment. The Company owns or holds a direct or indirect ownership interest in approximately 279 operating apartment communities containing over 83,655 apartment homes in 12 states and the District of Columbia and 19 wholly owned apartment communities under development. The Company operates under four core brands, which include Avalon, AVA, eaves by Avalon, and Kanso."
Extra Space Storage Inc.,EXR,Real Estate,Equity Real Estate Investment Trusts (REITs),0.06,B02HWR9,US30225T1025,32.21,2.5,9.09,48.31,37.3,4.40,2.32,"31,214",0.06,10/30/2024,1.11,1.11,0.91,14.66,B02HWR9,EXR.N,Extra Space Storage Inc,Real Estate,Equity Real Estate Investment Trusts (REITs),Self Storage REITs,31392646733.21,147.25,-0.57,-1.57,-0.45,-12.97,-17.43,-3.39,-4.31,-4.31,360683.23,6.56,39.38,31.20,24.13,2.33,0.00,0.00,1.00,22.74,4.40,1.81,32.05,4.72,"Extra Space Storage Inc. is a self-administered and self-managed real estate investment trust (REIT). It owns, operates, manages, acquires, develops and redevelops professionally managed self-storage properties (stores) located throughout the United States. Its interest in its stores is held through its operating partnership, Extra Space Storage LP (the Operating Partnership). It owns and/or operates 3,812 self-storage stores in 42 states and Washington, D.C. Its stores comprise approximately 2.6 million units and approximately 292.1 million square feet of rentable space operating under the Extra Space, Life Storage and Storage Express brands. It offers customers a selection of storage units, including boat storage, recreational vehicle (RV) storage and business storage. Its Self-storage operations segment include rental operations of wholly owned stores. Its Tenant reinsurance segment include the reinsurance of risks relating to the loss of goods stored by tenants in its stores."
"Consolidated Edison, Inc.",ED,Utilities,Utilities,0.06,2216850,US2091151041,15.86,5.4,12.04,15.78,16.7,3.72,1.41,"30,849",0.15,11/08/2024,1.59,1.59,1.68,3.10,2216850,ED.N,Consolidated Edison Inc,Utilities,Utilities,Multi-Utilities,31655729736.44,89.16,-0.45,-0.48,-0.57,-11.36,-13.63,1.40,1.50,1.50,817824.47,8.19,16.79,15.85,19.68,1.33,0.01,0.00,0.05,15.65,3.72,3.93,15.86,5.63,"Consolidated Edison, Inc. is an energy-delivery company. The Company provides a range of energy-related products and services to its customers through its subsidiaries, including Consolidated Edison Company of New York, Inc. (CECONY), Orange and Rockland Utilities, Inc. (O&R) and Con Edison Transmission, Inc. CECONY is a regulated utility providing electric service in New York City and New York’s Westchester County, gas service in Manhattan, the Bronx, parts of Queens and parts of Westchester, and steam service in Manhattan. CECONY provides electric service to approximately 3.7 million customers. O&R is a regulated utility serving customers in a 1,300-square-mile area in southeastern New York State and northern New Jersey. Con Edison Transmission, Inc manages, through joint ventures, both electric and gas assets while seeking to develop electric transmission projects that bring clean, renewable electricity to customers, focusing on New York and the Northeast."
Edison International,EIX,Utilities,Utilities,0.06,2829515,US2810201077,14.01,7.4,8.71,20.17,16.1,3.92,2.20,"30,848",0.06,10/30/2024,1.40,1.40,1.51,2.18,2829515,EIX.N,Edison International,Utilities,Utilities,Electric Utilities,30890719963.51,79.68,-0.14,-0.41,-0.05,-9.20,-7.67,13.20,14.99,14.99,863001.17,12.22,23.38,13.99,17.37,1.81,0.04,0.00,-0.02,15.48,4.15,1.49,13.97,5.70,"Edison International is the holding company of Southern California Edison Company (SCE) and Edison Energy, LLC (Edison Energy). The Company is engaged in providing clean and reliable energy and energy services through its independent companies. SCE is a public utility primarily engaged in the business of supplying and delivering electricity to an approximately 50,000 square mile area of Southern California. SCE delivers electricity to approximately 15 million people across Southern, Central and Coastal California. Edison Energy, LLC, an indirect wholly owned non-utility subsidiary of Edison International, a global energy advisory firm providing integrated sustainability and energy solutions to commercial, industrial and institutional customers."
Microchip Technology Incorporated,MCHP,Information Technology,Semiconductors & Semiconductor Equipment,0.06,2592174,US5950171042,25.76,-23.2,28.96,33.52,35.7,3.17,4.89,"30,674",0.01,11/06/2024,0.43,0.43,0.46,--,2592174,MCHP.OQ,Microchip Technology Inc,Information Technology,Semiconductors & Semiconductor Equipment,Semiconductors,31329177051.56,57.12,-2.09,-2.31,-1.30,-16.21,-28.37,-36.79,-35.22,-35.22,3727751.97,11.23,39.84,25.64,12.64,4.97,-0.19,0.00,0.40,40.87,3.19,5.77,28.86,2.23,"Microchip Technology Incorporated develops, manufactures and sells smart, connected and secure embedded control solutions used by its customers for a variety of applications. The Company’s solutions serve approximately 123,000 customers across the industrial, automotive, consumer, aerospace and defense, communications and computing markets. The Company’s semiconductor products segment designs, develops, manufactures and markets mixed-signal microcontrollers, development tools and analog, interface, mixed-signal, timing, wired and wireless connectivity devices, and memory products. The Company also offers a comprehensive set of low-cost and easy-to-learn application development tools. Its manufacturing operations include wafer fabrication, wafer probe, assembly and test. The technology licensing segment includes sales and licensing of the Company's intellectual property. It markets and sells its products worldwide primarily through a network of direct sales personnel and distributors."
Humana Inc.,HUM,Health Care,Health Care Equipment & Services,0.06,2445063,US4448591028,14.94,-6.5,15.77,3.89,15.7,1.39,1.74,"30,616",0.29,10/30/2024,3.41,3.41,4.16,--,2445063,HUM.N,Humana Inc,Health Care,Health Care Equipment & Services,Managed Health Care,30781955724.52,254.26,-0.54,-0.73,-0.58,-14.21,-19.73,-31.76,-44.03,-44.03,432996.13,12.06,22.51,15.01,10.15,1.65,-0.12,0.00,0.41,47.59,1.39,3.70,15.01,16.93,"Humana Inc. is a healthcare company. It operates through two segments: Insurance and CenterWell. The Insurance segment consists of Medicare benefits, marketed to individuals or directly through group Medicare accounts. It also includes its contract with the Centers for Medicare and Medicaid Services (CMS) to administer the Limited Income Newly Eligible Transition (LI-NET), a prescription drug plan program and contracts with various states to provide Medicaid, dual eligible demonstration, and Long-Term Support Services benefits. It also includes products consisting of employer group commercial fully insured medical and specialty health insurance benefits. The CenterWell segment includes pharmacy solutions, primary care, and home solutions operations. It also includes its strategic partnerships with Welsh, Carson, Anderson & Stowe (WCAS) to develop and operate senior-focused, payor-agnostic, primary care centers, as well as a minority ownership interest in Gentiva Hospice operations."
VICI Properties Inc,VICI,Real Estate,Equity Real Estate Investment Trusts (REITs),0.06,BYWH073,US9256521090,10.59,3.4,10.65,92.38,10.9,5.78,1.16,"30,378",0.00,11/01/2024,0.67,0.67,0.70,3.22,BYWH073,VICI.N,VICI Properties Inc,Real Estate,Equity Real Estate Investment Trusts (REITs),Other Specialized REITs,30507799756.30,29.01,0.24,-0.41,0.10,-9.76,-11.66,4.09,-3.74,-3.74,1871741.97,10.57,10.76,10.66,23.70,1.11,0.00,0.00,-0.12,15.96,5.96,2.44,10.67,2.72,"VICI Properties Inc. is a real estate investment trust (REIT). The Company is engaged in the business of owning and acquiring gaming, hospitality and entertainment destinations, subject to long-term triple net leases. The Company owns portfolios of gaming, hospitality and entertainment destinations, including Caesars Palace Las Vegas, MGM Grand and the Venetian Resort Las Vegas. The Company’s properties own 93 experiential assets across a geographically diverse portfolio consisting of 54 gaming properties and 39 other experiential properties across the United States and Canada. The portfolio comprises over 127 million square feet and features approximately 60,300 hotel rooms and over 500 restaurants, bars, nightclubs and sportsbooks. Its properties are occupied by gaming, leisure and hospitality operators under long-term, triple-net lease agreements. In addition, it owns over 33 acres of undeveloped or underdeveloped land on and adjacent to the Las Vegas Strip."
Centene Corporation,CNC,Health Care,Health Care Equipment & Services,0.06,2807061,US15135B1017,8.37,11.6,10.83,2.35,8.8,--,1.13,"30,788",0.25,10/25/2024,1.35,1.35,1.62,0.76,2807061,CNC.N,Centene Corp,Health Care,Health Care Equipment & Services,Managed Health Care,30594819000.00,60.36,-0.40,-0.90,0.18,0.60,-19.82,-8.96,-18.66,-18.66,1713578.87,13.22,10.47,8.44,10.52,1.06,-0.01,0.00,0.30,34.24,NULL,3.81,8.53,7.15,"Centene Corporation is a healthcare company. The Company provides services to government-sponsored and commercial healthcare programs, focusing on under-insured and uninsured individuals. It provides a range of managed healthcare products and services, primarily through Medicaid, Medicare, and commercial products. Its segments include Medicaid, Medicare, Commercial and Other. It offers Medicaid and Medicare members (including Medicare Prescription Drug Plans) as well as individuals and families served by the Health Insurance Marketplace and the TRICARE program. It also contracts with other healthcare and commercial organizations to provide a variety of specialty services focused on treating the whole person. Medicaid program provides health insurance to low-income families and individuals with disabilities. Medicare is a federal health insurance program for people ages 65 and over, which also covers people under 65 with certain disabilities and people with end-stage renal diseases."
"DexCom, Inc.",DXCM,Health Care,Health Care Equipment & Services,0.06,B0796X4,US2521311074,38.26,29.7,25.78,16.50,45.7,--,15.40,"30,467",0.02,10/25/2024,0.43,0.43,0.45,1.54,B0796X4,DXCM.OQ,Dexcom Inc,Health Care,Health Care Equipment & Services,Health Care Equipment,31341374093.60,78.00,-2.79,-3.19,-1.94,0.01,16.35,-31.20,-37.14,-37.14,1306243.77,26.35,47.61,38.46,97.89,8.40,0.03,0.00,1.22,34.33,NULL,2.39,38.26,2.03,"DexCom, Inc. is a medical device company. The Company enables people to take real-time control of health through continuous glucose monitoring (CGM) systems. The Company is engaged in diabetes care technology. Based on the needs of users, caregivers, and providers, the Company works to simplify and improve diabetes management around the world. The Company is primarily focused on the design, development, and commercialization of CGM, systems for the management of diabetes by patients, caregivers, and clinicians around the world. Its products include Dexcom G6, Dexcom G7, Dexcom Stelo, Dexcom Share, Dexcom Real-Time API, and Dexcom ONE. Dexcom G6 is its integrated continuous glucose monitoring system (iCGM). Dexcom Stelo is designed specifically for people with type II diabetes who do not use insulin and are not at risk for hypoglycemia. The Dexcom Share remote monitoring system, offered for use with any Dexcom system, uses an app on the patient’s compatible mobile device."
"Iron Mountain, Inc.",IRM,Real Estate,Equity Real Estate Investment Trusts (REITs),0.06,BVFTF03,US46284V1017,52.82,8.5,43.44,20.26,56.7,2.57,--,"30,425",0.04,11/06/2024,0.48,0.48,0.44,6.67,BVFTF03,IRM.N,Iron Mountain Inc,Real Estate,Equity Real Estate Investment Trusts (REITs),Other Specialized REITs,30731170051.12,103.69,-0.98,-1.93,-1.45,-15.62,-12.18,17.15,52.39,52.39,589549.67,-77.20,293.03,49.36,58.64,-61.54,0.00,0.00,0.71,29.44,2.76,2.71,49.77,2.10,"Iron Mountain Inc is a provider of information management services. The Company offers a range of services, including digital transformation, data centers, secure records storage, information management, asset lifecycle management, secure destruction, and art storage and logistics. The Company helps businesses to unlock value and intelligence from their stored digital and physical assets. It serves to protect its customers’ work. Its segments include Global Records and Information Management (Global RIM) Business and Global Data Center Business. The Global RIM Business segment offers various offerings, including records management, data management, global digital solutions, secure shredding, entertainment services, and consumer storage. Its Global Data Center Business segment provides data center facilities and capacity to protect mission-critical assets and ensure the continued operation of its customers’ information technology (IT) infrastructure with flexible data center options."
"Take-Two Interactive Software, Inc.",TTWO,Communication Services,Media & Entertainment,0.06,2122117,US8740541094,29.59,32.2,-50.91,-8.54,83.6,--,5.59,"32,387",0.03,11/07/2024,0.42,0.42,0.66,2.59,2122117,TTWO.OQ,Take-Two Interactive Software Inc,Communication Services,Media & Entertainment,Interactive Home Entertainment,32742214504.13,184.54,-1.01,-1.40,0.72,-2.04,20.06,18.68,14.66,14.66,572227.50,7.70,NULL,28.41,NaN,5.00,0.16,NULL,NaN,23.41,NULL,4.20,27.91,6.50,"Take-Two Interactive Software, Inc. is a developer, publisher, and marketer of interactive entertainment for consumers around the globe. The Company develops, operates and publishes products principally through Rockstar Games, 2K, Private Division, and Zynga. Its products are designed for console gaming systems, including Sony's PlayStation 4 and PlayStation 5; Microsoft Corporation Xbox One and Xbox Series XS; and Nintendo's Switch, as well as personal computers (PC), and mobile, including smartphones and tablets. The Company delivers its products through physical retail, digital download, online platforms, and cloud streaming services. The Company is focused on publishing a select number of titles based on internally owned and developed intellectual properties. In addition, the Company selectively develops titles based on licensed properties, including sports leagues, and also publishes externally developed titles."
"Diamondback Energy, Inc.",FANG,Energy,Energy,0.06,B7Y8YR3,US25278X1090,10.91,--,19.73,54.46,10.2,5.15,1.26,"47,126",0.30,11/05/2024,4.02,4.02,3.38,--,B7Y8YR3,FANG.OQ,Diamondback Energy Inc,Energy,Energy,Oil & Gas Exploration & Production,46233568977.96,160.98,1.67,1.87,3.13,-9.35,-6.16,-18.23,8.44,8.44,876469.53,12.39,9.22,10.90,6.70,1.16,-0.17,0.00,2.75,31.76,5.15,1.87,11.06,14.76,"Diamondback Energy, Inc., together with its subsidiaries, is an independent oil and natural gas company focused on the acquisition, development, exploration and exploitation of unconventional, onshore oil and natural gas reserves primarily in the Permian Basin in West Texas. The Company's activities are primarily directed at the horizontal development of the Wolfcamp and Spraberry formations in the Midland Basin and the Wolfcamp and Bone Spring formations in the Delaware Basin within the Permian Basin. Additionally, its subsidiary, Viper Energy, Inc., is focused on owning and acquiring mineral interests and royalty interests in oil and natural gas properties primarily in the Permian Basin. It has approximately 870,303 net acres, which primarily consisted of approximately 715,956 net acres in the Midland Basin and 154,026 net acres in the Delaware Basin. The Company's subsidiaries include Diamondback E&P LLC, Rattler Midstream GP LLC, Rattler Midstream LP, and QEP Resources, Inc."
WEC Energy Group Inc,WEC,Utilities,Utilities,0.06,BYY8XK8,US92939U1060,18.03,7.8,11.53,26.09,19.4,3.55,2.47,"29,804",0.01,10/31/2024,0.70,0.70,0.82,2.48,BYY8XK8,WEC.N,WEC Energy Group Inc,Utilities,Utilities,Multi-Utilities,29996728569.72,94.21,-0.64,-0.70,-0.66,-6.77,-1.20,22.25,16.33,16.33,563412.57,12.53,23.04,18.03,21.44,2.21,0.01,0.00,0.25,13.77,3.79,3.06,18.06,5.22,"WEC Energy Group, Inc. is a diversified holding company. The Company, through its wholly owned subsidiaries, provides or invests in regulated natural gas and electricity, and renewable energy, as well as non-regulated renewable energy. Its segment includes Wisconsin, Illinois, Other States and Electric Transmission. Wisconsin segment is engaged primarily in the generation of electricity and the distribution of electricity and natural gas in Wisconsin and generates electricity and distributes electricity and natural gas to customers located in the Upper Peninsula of Michigan. Illinois segment is engaged primarily in the distribution of natural gas in Illinois. Other state segment is engaged primarily in the distribution of natural gas in Minnesota and Michigan, respectively. Non-utility energy infrastructure segment is principally engaged in the ownership of electric power generating facilities. Electric Transmission consists of ownership interest in ATC electric transmission company."
eBay Inc.,EBAY,Consumer Discretionary,Consumer Discretionary Distribution & Retail,0.06,2293819,US2786421030,11.84,7.3,48.06,20.26,12.9,1.74,5.52,"29,913",0.02,10/31/2024,1.18,1.18,1.19,1.76,2293819,EBAY.OQ,eBay Inc,Consumer Discretionary,Consumer Discretionary Distribution & Retail,Broadline Retail,30085990000.00,62.06,-1.19,-2.74,-2.47,-1.94,-4.28,16.55,45.02,45.02,1669868.93,37.12,15.61,11.87,15.08,5.35,0.02,0.00,0.49,24.72,1.74,4.37,11.78,5.23,"eBay Inc. is a global commerce company, through its Marketplace platforms, which connects buyer and seller in more than 190 markets around the world. The Company's products include Promoted Listings Standard, Promoted Listings Express, Promoted Listings Advanced and External Promoted Listings. It has developed user interfaces, buyer, seller and developer tools and transaction processing, database and network applications that help enable its users to reliably and securely complete transactions on its sites. Its platforms include the online marketplace located at www.ebay.com and its localized counterparts, including an off-platform business in Japan and the United States, as well as eBay’s suite of mobile apps. It offers an artificial intelligence (AI) driven description for all listings across its Marketplace platforms (desktop, mobile and app), reducing the time to list and enhancing the seller experience. It offers TCGplayer a technology platform specializing in trading card games."
"ANSYS, Inc.",ANSS,Information Technology,Software & Services,0.06,2045623,US03662Q1058,29.92,7.3,9.76,28.00,32.4,--,5.07,"29,542",0.23,11/07/2024,1.76,1.76,2.58,4.46,2045623,ANSS.OQ,ANSYS Inc,Information Technology,Software & Services,Application Software,29707186623.57,337.92,-0.53,-0.66,-0.47,-3.75,6.05,5.11,-6.88,-6.88,195231.37,13.15,52.19,30.23,43.89,4.27,0.06,0.00,0.22,24.73,NULL,1.78,29.26,11.18,"ANSYS, Inc. develops and globally markets engineering simulation software and services used by engineers, designers, researchers and students. The Company caters to a range of industries and academia, including high-tech, aerospace and defense, automotive, energy, industrial equipment, materials and chemicals, consumer products, healthcare, and construction. The Company’s solutions enable users to analyze designs on-premises and/or via the cloud, providing a common platform for product development, from design concept to final-stage testing, validation and deployment. The Company distributes its suite of simulation technologies through direct sales offices and a network of independent resellers and distributors. Its product portfolio consists of Structures; Fluids; Electronics; Semiconductors; Optics, Virtual Reality (VR) and Photonics; Digital Mission Engineering; Three-Dimensional (3D) Design; Platform; Embedded Software, Digital Twin, Autonomous Vehicle Simulation, and others."
"Monolithic Power Systems, Inc.",MPWR,Information Technology,Semiconductors & Semiconductor Equipment,0.06,B01Z7J1,US6098391054,36.64,28.0,22.99,26.45,43.1,0.79,12.52,"29,445",0.04,10/31/2024,3.97,3.97,4.06,1.54,B01Z7J1,MPWR.OQ,Monolithic Power Systems Inc,Information Technology,Semiconductors & Semiconductor Equipment,Semiconductors,29887506000.00,603.65,-1.48,-2.61,-2.21,6.34,-34.71,-26.44,-3.85,-3.85,361326.37,29.13,68.02,36.63,48.77,10.25,-0.03,0.00,2.19,61.83,0.83,4.76,36.53,16.48,"Monolithic Power Systems, Inc. is a fabless company, which provides semiconductor-based power electronic solutions. The Company designs and develops its products for the storage and computing, enterprise data, automotive, industrial, communications and consumer markets. Its key product families include Direct Current (DC) to DC Products and Lighting Control Products. Its DC to DC integrated circuits (ICs) are used to convert and control voltages within a range of electronic systems, such as cloud-based central processing unit (CPU) servers, server artificial intelligence (AI) applications, storage applications, commercial notebooks, digital cockpit, power sources, home appliances, fourth generation (4G) and fifth generation (5G) infrastructure and satellite communications applications. Its lighting control ICs are used in backlighting and general illumination products. Its lighting control ICs for backlighting are used in systems that provide the light source for LCD panels."
"CoStar Group, Inc.",CSGP,Real Estate,Real Estate Management & Development,0.06,2262864,US22160N1090,63.96,--,5.27,11.50,104.3,--,3.93,"29,410",0.01,10/23/2024,0.16,0.16,0.22,--,2262864,CSGP.OQ,CoStar Group Inc,Real Estate,Real Estate Management & Development,Real Estate Services,29607276317.74,71.82,-0.55,-1.75,-1.26,-11.70,-4.80,-3.13,-17.82,-17.82,1043204.00,2.88,166.93,63.45,57.47,3.71,0.00,0.00,0.25,29.07,NULL,2.87,62.30,1.13,"CoStar Group, Inc. is a provider of online real estate marketplaces, information, and analytics in the property markets. It conducts expansive, ongoing research to produce and maintain a comprehensive database of real estate information. It manages its business in two segments: North America, which includes the United States and Canada, and International, which primarily includes Europe, Asia-Pacific and Latin America. Its portfolio of information, analytics and online marketplaces is branded and marketed to its customers and marketplace end users under the primary brands of CoStar, LoopNet, Apartments.com, Homes.com, OnTheMarket, Ten-X, STR, Land.com and BizBuySell. CoStar is a subscription-based integrated platform for commercial real estate intelligence. Ten-X offers a platform for conducting commercial real estate online auctions and negotiating bids. OnTheMarket is a residential property portal in the United Kingdom. LoopNet is an online commercial real estate marketplace."
State Street Corporation,STT,Financials,Financial Services,0.06,2842040,US8574771031,10.47,10.6,8.09,13.24,11.7,2.88,1.26,"28,913",0.06,10/15/2024,2.12,2.12,2.26,1.10,2842040,STT.N,State Street Corp,Financials,Financial Services,Asset Management & Custody Banks,28898778163.02,98.28,-0.30,-1.29,0.11,-0.23,12.06,35.23,30.34,30.34,679569.20,11.10,15.53,10.41,13.44,1.16,0.05,0.00,0.24,19.48,3.09,1.40,10.41,9.44,"State Street Corporation is a financial holding company. The Company, through its subsidiary, State Street Bank and Trust Company (State Street Bank), provides a range of financial products and services to institutional investors. It operates through two lines of business: Investment Servicing and Investment Management. Its Investment Servicing, through State Street Investment Services, State Street Global Markets, State Street Alpha, and State Street Digital, provides investment services for clients, including mutual funds, collective investment funds and other investment pools. Its products include back-office products, such as custody, accounting, investor services and others. Its Investment Management line of business, through State Street Global Advisors, provides a range of investment management strategies and products for its clients. It offers a breadth of services and solutions, including ESG investing, defined contribution products, Global Fiduciary Solutions, and others."
Fifth Third Bancorp,FITB,Financials,Banks,0.06,2336747,US3167731005,11.70,16.8,13.71,23.23,13.5,3.32,1.55,"28,890",0.01,10/18/2024,0.83,0.83,0.78,0.80,2336747,FITB.OQ,Fifth Third Bancorp,Financials,Banks,Diversified Banks,28766308084.80,42.72,-0.42,-1.23,-0.40,-11.11,-0.28,18.08,27.33,27.33,1641330.97,12.64,14.24,11.71,12.73,1.39,0.03,0.00,0.19,24.02,3.46,2.81,11.70,3.65,"Fifth Third Bancorp (the Bancorp) is a bank holding company for Fifth Third Bank, National Association (the Bank). It operates three main businesses: Commercial Banking, Consumer and Small Business Banking and Wealth & Asset Management. The Commercial Banking offers credit intermediation, cash management and financial services to large and middle-market businesses and government and professional customers. The Consumer and Small Business Banking segment includes residential mortgage, home equity loans and lines of credit, credit cards, automobile and other indirect lending and other consumer lending activities. Residential mortgage activities include the origination, retention and servicing of residential mortgage loans, sales and securitizations of those loans and all associated hedging activities. The Wealth and Asset Management segment provides a full range of wealth management solutions, such as wealth planning, investment management, banking, insurance, trust and estate services."
"Cardinal Health, Inc.",CAH,Health Care,Health Care Equipment & Services,0.06,2175672,US14149Y1082,14.25,9.5,--,0.95,15.0,1.71,--,"28,537",0.06,11/01/2024,1.62,1.62,1.88,1.58,2175672,CAH.N,Cardinal Health Inc,Health Care,Health Care Equipment & Services,Health Care Distributors,28833131327.42,117.92,-1.02,-1.07,-0.36,-3.53,7.18,21.11,18.66,18.66,789620.83,-63.58,22.94,14.26,22.75,-11.21,0.05,0.00,0.02,21.96,1.72,2.39,14.24,8.27,"Cardinal Health, Inc. is a global healthcare services and products company. The Company is engaged in providing customized solutions for hospitals, healthcare systems, pharmacies, ambulatory surgery centers, clinical laboratories, physician offices and patients in the home. The Company also provides pharmaceuticals and medical products. The Company’s segments include Pharmaceutical and Specialty Solutions and Global Medical Products and Distribution (GMPD). The Pharmaceutical and Specialty Solutions segment distributes branded and generic pharmaceuticals, specialty pharmaceuticals and over-the-counter healthcare and consumer products in the United States. Its GMPD segment manufactures, sources and distributes Cardinal Health branded medical, surgical and laboratory products, which are sold in the United States, Canada, Europe, Asia and other markets. The Company connects patients, providers, payers, pharmacists and manufacturers for integrated care coordination."
"Raymond James Financial, Inc.",RJF,Financials,Financial Services,0.06,2718992,US7547301090,14.58,13.2,18.95,18.51,14.8,1.16,2.72,"31,577",0.06,10/24/2024,2.41,2.41,2.95,1.13,2718992,RJF.N,Raymond James Financial Inc,Financials,Financial Services,Investment Banking & Brokerage,32018715665.12,155.33,-1.01,-2.13,-0.31,-8.24,27.31,26.58,40.82,40.82,416353.10,17.76,16.01,14.35,21.41,2.59,0.08,0.00,0.49,26.37,1.29,2.88,14.17,10.83,"Raymond James Financial, Inc. is a diversified financial services company providing private client group (PCG), capital markets, asset management, banking and other services to individuals, corporations and municipalities. The Company's PCG services include financial planning, investment advisory and securities transaction services, which are provided to clients through financial advisors. Its capital markets services include investment banking, institutional sales, securities trading, equity research, and the syndication and management of investments in low-income housing funds and funds of a similar nature. Its asset management services include asset management, portfolio management and related administrative services that are provided to retail and institutional clients. Its banking services provide various types of loans, including securities-based loans, corporate loans (commercial and industrial, and commercial real estate), residential mortgage loans and tax-exempt loans."
Xylem Inc.,XYL,Industrials,Capital Goods,0.06,B3P2CN8,US98419M1009,24.56,12.9,8.92,9.98,27.5,1.24,2.67,"28,256",0.01,10/31/2024,1.11,1.11,1.11,2.13,B3P2CN8,XYL.N,Xylem Inc,Industrials,Capital Goods,Industrial Machinery & Supplies & Components,28553290943.59,116.28,-1.06,-1.85,-1.05,-8.26,-13.64,-13.79,2.80,2.80,524625.33,9.00,34.07,24.53,42.86,2.48,0.01,0.00,-0.10,22.63,1.24,1.41,24.52,4.74,"Xylem Inc. is a water technology company. The Company designs, manufactures and services engineered products and solutions across a range of critical applications, primarily in the water sector, as well as in energy. The Company’s Water Infrastructure segment focuses on the transportation and treatment of water, offering a range of products including water, wastewater and storm water pumps, treatment equipment, and controls and systems. The Company’s Applied Water segment's products include pumps, valves, heat exchangers, controls and dispensing equipment. The Company’s Measurement & Control Solutions segment develops advanced technology solutions that enable intelligent use and conservation of critical water and energy resources as well as analytical instrumentation used in the testing of water. The Company’s Integrated Solutions & Services segment provides equipment systems for industrial needs, full-scale outsourcing of operations and maintenance and municipal services."
Global Payments Inc.,GPN,Financials,Financial Services,0.06,2712013,US37940X1028,8.65,10.2,4.35,22.92,9.6,0.90,1.24,"28,195",0.03,10/30/2024,3.09,3.09,3.08,0.94,2712013,GPN.N,Global Payments Inc,Financials,Financial Services,Transaction & Payment Processing Services,28592494712.25,110.83,-1.35,-2.58,-0.88,-6.63,8.45,15.12,-11.94,-11.94,620347.33,11.29,20.92,8.67,11.88,1.17,0.01,0.00,0.51,30.22,0.90,2.79,8.68,12.78,"Global Payments Inc. is a payments technology company that delivers software and services. It operates through two segments: Merchant Solutions, Issuer Solutions and Business. Through its Merchant Solutions segment, the Company provides payments technology and software solutions to customers. Its segment offerings include authorization, settlement and funding services, customer support, chargeback resolution, terminal rental, sales and deployment, payment security services, consolidated billing and reporting. In addition, it offers an array of enterprise software solutions that streamline business operations to customers in numerous vertical markets. Through its Issuer Solutions segment, the Company provide solutions that enable financial institutions and other financial service providers to manage their card portfolios. It also provides commercial payments, accounts payable and electronic payment alternatives solutions that support B2B payment processes for businesses and governments."
Tractor Supply Company,TSCO,Consumer Discretionary,Consumer Discretionary Distribution & Retail,0.06,2900335,US8923561067,23.91,7.8,52.82,10.16,25.6,1.67,12.28,"28,115",0.01,10/24/2024,0.45,0.45,0.45,3.26,2900335,TSCO.OQ,Tractor Supply Co,Consumer Discretionary,Consumer Discretionary Distribution & Retail,Other Specialty Retail,29145679472.80,52.59,-3.61,-5.23,-2.05,-7.30,-9.27,-1.84,24.29,24.29,2082529.00,48.22,25.59,23.85,27.32,11.40,0.00,0.00,1.05,24.57,1.67,5.97,23.91,2.20,"Tractor Supply Company is a rural lifestyle retailer in the United States. The Company is focused on supplying the needs of recreational farmers and ranchers. It operates retail stores under the names Tractor Supply Company and Petsense by Tractor Supply. Its stores are located in towns outlying various metropolitan markets and in rural communities. It also offers an expanded assortment of products through the Tractor Supply mobile application and online at TractorSupply.com and Petsense.com. The Company's selection of merchandise consists of various product categories, including livestock, equine and agriculture; companion animal; seasonal and recreation; truck, tool, and hardware, and clothing, gift, and decor. Its brands include 4health, American Farmworks, Bit & Bridle, Blue Mountain, C.E. Schmidt, Country Lane, Countyline, and others. The livestock, equine and agricultural products include livestock and equine feed and equipment, poultry, fencing, and sprayers and chemicals."
"GoDaddy, Inc. Class A",GDDY,Information Technology,Software & Services,0.06,BWFRFC6,US3802371076,29.87,3.0,--,14.96,30.6,--,78.48,"27,993",0.08,10/31/2024,1.23,1.23,1.32,10.21,BWFRFC6,GDDY.N,GoDaddy Inc,Information Technology,Software & Services,Internet Services & Infrastructure,28562629312.75,199.45,-1.97,-3.27,-2.63,0.95,27.22,42.76,87.88,87.88,382071.20,301.20,15.68,30.02,89.76,33.55,0.01,0.00,2.03,24.45,NULL,2.31,30.12,6.64,"GoDaddy Inc. is engaged in serving a market of entrepreneurs, developing and delivering easy-to-use products in a one-stop shop solution alongside personalized guidance. The Company serves small businesses, individuals, organizations, developers, designers and domain investors. The Company's segments include Applications and Commerce (A&C) and Core Platform (Core). The A&C segment primarily consists of sales of products containing proprietary software, notably its Website building products, as well as its commerce products and third-party email and productivity solutions and sales of certain products when they are included in bundled offerings of its proprietary software products. The Core segment primarily consists of sales of domain registrations and renewals, aftermarket domain sales, Website hosting products and Website security products when not included in bundled offerings of its proprietary software products, as well as sales of products not containing a software component."
Keysight Technologies Inc,KEYS,Information Technology,Technology Hardware & Equipment,0.06,BQZJ0Q9,US49338L1035,22.65,8.9,12.58,16.57,23.2,--,5.45,"27,818",0.01,11/20/2024,1.57,1.57,1.65,2.62,BQZJ0Q9,KEYS.N,Keysight Technologies Inc,Information Technology,Technology Hardware & Equipment,Electronic Equipment & Instruments,28211574983.24,161.17,-1.07,-2.10,-0.95,-5.66,1.41,17.86,1.31,1.31,521674.13,20.49,46.04,22.66,21.57,5.21,0.02,0.00,0.63,35.23,NULL,1.62,22.62,7.11,"Keysight Technologies, Inc. is a technology company. The Company is primarily engaged in providing electronic design and test solutions. It operates through two segments: Communications Solutions Group (CSG) and Electronics Industrial Solutions Group (EISG). Its CSG segment serves customers, including commercial communications and aerospace, defense, and government end markets. Its CSG’s solutions consist of electronic design and test software, electronic measurement instruments, systems and related services. The Company’s EISG segment provides test and measurement solutions and related services across a set of electronic industrial end markets, focusing on applications in the automotive and energy industries and measurement solutions for consumer electronics, education, general electronics design and manufacturing, and semiconductor design and manufacturing. The Company also offers customization, consulting and optimization services throughout the product development lifecycle."
EQT Corporation,EQT,Energy,Energy,0.06,2319414,US26884L1098,16.39,5.4,13.38,11.88,33.9,1.35,1.37,"27,780",0.11,10/30/2024,0.08,0.08,0.12,6.32,2319414,EQT.N,EQT Corp,Energy,Energy,Oil & Gas Exploration & Production,26445034880.00,46.59,5.12,5.45,6.22,2.53,27.65,27.14,22.64,22.64,2002044.97,3.69,55.34,17.37,13.91,1.25,0.02,0.00,4.67,33.61,1.35,3.24,16.93,2.68,"EQT Corporation is a vertically integrated natural gas company with operations focused on the Appalachian Basin. It has 27.6 trillion cubic feet equivalent (Tcfe) of proved natural gas, natural gas liquids (NGLs) and oil reserves across over 2.1 million gross acres. It has operations in Pennsylvania, West Virginia and Ohio. It is focused on the execution of combo-development projects, which refers to the development of several multi-well pads in tandem. It owns or leases over 610,000 net acres in Pennsylvania. It also owns or leases approximately 405,000 net acres in West Virginia. It is developing the Marcellus Shale and Upper Devonian Shale in this area. It owns or leases approximately 65,000 net acres in eastern Ohio and is actively developing the Utica Shale in Belmont County. It contracts with MarkWest Energy Partners, L.P., Williams Ohio Valley Midstream LLC and Blue Racer Midstream to process its natural gas and extract heavier hydrocarbon streams from its produced natural gas."
Hewlett Packard Enterprise Co.,HPE,Information Technology,Technology Hardware & Equipment,0.06,BYVYWS0,US42824C1099,9.92,5.1,11.10,8.10,10.0,2.43,1.12,"27,761",0.01,12/06/2024,0.56,0.56,0.58,1.95,BYVYWS0,HPE.N,Hewlett Packard Enterprise Co,Information Technology,Technology Hardware & Equipment,"Technology Hardware, Storage & Peripherals",28476979844.30,21.40,-1.15,-2.86,-1.92,1.45,5.22,2.40,29.38,29.38,4349793.23,11.40,11.20,9.93,10.68,1.05,0.03,0.00,0.15,40.88,2.43,3.07,9.88,2.16,"Hewlett Packard Enterprise Company is a global technology company. Its segments include Server, Hybrid Cloud, Intelligent Edge, Financial Services, and Corporate Investments and Other. Server segment consists of general-purpose servers for multi-workload computing and workload-optimized servers to deliver performance for demanding applications and integrated systems. Hybrid Cloud segment offers a variety of cloud-native and hybrid solutions across storage, private cloud and the infrastructure software-as-a-service space. Its Intelligent Edge segment offers wired and wireless local area networks, campus, branch, and data center switching, software-defined wide-area-networks, private and public cellular network software, network security, and associated services. Its Financial Services segment provides flexible investment solutions, such as leasing, financing, IT consumption, utility programs, and asset management services, for customers that facilitate technology deployment models."
"PPG Industries, Inc.",PPG,Materials,Materials,0.06,2698470,US6935061076,13.53,7.0,17.61,12.29,14.6,2.23,3.55,"27,629",0.03,10/17/2024,2.15,2.15,2.13,2.10,2698470,PPG.N,PPG Industries Inc,Materials,Materials,Specialty Chemicals,27928160000.00,119.09,-1.07,-1.77,-0.88,-4.25,-9.59,-4.33,-18.70,-18.70,600876.83,22.87,18.89,13.56,20.14,3.50,-0.01,0.00,-0.05,17.65,2.28,1.99,13.68,8.79,"PPG Industries, Inc. develops and delivers a range of paints, coatings and specialty materials. The Company operates through two segments: Performance Coatings and Industrial Coatings. The Performance Coatings segment primarily supplies a variety of protective and decorative coatings, adhesives, sealants and finishes, along with paint strippers, stains and related chemicals, pavement marking products, transparencies and transparent armor and paint films. The Industrial Coatings segment primarily supplies a variety of protective and decorative coatings and finishes along with adhesives, sealants, metal pretreatment products, optical monomers and coatings, low-friction coatings, paint films, and other specialty materials. The Company’s brands include PPG, GLIDDEN, COMEX, OLYMPIC, DULUX, SIGMA, HISTOR, SEIGNEURIE, PEINTURES GAUTHIER, and JOHNSTONE'S, among others. It serves customers in construction, consumer products, industrial and transportation markets and aftermarkets."
"Dow, Inc.",DOW,Materials,Materials,0.06,BHXCF84,US2605571031,13.90,20.7,2.94,5.64,19.5,7.10,1.51,"27,612",0.11,10/24/2024,0.64,0.64,0.47,0.94,BHXCF84,DOW.N,Dow Inc,Materials,Materials,Commodity Chemicals,28024670350.70,39.44,-1.47,-1.94,-1.33,-10.79,-26.66,-23.49,-24.14,-24.14,2206206.67,7.67,26.44,13.94,6.17,1.58,-0.16,0.00,0.83,21.81,7.10,2.30,14.84,2.83,"Dow Inc. serves as a holding company for The Dow Chemical Company and its subsidiaries. The Company conducts its operations through six global businesses, which are organized into segments, such as Packaging & Specialty Plastics, Industrial Intermediates & Infrastructure and Performance Materials & Coatings. Packaging & Specialty Plastics segment consists of two integrated global businesses: Hydrocarbons & Energy and Packaging and Specialty Plastics. This segment employs polyolefin product portfolio. Industrial Intermediates & Infrastructure segment consists of two customer-centric global businesses, such as Industrial Solutions and Polyurethanes & Construction Chemicals that develop intermediate chemicals that are essential to manufacturing processes, as well as downstream, customized materials and formulations that use advanced development technologies. Performance Materials & Coatings segment consists of two global businesses: Coatings & Performance Monomers and Consumer Solutions."
Nucor Corporation,NUE,Materials,Materials,0.05,2651086,US6703461052,13.76,10.2,22.91,17.98,13.9,1.86,1.33,"27,205",0.18,10/22/2024,1.50,1.50,1.49,1.37,2651086,NUE.N,Nucor Corp,Materials,Materials,Steel,27538858788.48,115.86,-1.21,-2.34,-0.64,-25.10,-22.93,-26.44,-32.78,-32.78,770463.33,9.69,11.11,13.29,4.08,1.24,-0.18,0.00,6.03,39.12,1.90,2.49,14.58,8.72,"Nucor Corporation is a manufacturer of steel and steel products, with operating facilities in the United States, Canada and Mexico. Its segments include steel mills, steel products, raw materials, and Nucor Data Systems. The Steel Mills segment produces sheet steel (hot-rolled, cold-rolled and galvanized), plate steel, structural steel (wide-flange beams, beam blanks, H-piling, and sheet piling) and bar steel (blooms, billets, concrete reinforcing bar, merchant bar and engineered special bar quality. The Steel products segment produces steel joists and joist girders, steel deck, galvanized torque tubes used in solar arrays, hollow structural section (HSS) steel tubing, electrical conduit, fabricated concrete reinforcing steel, cold finished steel, and steel fasteners. The Raw materials segment produces direct reduced iron (DRI), brokers ferrous and nonferrous metals, and pig iron. Nucor Data Systems serves its customers in the data center infrastructure industry."
ON Semiconductor Corporation,ON,Information Technology,Semiconductors & Semiconductor Equipment,0.05,2583576,US6821891057,14.83,3.2,31.26,31.67,15.9,--,3.15,"27,011",0.01,10/28/2024,0.97,0.97,0.99,4.97,2583576,ON.OQ,ON Semiconductor Corp,Information Technology,Semiconductors & Semiconductor Equipment,Semiconductors,28106888882.38,63.46,-3.86,-5.31,-4.76,-10.77,-12.60,-7.43,-24.03,-24.03,2726343.50,20.03,15.75,14.77,12.00,2.68,-0.07,0.00,2.49,43.60,NULL,6.15,14.82,4.30,"ON Semiconductor Corporation, together with its wholly owned subsidiaries, operates under the onsemi brand. The Company provides intelligent power and intelligent sensing solutions. Its segments include the Power Solutions Group (PSG), the Analog & Mixed-Signal Group (AMG), and the Intelligent Sensing Group (ISG). PSG offers a range of analog, discrete, module and integrated semiconductor products that perform multiple application functions, including power switching, power conversion, and signal conditioning. AMG designs and develops analog, mixed-signal, power management integrated circuits (ICs) and sensor interface devices for a range of end-users in the automotive, industrial, compute and mobile end-markets. ISG designs and develops complementary metal oxide semiconductor (CMOS) image sensors, image signal processors, and single photon detectors. Its SWIR Vision Systems is a provider of colloidal quantum-dot-based (CQD) short wavelength infrared (SWIR) technology."
Kraft Heinz Company,KHC,Consumer Staples,Food Beverage & Tobacco,0.05,BYRY499,US5007541064,9.90,3.1,5.81,20.18,10.1,5.27,0.76,"36,705",0.01,10/30/2024,0.74,0.74,0.75,3.26,BYRY499,KHC.OQ,Kraft Heinz Co,Consumer Staples,"Food, Beverage & Tobacco",Packaged Foods & Meats,37097485747.92,30.36,-1.04,-0.62,-0.33,-5.04,-12.45,-3.52,-13.98,-13.98,4059611.10,7.15,27.30,9.89,11.18,0.73,-0.02,0.00,-0.03,17.51,5.27,3.10,9.86,3.07,"The Kraft Heinz Company manufactures and markets food and beverage products, including condiments and sauces, cheese and dairy, meals, meats, refreshment beverages, coffee, and other grocery products throughout the world. Its geographical segments include North America and International Developed Markets. It purchases and uses commodities, including dairy products, meat products, tomato products, soybean and vegetable oils, sugar and other sweeteners, coffee beans, wheat and processed grains, eggs, and other fruits and vegetables to manufacture its products. Its brands include Heinz Australia, Greenseas, Golden Circle, Heinz at Home, Heinz Brazil, Kraft Heinz Canada, Cats Prefer Chef, Food in a Minute, Wattie's For Baby, Good Taste Company, Nurture Baby, Nutri+Plus, Wattie's, Heinz Norway, Lea & Perrins Kitchen, Back to Nature Meals, Bagel Bites, Bakers Chocolate, Benihana, Capri Sun, Classico, Claussen, Heinz 57 Sauce, Heinz Cocktail Sauce, Heinz Ketchup, and Kraft Barbeque Sauce."
Smurfit Westrock PLC,SW,Materials,Materials,0.05,BRK49M5,IE00028FXN24,15.04,2.2,14.25,13.08,21.8,3.03,1.55,"27,885",0.07,10/30/2024,0.73,0.73,-0.30,9.88,BRK49M5,SW.N,Smurfit WestRock PLC,Materials,Materials,Paper & Plastic Packaging Products & Materials,28270484687.20,53.62,-1.34,-0.98,-0.57,-2.54,9.13,17.52,17.52,17.52,1205770.50,7.73,24.91,15.29,NaN,1.44,-0.07,NULL,NULL,34.21,2.26,3.44,15.19,3.51,"Smurfit Westrock plc is a multinational provider of sustainable fiber-based paper and packaging solutions. Its segments include Europe, the Middle East and Africa (MEA), and Asia-Pacific (APAC); North America, which includes operations in the United States., Canada and Mexico. The Europe, MEA and APAC, North America, and LATAM segments include a system of mills and plants that primarily produce a full line of containerboard that is converted into corrugated containers within each segment or is sold to third parties. In addition, the Europe, MEA and APAC segment also produces types of paper, such as solid board, sack kraft paper, machine glazed and graphic paper; and other paper-based packaging, such as honeycomb, solid board packaging, folding cartons, inserts and labels, and bag-in-box packaging. The LATAM segment comprises forestry; types of paper, such as boxboard and sack paper, and paper-based packaging, such as folding cartons, honeycomb and paper sacks."
"Broadridge Financial Solutions, Inc.",BR,Industrials,Commercial & Professional Services,0.05,B1VP7R6,US11133T1034,25.19,--,31.67,16.39,26.4,1.45,11.95,"26,361",0.06,11/05/2024,0.97,0.97,1.00,--,B1VP7R6,BR.N,Broadridge Financial Solutions Inc,Industrials,Commercial  & Professional Services,Data Processing & Outsourced Services,26460245328.68,225.50,-0.38,-0.98,0.45,-4.10,5.26,15.38,11.37,11.37,184811.57,42.98,39.04,25.17,35.01,10.71,0.02,0.00,0.39,14.94,1.56,0.79,25.19,8.96,"Broadridge Financial Solutions, Inc. is a financial technology company. It provides investor communications and technology-driven solutions to banks, broker-dealers, asset and wealth managers, investors, and others. Its Investor Communication Solutions (ICS) segment provides Regulatory Solutions, Data-Driven Fund Solutions, Corporate Issuer Solutions, and Customer Communications Solutions. ICS business involves the processing and distribution of proxy materials to investors in equity securities and mutual funds, and the facilitation of related vote processing. Its Global Technology and Operations (GTO) segment provides solutions that automate the front-to-back transaction lifecycle of equity, mutual fund, foreign exchange, and exchange-traded derivatives, from order capture and execution through trade confirmation, margin, reconciliations, and others. It also operates a Securities Industry Services (SIS) transaction processing platform for the security brokerage industry in Canada."
Fortive Corp.,FTV,Industrials,Capital Goods,0.05,BYT3MK1,US34959J1088,18.08,10.7,8.66,18.69,19.5,0.43,2.47,"26,031",0.01,10/30/2024,0.93,0.93,0.97,1.82,BYT3MK1,FTV.N,Fortive Corp,Industrials,Capital Goods,Industrial Machinery & Supplies & Components,26246712578.10,75.04,-0.81,-1.00,0.78,-5.41,-4.83,1.48,2.33,2.33,720457.53,12.50,29.90,18.06,24.06,2.42,0.01,0.00,-0.09,20.08,0.43,1.01,18.05,4.15,"Fortive Corporation is a provider of essential technologies for connected workflow solutions across a range of end-markets. Its segments include Intelligent Operating Solutions, Precision Technologies, and Advanced Healthcare Solutions. The Intelligent Operating Solutions segment offers advanced instrumentation, software, and services, such as electrical test and measurement, facility, and asset lifecycle software applications, connected worker safety and compliance solutions across a range of vertical end markets, such as manufacturing, process industries, and healthcare. The Precision Technologies segment offers electrical test and measurement, sensing and material technologies offered across a range of vertical end markets, such as automotive and medical equipment. The Advanced Healthcare Solutions segment offers instrument sterilization solutions, instrument tracking, cell therapy equipment design and manufacturing, biomedical test tools, radiation detection and safety monitoring."
Carnival Corporation,CCL.U,Consumer Discretionary,Consumer Services,0.05,2523044,PA1436583006,14.02,--,23.75,14.28,14.2,--,3.54,"32,765",0.02,12/20/2024,0.08,0.08,0.14,--,2523044,CCL.N,Carnival Corp,Consumer Discretionary,Consumer Services,"Hotels, Resorts & Cruise Lines",32232475644.68,25.05,-0.12,-2.38,-2.64,-1.49,35.55,33.81,35.11,35.11,4355267.30,22.92,22.30,13.93,-5.35,2.92,0.09,0.00,-2.10,37.88,NULL,5.67,14.02,1.80,"Carnival Corporation is a leisure travel company. The Company’s portfolio of cruise lines, including AIDA Cruises, Carnival Cruise Line, Costa Cruises, Cunard, Holland America Line, P&O Cruises (Australia), P&O Cruises (UK), Princess Cruises and Seabourn. The Company's segment includes North America and Australia (NAA), Europe, Cruise Support and Tour and Other. The NAA Segment include Carnival Cruise Line, Princess Cruises, Holland America Line, P&O Cruises (Australia) and Seabourn. The Europe Segment include Costa Cruises (Costa), AIDA Cruises (AIDA), P&O Cruises (UK) and Cunard. Its Cruise Support segment includes its portfolio of port destinations and other services. Its Tour and Other segment represent the hotel and transportation operations of Holland America Princess Alaska Tours and other operations. Its tour company owns and operates hotels, lodges, glass-domed railcars and motorcoaches which comprise its Tour and Other segment."
Mettler-Toledo International Inc.,MTD,Health Care,Pharmaceuticals Biotechnology & Life Sciences,0.05,2126249,US5926881054,28.86,7.3,--,28.50,30.2,--,--,"25,744",0.11,11/08/2024,10.01,10.01,10.21,4.14,2126249,MTD.N,Mettler-Toledo International Inc,Health Care,"Pharmaceuticals, Biotechnology & Life Sciences",Life Sciences Tools & Services,26045545925.64,1219.92,-1.16,-2.04,-1.17,-2.50,-18.66,-12.71,0.57,0.57,36452.33,-488.47,32.89,28.83,31.22,-129.99,-0.03,0.00,0.73,27.58,NULL,1.47,28.81,42.32,"Mettler-Toledo International Inc. is a supplier of precision instruments and services. The Company manufactures a variety of precision instruments and provides value-added services to its customers. Its principal products and services include laboratory instruments, industrial instruments, and retail weighing solutions. It has a variety of precision laboratory instruments for sample preparation, synthesis, analytical bench top, material characterization, and in-line measurement. Its laboratory instrument portfolio includes laboratory balances, liquid pipetting solutions, automated laboratory reactors, including real time analytics, titrators, pH meters, and other instruments. It manufactures numerous industrial weighing instruments and related terminals, and offers software solutions for the pharmaceutical, chemical, food, discrete manufacturing, and other industries. It offers weighing and software solutions, which can integrate counter, self-service, backroom and checkout functions."
"Church & Dwight Co., Inc.",CHD,Consumer Staples,Household & Personal Products,0.05,2195841,US1713401024,28.00,6.3,20.57,18.02,30.4,1.08,6.11,"25,625",0.02,11/01/2024,0.68,0.68,0.79,4.79,2195841,CHD.N,Church & Dwight Co Inc,Consumer Staples,Household & Personal Products,Household Products,25955038857.90,104.62,-1.25,-1.99,-0.77,-5.00,0.16,1.46,11.86,11.86,506144.53,20.68,46.99,28.05,35.46,5.48,0.01,0.00,0.19,17.05,1.08,2.30,28.19,3.73,"Church & Dwight Co., Inc. develops, manufactures, and markets a range of consumer household and personal care products and specialty products focused on animal and food production, chemicals, and cleaners. The Company’s segments include Consumer Domestic, Consumer International and the Specialty Products Division (SPD). Its Consumer Domestic segment includes each of its seven power brands, as well as other brands and household and personal care products. Its Consumer International segment markets a variety of personal care, household, and over-the-counter products in international subsidiary markets, including Australia, Canada, France, Germany, Mexico, and the United Kingdom. Its SPD segment focuses on sales to businesses and participates in three product areas: animal and food production, specialty chemicals and specialty cleaners. The Company’s brands include ARM & HAMMER, OXICLEAN, VITAFUSION and L’IL CRITTERS, BATISTE, WATERPIK, THERABREATH, and HERO."
Dover Corporation,DOV,Industrials,Capital Goods,0.05,2278407,US2600031080,19.85,8.7,22.50,16.95,22.8,1.10,4.49,"25,562",0.02,10/24/2024,2.18,2.18,2.27,2.61,2278407,DOV.N,Dover Corp,Industrials,Capital Goods,Industrial Machinery & Supplies & Components,25837362956.78,186.32,-1.07,-2.40,-1.32,-9.51,-2.58,3.80,22.49,22.49,226618.47,22.14,17.05,19.91,22.08,4.03,-0.03,0.00,0.44,20.75,1.11,0.97,19.91,9.36,"Dover Corporation is a diversified global manufacturer and solutions provider. Its Engineered Products segment provides a range of equipment, components, software, solutions and services to the vehicle aftermarket, aerospace and defense, and others. Its Clean Energy & Fueling segment provides components, equipment, and software solutions and services. It also designs, manufactures, and supplies vacuum-insulated piping systems for a variety of liquefied gases like nitrogen, oxygen, carbon dioxide, and other industrial gases. Its Imaging & Identification segment supplies precision marking and coding, product traceability, brand protection and digital textile printing equipment. Its Pumps & Process Solutions segment manufactures specialty pumps and flow meters, fluid transfer connectors, highly engineered precision components, instruments and digital controls. Its Climate & Sustainability Technologies segment is a provider of energy-efficient equipment, components and parts."
Synchrony Financial,SYF,Financials,Financial Services,0.05,BP96PS6,US87165B1035,9.54,18.5,17.35,21.13,9.9,1.54,1.72,"25,319",0.16,10/16/2024,1.81,1.81,1.94,0.53,BP96PS6,SYF.N,Synchrony Financial,Financials,Financial Services,Consumer Finance,25665581727.36,65.05,-1.32,-2.63,-0.63,-3.66,31.01,39.26,74.14,74.14,1270506.60,20.12,8.49,9.47,10.89,1.44,0.10,0.00,0.40,39.16,1.54,3.01,9.00,6.87,"Synchrony Financial is a consumer financial services company focused on delivering digitally enabled product suites. The Company provides a range of credit products through financing programs it has established with a diverse group of national and regional retailers, local merchants, manufacturers, buying groups, industry associations and healthcare service providers. The Company primarily offers private label, dual card, co-brand, and general-purpose credit cards, as well as short- and long-term installment loans, and savings products through Synchrony Bank (the Bank). It primarily manages its credit products through five sales platforms (Home & Auto, Digital, Diversified & Value, Health & Wellness and Lifestyle). The Bank offers directly to retail, affinity relationships and commercial customers, a range of deposit products, including certificates of deposit, individual retirement accounts (IRAs), money market accounts, savings accounts and sweep and affinity deposits."
T. Rowe Price Group,TROW,Financials,Financial Services,0.05,2702337,US74144T1088,12.12,8.0,19.02,33.39,12.2,4.34,2.47,"25,293",0.07,11/01/2024,2.34,2.34,2.57,1.52,2702337,TROW.OQ,T Rowe Price Group Inc,Financials,Financial Services,Asset Management & Custody Banks,25697185894.90,113.86,-1.56,-3.16,-1.90,-7.11,5.61,0.95,10.44,10.44,589736.50,21.23,12.47,12.11,14.27,2.42,0.03,0.00,0.00,22.20,4.36,5.38,12.04,9.40,"T. Rowe Price Group, Inc. is a global asset management company. The Company provides a broad range of investment solutions across equity, fixed income, multi-asset, and alternative capabilities for clients around the world - from individuals to advisors to institutions to retirement plan sponsors. It also provides certain investment advisory clients with related administrative services, including distribution, mutual fund transfer agent, accounting and shareholder services; participant recordkeeping and transfer agent services for defined contribution retirement plans; brokerage; trust services, and non-discretionary advisory services through model delivery. The Company distributes its active investment solutions through a diverse set of distribution channels and vehicles to meet the needs of its clients globally. These vehicles include an array of United States mutual funds, collective investment trusts, subadvised funds, separately managed accounts, and other sponsored products."
Veralto Corporation,VLTO,Industrials,Commercial & Professional Services,0.05,BPGMZQ5,US92338C1036,27.22,2.5,36.34,22.94,29.4,0.35,12.91,"25,217",0.02,10/24/2024,0.86,0.86,0.89,11.77,BPGMZQ5,VLTO.N,Veralto Corp,Industrials,Commercial  & Professional Services,Environmental & Facilities Services,25502377758.00,102.01,-1.08,-1.79,-0.86,-5.71,-8.81,6.94,24.35,24.35,500075.23,47.00,31.48,27.17,NaN,8.75,0.02,NULL,NULL,17.05,0.43,1.33,27.07,3.75,"Veralto Corporation provides essential technology solutions that monitor, enhance, and protect key resources around the globe. The Company operates through two segments: Water Quality (WQ) and Product Quality & Innovation (PQI). The WQ segment provides a comprehensive portfolio of water analytics and differentiated water treatment solutions that enable the reliable delivery of safe drinking water by public and private utilities from source water to the consumer and back into the water cycle. It provides proprietary precision instrumentation and advanced water treatment technologies under Hach, Trojan Technologies, ChemTreat, and other global WQ brands. Its PQI segment provides a broad set of solutions for brand owners and consumer packaged goods companies that enable speed to market as well as traceability and quality control of their products. The brands in this segment include Videojet, Linx, Esko, X-Rite, Pantone and others. TraceGains is complementary to its PQI segment."
"NVR, Inc.",NVR,Consumer Discretionary,Consumer Durables & Apparel,0.05,2637785,US62944T1051,15.43,9.4,40.44,16.86,16.4,--,5.66,"24,187",4.69,10/22/2024,131.00,131.00,130.50,1.74,2637785,NVR.N,NVR Inc,Consumer Discretionary,Consumer Durables & Apparel,Homebuilding,25149489119.64,8176.46,-0.39,-0.82,-0.56,-11.47,-16.67,7.75,16.80,16.80,10040.97,38.24,16.72,15.78,17.89,6.04,-0.01,0.00,1.09,21.30,NULL,1.98,15.75,518.05,"NVR, Inc. is engaged in the construction and sale of single-family detached homes, townhomes, and condominium buildings. The Company operates through two segments: homebuilding and mortgage banking. The homebuilding operations primarily construct and sell single-family detached homes, townhomes and condominium buildings under three trade names: Ryan Homes, NVHomes and Heartland Homes, and operates in 36 metropolitan areas in 15 states and Washington, District of Columbia (D.C.). Its mortgage banking operations primarily operate in the homebuilding operations market. Its mortgage banking business consists of origination fees, gains on sales of loans, and title fees. The homebuilding segments are comprised of operating divisions, such as Mid Atlantic, North East, Mid East and South East. Its Mid Atlantic divisions operates in Maryland, Virginia, West Virginia, Delaware and Washington, District of Columbia (D.C.). Its North East division operates in New Jersey and Eastern Pennsylvania."
DTE Energy Company,DTE,Utilities,Utilities,0.05,2280220,US2333311072,16.74,8.7,13.00,15.03,17.9,3.38,2.15,"24,966",0.09,10/24/2024,1.88,1.88,2.22,2.05,2280220,DTE.N,DTE Energy Co,Utilities,Utilities,Multi-Utilities,25131656111.10,120.55,-0.66,-0.45,0.25,-3.30,-5.28,10.45,13.28,13.28,531276.43,11.89,16.32,16.73,20.05,2.05,0.01,0.00,-0.04,15.28,3.62,1.40,16.72,7.20,"DTE Energy Company is a diversified energy company, which is involved in the development and management of energy-related businesses and services nationwide. The Company’s segments include Electric, Gas, DTE Vantage, Energy Trading, and Corporate and Other. Electric segment consists principally of DTE Electric, which is engaged in the generation, purchase, distribution, and sale of electricity to residential, commercial, and industrial customers in southeastern Michigan. Gas segment consists principally of DTE Gas, which is engaged in the purchase, storage, transportation, distribution, and sale of natural gas to residential, commercial, and industrial customers throughout Michigan. DTE Vantage segment is comprised primarily of renewable energy projects that sell electricity and pipeline-quality gas and projects that deliver custom energy solutions to industrial, commercial, and institutional customers. Energy Trading segment consists of energy marketing and trading operations."
Hershey Company,HSY,Consumer Staples,Food Beverage & Tobacco,0.05,2422806,US4278661081,20.80,-3.2,50.33,23.41,18.6,3.25,8.12,"34,130",0.12,11/07/2024,2.56,2.56,2.34,--,2422806,HSY.N,Hershey Co,Consumer Staples,"Food, Beverage & Tobacco",Packaged Foods & Meats,34756452203.52,168.67,-1.80,-0.89,-0.20,-4.24,-11.34,-6.85,-6.89,-6.89,666246.90,42.56,24.62,20.94,20.40,7.13,-0.14,0.00,0.44,28.14,3.25,3.68,21.00,8.05,"The Hershey Company is a snacks company. It operates through three segments: North America Confectionery, North America Salty Snacks and International. Its North America Confectionery segment has traditional chocolate and non-chocolate confectionery market position in the United States and Canada. North America Salty Snacks segment is responsible for its salty snacking products in the United States. Its principal product offerings include chocolate and non-chocolate confectionery products; gum and mint refreshment products and protein bars; pantry items, such as baking ingredients, toppings and beverages, and snack items such as spreads, bars, and snack bites and mixes, popcorn and pretzels. It markets, sells and distributes its products under more than 90 brand names in over 80 countries worldwide, including Hershey’s, Reese’s, Kisses, Kit Kat, Jolly Rancher, Twizzlers and Ice Breakers, and salty snacks including SkinnyPop, Sour Strips, Pirate's Booty and Dot's Homestyle Pretzels."
"Tyler Technologies, Inc.",TYL,Information Technology,Software & Services,0.05,2909644,US9022521051,53.68,15.0,5.97,11.20,60.6,--,7.56,"24,775",0.05,10/24/2024,2.46,2.46,2.52,4.04,2909644,TYL.N,Tyler Technologies Inc,Information Technology,Software & Services,Application Software,25127049253.50,579.04,-1.37,-2.33,-2.58,-7.97,-0.80,15.17,38.49,38.49,95019.60,9.93,105.92,53.71,76.22,6.80,0.04,0.00,0.43,18.81,NULL,2.09,53.57,10.78,"Tyler Technologies, Inc. is a provider of integrated software and technology management solutions for the public sector. The Company's segments include Enterprise Software (ES) and Platform Technologies (PT). Its ES segment provides public sector entities with software systems and services to meet their information technology and automation needs for mission-critical back-office functions, such as public administration solutions; courts and public safety solutions; education solutions, and property and recording solutions. The PT segment provides public sector entities with software solutions to platform and transformative solutions including digital solutions, payment processing, streamline data processing, and improve operations and workflows. Its solutions deliver mission-critical technology to support the essential functions of government, including public safety, justice, public health, taxation and budgeting, infrastructure and land use, K-12 education, and social services."
"Ventas, Inc.",VTR,Real Estate,Equity Real Estate Investment Trusts (REITs),0.05,2927925,US92276F1003,162.11,5.3,-0.42,14.79,615.9,3.08,2.58,"24,531",0.05,10/31/2024,-0.02,-0.02,0.05,115.66,2927925,VTR.N,Ventas Inc,Real Estate,Equity Real Estate Investment Trusts (REITs),Health Care REITs,24704982060.72,58.51,-0.65,-1.47,-0.71,-8.68,-8.12,15.96,20.50,20.50,1068144.37,0.28,NULL,163.44,-14627.50,2.65,4.09,0.00,-1.00,18.03,3.08,5.13,164.25,0.36,"Ventas, Inc. is a real estate investment trust (REIT). The Company’s portfolio includes senior housing communities, which provide valuable services to residents. The Company leverages its operational expertise and data-driven insights from its Ventas Operational Insights platform. The Company has approximately 1,351 properties in North America and the United Kingdom. Its portfolio also includes outpatient medical buildings, research centers and healthcare facilities. The Company, through its Senior Housing Operating Portfolio segment, invests in senior housing communities. Through its Outpatient Medical and Research Portfolio segment, it primarily acquires, owns, develops, leases, and manages outpatient medical buildings and research centers. Through its Triple-Net Leased Properties segment, it invests in and owns senior housing communities, skilled nursing facilities, long-term acute care facilities, freestanding inpatient rehabilitation facilities and other healthcare facilities."
Equity Residential,EQR,Real Estate,Equity Real Estate Investment Trusts (REITs),0.05,2319157,US29476L1070,45.31,3.9,7.50,30.96,35.4,3.78,2.49,"26,995",0.05,10/31/2024,0.41,0.41,0.38,8.96,2319157,EQR.N,Equity Residential,Real Estate,Equity Real Estate Investment Trusts (REITs),Multi-Family Residential REITs,27154212146.04,71.16,-0.59,-1.67,-0.39,-7.17,-4.43,4.57,19.84,19.84,589597.83,6.54,29.20,43.76,37.13,2.61,-0.08,0.00,-0.10,19.39,3.79,1.63,43.31,1.63,"Equity Residential is a real estate investment trust. The Company is focused on the acquisition, development and management of residential properties located in and around cities. The Company’s primary business is the acquisition, development, and management of multifamily residential properties, which includes the generation of rental and other related income through the leasing of apartment units to residents. The Company owns and operates rental apartment properties, with a presence in Boston, New York, Washington, D.C., Southern California, including Los Angeles, Orange County and San Diego), San Francisco and Seattle, and an expanding presence in Denver, Atlanta, Dallas/Ft. Worth and Austin. The Company owns 313 properties located in 10 states and the District of Columbia consisting of 84,018 apartment units. ERP Operating Limited Partnership (ERPOP) conducts the multifamily residential property business of Equity Residential."
"American Water Works Company, Inc.",AWK,Utilities,Utilities,0.05,B2R3PV1,US0304201033,21.77,8.1,10.79,35.50,23.5,2.42,2.34,"24,214",0.05,10/31/2024,1.84,1.84,1.80,2.90,B2R3PV1,AWK.N,American Water Works Company Inc,Utilities,Utilities,Water Utilities,24418255352.81,124.24,-0.84,-1.52,-1.38,-9.27,-14.55,-2.73,-3.72,-3.72,464519.10,10.08,24.67,21.76,27.83,2.20,0.02,0.00,0.23,17.74,2.46,2.38,21.76,5.71,"American Water Works Company, Inc. is a water and wastewater utility company. The Company's primary business involves the ownership of utilities that provide water and wastewater services to residential, commercial, industrial, public authority, fire service and sale for resale customers. It also operates other market-based businesses that provide water and wastewater services to the United States government on military installations, as well as municipalities. The Company operates its business primarily through one segment: the Regulated Businesses segment. The Regulated Businesses segment includes subsidiaries that provide water and wastewater services to customers in approximately 14 states. The Company's utility operates in the states, such as Georgia, Hawaii, Indiana, Iowa, Kentucky, Maryland, Tennessee, Virginia and West Virginia. The Company's utilities operate in approximately 1,700 communities. The Company also operates Wood Heights water and wastewater systems in Ray County."
"Brown & Brown, Inc.",BRO,Financials,Insurance,0.05,2692687,US1152361010,24.89,11.3,16.83,29.81,27.1,0.53,4.51,"29,169",0.02,10/29/2024,0.88,0.88,0.91,2.39,2692687,BRO.N,Brown & Brown Inc,Financials,Insurance,Insurance Brokers,29422258747.10,101.99,-0.87,-1.69,-0.79,-9.82,-1.42,14.37,44.27,44.27,455531.13,17.78,27.78,24.89,45.43,3.79,0.03,0.00,0.62,18.09,0.59,1.44,24.86,4.10,"Brown & Brown, Inc. is an insurance brokerage company engaged in delivering risk management solutions to individuals and businesses. The Company markets and sells insurance products and services, primarily in the property, casualty, and employee benefits areas. Its segments include Retail, National Programs, Wholesale Brokerage and Services. The Retail segment provides a broad range of insurance products and services to commercial, public and quasi-public, professional and individual insured customers, and non-insurance services and products through its automobile dealer services F&I businesses. The National Programs segment, which acts as a managing general agent, provides professional liability and related package products for certain professionals. The Wholesale Brokerage segment markets and sells excess and surplus commercial and personal lines insurance. The Services segment provides insurance-related services, including third-party claims administration and adjusting services."
Archer-Daniels-Midland Company,ADM,Consumer Staples,Food Beverage & Tobacco,0.05,2047317,US0394831020,10.39,-4.7,14.39,3.07,10.3,3.99,1.09,"23,933",0.08,11/19/2024,1.24,1.24,1.09,--,2047317,ADM.N,Archer-Daniels-Midland Co,Consumer Staples,"Food, Beverage & Tobacco",Agricultural Products & Services,24204225441.60,50.07,-1.01,-1.07,-0.67,-8.30,-15.40,-15.69,-28.17,-28.17,1106654.13,9.21,14.28,10.81,6.64,1.06,-0.14,0.00,1.95,22.21,3.99,2.08,10.88,4.63,"Archer-Daniels-Midland Company is a human and animal nutrition company. The Company is an agricultural supply chain manager and processor. It operates through three business segments: Ag Services and Oilseeds, Carbohydrate Solutions, and Nutrition. The Ag Services and Oilseeds segment includes global activities related to the origination, merchandising, transportation, and storage of agricultural raw materials, and the crushing and further processing of oilseeds such as soybeans and soft seeds into vegetable oils and protein meals. The Carbohydrate Solutions segment is engaged in corn and wheat wet and dry milling and other activities. The Nutrition segment is engaged in the manufacturing, sale, and distribution of a range of ingredients and solutions, including plant-based proteins, natural flavors, flavor systems, natural colors, emulsifiers, soluble fiber, polyols, hydrocolloids, probiotics, prebiotics, enzymes, botanical extracts, and other specialty food and feed ingredients."
Ameren Corporation,AEE,Utilities,Utilities,0.05,2050832,US0236081024,18.17,6.8,10.54,20.77,19.4,2.95,2.02,"23,920",0.04,11/07/2024,1.90,1.90,1.87,2.85,2050832,AEE.N,Ameren Corp,Utilities,Utilities,Multi-Utilities,24055530362.04,89.62,-0.55,-1.18,-0.08,-4.35,3.23,27.99,28.19,28.19,477845.40,10.32,21.07,18.16,22.06,1.83,0.02,0.00,0.24,16.25,2.99,1.33,18.14,4.94,"Ameren Corporation is a public utility holding company. The Company operates through four segments: Ameren Missouri, Ameren Illinois Electric Distribution, Ameren Illinois Natural Gas, and Ameren Transmission. The Ameren Missouri segment includes all of the operations of Ameren Missouri. Ameren Missouri operates a rate-regulated electric generation, transmission, and distribution business and a rate-regulated natural gas distribution business in Missouri. The Ameren Illinois Electric Distribution segment consists of the electric distribution business of Ameren Illinois. The Ameren Illinois Natural Gas segment consists of the natural gas business of Ameren Illinois. The Ameren Transmission segment primarily consists of the aggregated electric transmission businesses of Ameren Illinois and Ameren Transmission Company of Illinois (ATXI). The Company owns an integrated transmission system that is composed of the transmission assets of Ameren Missouri, Ameren Illinois and ATXI."
PPL Corporation,PPL,Utilities,Utilities,0.05,2680905,US69351T1060,17.76,7.0,5.31,19.84,19.0,3.13,1.70,"23,897",0.02,11/01/2024,0.42,0.42,0.42,2.71,2680905,PPL.N,PPL Corp,Utilities,Utilities,Electric Utilities,23998784562.60,32.39,-0.40,-0.71,-0.06,-6.55,-1.32,19.00,23.70,23.70,1411803.83,8.89,29.13,17.72,23.08,1.61,0.01,0.00,-0.42,15.28,3.18,1.99,17.80,1.83,"PPL Corporation is an energy company. The Company is focused on providing electricity and natural gas in the United States. The Company operates through three segments: Kentucky Regulated, Pennsylvania Regulated, and Rhode Island Regulated. The Kentucky Regulated segment consists primarily of the regulated electricity generation, transmission and distribution operations conducted by Louisville Gas & Electric Company (LG&E) and Kentucky Utilities Company (KU), as well as LG&E's regulated distribution and sale of natural gas. LG&E and KU are engaged in the regulated generation, transmission, distribution and sale of electricity in Kentucky and, in KU's case, also Virginia. The Pennsylvania Regulated segment includes the regulated electricity transmission and distribution operations of PPL Electric. The Rhode Island Regulated segment includes the regulated electricity transmission and distribution and natural gas distribution operations of Rhode Island Energy (RIE)."
"NetApp, Inc.",NTAP,Information Technology,Technology Hardware & Equipment,0.05,2630643,US64110D1046,15.15,8.1,85.55,20.24,15.9,1.75,26.51,"23,647",0.02,11/22/2024,1.78,1.78,1.87,1.96,2630643,NTAP.OQ,NetApp Inc,Information Technology,Technology Hardware & Equipment,"Technology Hardware, Storage & Peripherals",23778719351.04,116.49,-0.40,-1.57,-1.35,-5.01,-5.29,-8.81,34.64,34.64,859957.77,126.88,21.40,15.17,22.66,17.53,0.04,0.00,0.13,32.81,1.79,4.93,15.14,7.68,"NetApp, Inc. is an intelligent data infrastructure company. The Company combines unified data storage, integrated data services, and CloudOps solutions to make data infrastructure intelligent. Its segments include Hybrid Cloud and Public Cloud. Its Hybrid Cloud segment offers a unified data storage portfolio of storage management and infrastructure solutions that help customers modernize their data centers. Its Hybrid Cloud portfolio supports structured and unstructured data with unified storage optimized for flash, disk, and cloud storage to handle data-intensive workloads and applications. Hybrid Cloud includes software, hardware, and related support, as well as professional and other services. Its Public Cloud segment offers a portfolio of products delivered primarily as-a-service, including related support. This portfolio includes cloud storage and CloudOps services. These services are available on the public clouds, including Amazon AWS, Microsoft Azure, and Google Cloud Platform."
"West Pharmaceutical Services, Inc.",WST,Health Care,Pharmaceuticals Biotechnology & Life Sciences,0.05,2950482,US9553061055,43.77,5.9,21.32,24.09,49.4,0.25,8.66,"23,839",0.04,10/24/2024,1.50,1.50,1.85,8.38,2950482,WST.N,West Pharmaceutical Services Inc,Health Care,"Pharmaceuticals, Biotechnology & Life Sciences",Life Sciences Tools & Services,24132575133.78,328.82,-1.32,-1.38,-0.23,0.96,9.62,-0.05,-6.40,-6.40,160275.50,16.37,48.72,43.84,39.92,8.16,-0.01,0.00,1.62,37.86,0.26,1.60,43.96,7.50,"West Pharmaceutical Services, Inc. is a global manufacturer that is engaged in the design and production of technologically advanced, integrated containment and delivery systems for injectable drugs and healthcare products. The Company operates through two segments: Proprietary Products and Contract-Manufactured Products. The Proprietary Products segment offers packaging, containment solutions, and drug delivery products, along with analytical lab services and other integrated services and solutions, primarily to biologic, generic and pharmaceutical drug customers. The Contract-Manufactured Products segment serves as a fully integrated business, focused on the design, manufacture, and automated assembly of complex devices, primarily for pharmaceutical, diagnostic, and medical device customers. This segment manufactures customer-owned components and devices used in surgical, diagnostic, ophthalmic, injectable, and other drug delivery systems, as well as consumer products."
Huntington Bancshares Incorporated,HBAN,Financials,Banks,0.05,2445966,US4461501045,12.03,4.4,11.17,22.13,13.6,3.80,1.30,"23,724",0.01,10/17/2024,0.30,0.30,0.33,3.11,2445966,HBAN.OQ,Huntington Bancshares Inc,Financials,Banks,Regional Banks,23797050600.96,16.33,-0.31,-1.15,0.31,-8.44,12.17,26.44,34.22,34.22,4374295.70,10.61,15.86,12.11,11.35,1.22,0.01,0.00,0.11,29.21,3.80,1.94,12.04,1.35,"Huntington Bancshares Incorporated is a diversified regional bank holding company. The Company, through its bank subsidiary, Huntington National Bank and its subsidiaries (the Bank), provides consumers, small and middle-market businesses, corporations, municipalities, and other organizations with a comprehensive suite of banking, payments, wealth management, and risk management products and services. Its Consumer & Regional Banking segment provides an array of financial products and services to consumer and business customers including, but not limited to, deposits, lending, payments, mortgage banking, dealer financing, investment management, trust, brokerage, insurance, and other financial products and services. Its Commercial Banking segment provides expertise through bankers, capabilities, and digital channels, which include a comprehensive set of product offerings. Its target clients span from mid-market to large corporates across a national footprint."
Halliburton Company,HAL,Energy,Energy,0.05,2405302,US4062161017,8.79,2.2,30.43,17.74,9.0,2.49,2.30,"23,671",0.01,11/07/2024,0.75,0.75,0.73,4.04,2405302,HAL.N,Halliburton Co,Energy,Energy,Oil & Gas Equipment & Services,23535068178.15,26.96,0.63,0.60,2.67,-14.91,-6.68,-19.28,-23.82,-23.82,2833961.17,25.79,9.41,8.71,12.83,1.94,-0.10,0.00,0.74,29.27,2.52,2.69,9.16,3.10,"Halliburton Company is a provider of products and services to the energy industry. The Company operates through two segments: Completion and Production and the Drilling and Evaluation. Completion and Production segment delivers cementing, stimulation, specialty chemicals, intervention, pressure control, artificial lift, and completion products and services. The segment consists of the product service lines, such as artificial lift, cementing, completion tools, multi-chem, pipeline and process services, production enhancement and production solutions. Its Drilling and Evaluation segment provides field and reservoir modeling, drilling, fluids, evaluation and precise wellbore placement solutions that enable customers to model, measure, drill, and optimize their well construction activities. Its product service lines include Baroid, drill bits and services, Halliburton project management, landmark software and services, Sperry drilling, testing and subsea and wireline and perforating."
"Corpay, Inc.",CPAY,Financials,Financial Services,0.05,BMX5GK7,US2199481068,15.27,14.5,33.72,45.03,17.8,--,7.62,"23,521",0.03,11/08/2024,4.98,4.98,5.00,1.22,BMX5GK7,CPAY.N,Corpay Inc,Financials,Financial Services,Transaction & Payment Processing Services,23787478387.86,337.57,-1.07,-2.23,-1.60,-11.44,7.93,26.71,19.45,19.45,147515.27,38.93,24.06,15.25,21.12,5.74,0.02,0.00,0.36,24.45,NULL,1.97,15.25,22.14,"Corpay, Inc., formerly FLEETCOR Technologies, Inc., is a corporate payments company. It helps businesses and consumers pay expenses. Its suite of payment solutions helps its customers manage vehicle-related expenses, such as fueling and parking; travel expenses, such as hotel bookings, and payables, such as paying vendors. Its solutions include AP Automation, Cross-Border and Commercial Cards. Its AP Automation solutions include procure-to-pay, payment automation and integrations. Its Procure-to-Pay optimizes accounts payable workflows with scheduled payments, automated approvals and real-time tracking, and enables cash flow management and financial decisions. Its trading platform and integrated payment solutions, which can be customized as per client’s business requirements. Its Multi-Card is a payment method that offers a tailored solution designed for the client’s business transactions. Its ExpenseTrack platform offers real-time automation, robust security and customized reporting."
"Warner Bros. Discovery, Inc. Series A",WBD,Communication Services,Media & Entertainment,0.05,BM8JYX3,US9344231041,--,32.5,-6.77,-1.48,-2.4,--,0.73,"25,771",0.05,11/07/2024,-0.11,-0.11,0.05,--,BM8JYX3,WBD.OQ,Warner Bros Discovery Inc,Communication Services,Media & Entertainment,Movies & Entertainment,26028081679.17,10.51,-0.94,-1.04,0.67,0.29,27.39,41.26,-7.64,-7.64,8642459.90,-13.77,NULL,-82.66,-6.25,0.72,-0.85,0.00,-1.46,55.34,NULL,3.86,-49.11,-0.13,"Warner Bros. Discovery, Inc. is a global media and entertainment company. The Company operates through three segments: Studios, Networks, and DTC. The Studios segment consists of the production and release of feature films for initial exhibition in theaters, production, and initial licensing of television programs to its networks/DTC services as well as third parties, distribution of its films and television programs to various third party and internal television and streaming services, distribution through the home entertainment market (physical and digital), related consumer products and themed experience licensing, and interactive gaming. The Networks segment primarily consists of its domestic and international television networks. The DTC segment primarily consists of its premium pay-TV and streaming services. The Company's brands and franchises include Warner Bros. Motion Picture Group, DC, HBO, HBO Max, discovery+, CNN, TLC, OWN, Warner Bros., and Discovery Channel, among others."
CDW Corporation,CDW,Information Technology,Technology Hardware & Equipment,0.05,BBM5MD6,US12514G1085,17.06,4.0,60.58,8.06,18.5,1.43,9.83,"23,090",0.04,10/30/2024,2.85,2.85,2.63,4.67,BBM5MD6,CDW.OQ,CDW Corp,Information Technology,Technology Hardware & Equipment,Technology Distributors,23429154740.22,173.35,-1.40,-2.13,-1.26,-1.47,-23.13,-22.08,-22.87,-22.87,553501.87,60.48,21.18,17.06,17.72,7.96,-0.05,0.00,0.62,30.19,1.44,1.99,17.01,10.16,"CDW Corporation is a multi-brand provider of information technology (IT) solutions to small, medium and large business, government, education and healthcare customers in the United States, the United Kingdom and Canada. The Company’s array of offerings ranges from discrete hardware and software products to integrated IT solutions and services that include on-premises and cloud capabilities across hybrid infrastructure, digital experience and security. The Company operates through three segments: Corporate, Small Business and Public. The Corporate segment primarily serves United States private sector business customers. The Small Business segment primarily serves United States private sector business customers. The Public segment comprises government agencies and education and healthcare institutions in the United States. The Company’s solutions are delivered in physical, virtual and cloud-based environments. It provides integrated IT solutions in more than 150 countries."
"Expedia Group, Inc.",EXPE,Consumer Discretionary,Consumer Services,0.05,B748CK2,US30212P3038,13.24,22.6,41.76,11.36,15.6,--,18.17,"24,027",0.35,11/08/2024,6.05,6.05,6.13,0.69,B748CK2,EXPE.OQ,Expedia Group Inc,Consumer Discretionary,Consumer Services,"Hotels, Resorts & Cruise Lines",23886561531.70,186.49,0.20,-1.91,-1.24,1.01,25.99,48.02,22.86,22.86,532853.60,93.87,24.04,13.24,26.06,14.56,0.01,0.00,0.18,30.25,NULL,3.78,13.11,14.09,"Expedia Group, Inc. is an online travel company. The Company’s segments include B2C, B2B, and trivago. The B2C segment provides a full range of travel and advertising services to its worldwide customers through a variety of consumer brands including: Expedia.com, Hotels.com, Vrbo, Orbitz, Travelocity, Wotif Group, ebookers, CheapTickets, Hotwire.com and CarRentals.com. The B2B segment fuels a wide range of travel and non-travel companies, including airlines, offline travel agents, online retailers, corporate travel management and financial institutions, who leverage travel technology and tap into its diverse supply to augment their offerings and market Expedia Group rates and availabilities to their travelers. Its trivago segment generates advertising revenue primarily from sending referrals to online travel companies and travel service providers from its hotel metasearch Websites. The trivago is its majority-owned hotel metasearch company, based in Dusseldorf, Germany."
Hubbell Incorporated,HUBB,Industrials,Capital Goods,0.04,BDFG6S3,US4435106079,23.57,16.9,28.94,19.41,25.4,1.19,7.00,"22,498",0.05,10/29/2024,4.46,4.46,4.49,1.51,BDFG6S3,HUBB.N,Hubbell Inc,Industrials,Capital Goods,Electrical Components & Equipment,22708545987.39,419.19,-0.93,-2.62,-1.58,-8.89,-1.86,15.38,29.02,29.02,113705.07,26.94,30.19,23.66,40.25,5.83,0.01,0.00,0.29,26.73,1.26,4.29,23.63,17.72,"Hubbell Incorporated is a manufacturer of utility and electrical solutions. It has two segments: Utility Solutions and Electrical Solutions. Utility Solutions segment designs, manufactures and sells a range of electrical distribution, transmission, substation and telecommunications products. This includes utility transmission and distribution components, such as arresters, insulators, connectors, anchors, bushings, enclosures, cutouts and switches. Electrical Solutions segment comprises businesses, which sell stock and custom products, including standard and special application wiring device products, rough-in electrical products, connector and grounding products, and lighting fixtures, as well as other electrical equipment. Its products are either sourced completely, manufactured or assembled by subsidiaries in the United States, Canada, Puerto Rico, Mexico, the People's Republic of China, the United Kingdom, Brazil, Australia, Spain, Ireland and the Republic of the Philippines."
Cincinnati Financial Corporation,CINF,Financials,Insurance,0.04,2196888,US1720621010,19.54,8.3,16.29,23.27,22.7,2.22,1.62,"22,373",0.14,10/25/2024,1.46,1.46,1.42,2.74,2196888,CINF.OQ,Cincinnati Financial Corp,Financials,Insurance,Property & Casualty Insurance,22517190443.10,143.14,-0.63,-1.49,0.17,-9.93,5.76,22.62,41.93,41.93,277985.00,7.57,7.36,19.54,33.60,1.54,0.04,0.00,0.05,21.65,2.26,1.23,19.40,7.33,"Cincinnati Financial Corporation is engaged in property casualty insurance marketed through independent insurance agencies in 46 states. Its segments include Commercial lines insurance; Personal lines insurance; Excess and Surplus Lines Insurance; Life insurance, and Investments. The Commercial Lines Insurance segment includes five commercial business lines, such as commercial casualty, commercial property, commercial auto, workers’ compensation, and other commercial lines. The Personal Lines Insurance segment includes three business lines, including personal auto, homeowner, and other personal lines. The Excess and Surplus Lines Insurance segment offers commercial casualty and commercial property. The Life insurance segment includes term life insurance, worksite products, whole life insurance, and universal life insurance. The Investments segment invests in fixed-maturity investments and equity investments. Its commercial property provides coverage for loss or damage to buildings."
"PulteGroup, Inc.",PHM,Consumer Discretionary,Consumer Durables & Apparel,0.04,2708841,US7458671010,8.09,15.5,26.87,21.15,8.1,0.73,1.93,"22,357",0.07,10/22/2024,3.12,3.12,3.35,0.52,2708841,PHM.N,Pultegroup Inc,Consumer Discretionary,Consumer Durables & Apparel,Homebuilding,22460600463.12,108.86,-0.60,-1.62,-1.15,-19.37,-24.01,-0.80,6.20,6.20,577785.23,25.49,8.02,8.09,10.72,1.65,-0.01,0.00,1.86,29.77,0.81,2.24,8.04,13.45,"PulteGroup, Inc. is a homebuilder in the United States. The Company's segments include Homebuilding and Financial Services. The Homebuilding operations are engaged in the acquisition and development of land primarily for residential purposes within the United States and the construction of housing on such land. The Financial Services segment consist principally of mortgage banking, title, and insurance agency operations, through Pulte Mortgage LLC (Pulte Mortgage) and other subsidiaries. Pulte Mortgage arranges financing through the origination of mortgage loans primarily for the benefit of its homebuyers. Its Homebuilding operations are aggregated into six segments: Northeast, Southeast, Florida, Midwest, Texas and West. The Company, through its brands, such as Centex, Pulte Homes, Del Webb, DiVosta Homes, John Wieland Homes and Neighborhoods, and American West offers variety of home designs with varying levels of options and amenities to its customer groups."
PTC Inc.,PTC,Information Technology,Software & Services,0.04,B95N910,US69370C1009,29.64,16.9,12.78,25.68,30.9,--,6.87,"22,068",0.07,11/07/2024,1.45,1.45,1.54,1.82,B95N910,PTC.OQ,PTC Inc,Information Technology,Software & Services,Application Software,22163815260.00,183.66,-0.46,-1.21,-0.86,-8.20,1.66,1.10,4.97,4.97,286865.00,18.54,58.96,29.80,42.39,5.87,0.04,0.00,1.47,22.21,NULL,1.68,29.81,6.16,"PTC Inc. is a global software company that enables industrial and manufacturing companies to digitally transform how they engineer, manufacture, and service the physical products. Its computer-aided design (CAD) portfolio solutions enable companies to author product data. Its product lifecycle management (PLM) portfolio solutions enable companies to manage product data and orchestrate processes. Its software can be delivered on premises, in the cloud or in a hybrid model. Its PLM products and services include Windchill PLM, ThingWorx, ServiceMax, Arena, Codebeamer, Servigistics, FlexPLM and Kepware. Its CAD products and services include Creo 3D, Onshape, Vuforia and Arbortext. Its Windchill PLM application suite manages all aspects of the product development lifecycle-from concept through service and retirement-by enabling a digital thread of product parts, materials and configuration information. Its ThingWorx platform is flexible and purpose-built for industrial Internet of things."
Waters Corporation,WAT,Health Care,Pharmaceuticals Biotechnology & Life Sciences,0.04,2937689,US9418481035,28.76,6.1,77.62,28.53,31.4,--,13.74,"22,022",0.03,11/01/2024,2.68,2.68,2.93,5.17,2937689,WAT.N,Waters Corp,Health Care,"Pharmaceuticals, Biotechnology & Life Sciences",Life Sciences Tools & Services,22242314780.40,370.94,-0.98,-1.55,0.32,-3.58,3.07,27.86,12.67,12.67,153910.07,43.38,35.39,28.70,31.09,9.52,0.03,0.00,0.35,36.98,NULL,3.33,28.60,12.92,"Waters Corporation offers analytical instruments and software across chromatography, mass spectrometry, and thermal analysis innovations serving the life, materials, food, and environmental sciences. The Company primarily designs, manufactures, sells and services high-performance liquid chromatography (HPLC), ultra-performance liquid chromatography and mass spectrometry (MS) technology systems and support products, including chromatography columns, other consumable products and comprehensive post-warranty service plans. Its segments include Waters and TA. The Waters segment is primarily in the business of designing, manufacturing, selling and servicing liquid chromatography (LC) and MS instrument systems, columns and other precision chemistry consumables that can be integrated and used along with other analytical instruments. The TA segment is primarily in the business of designing, manufacturing, selling and servicing thermal analysis, rheometry and calorimetry instruments."
"Darden Restaurants, Inc.",DRI,Consumer Discretionary,Consumer Services,0.04,2289874,US2371941053,18.34,7.6,46.38,11.72,19.7,2.90,10.28,"22,039",0.06,12/19/2024,2.02,2.02,2.03,2.58,2289874,DRI.N,Darden Restaurants Inc,Consumer Discretionary,Consumer Services,Restaurants,22040739288.08,186.77,-0.43,-1.00,1.07,5.96,14.82,25.80,17.77,17.77,499471.00,50.23,21.35,18.35,25.34,9.55,0.03,0.00,0.27,34.18,3.00,5.29,18.39,10.18,"Darden Restaurants, Inc. is a restaurant company. The Company owns and operates full-service dining restaurants in the United States and Canada under the trade names Olive Garden, LongHorn Steakhouse, Yard House, Ruth's Chris Steak House, Cheddar's Scratch Kitchen, The Capital Grille, Chuy's, Seasons 52, Eddie V's and Bahama Breeze. It owns and operates approximately 2,140 restaurants in the United States and Canada. Its segments include Olive Garden, LongHorn Steakhouse, Fine Dining, and Other Businesses. Olive Garden is a full-service Italian dining restaurant operator in the United States. LongHorn Steakhouse is a full-service steakhouse restaurant, which features a variety of menu items including signature steaks and chicken, as well as salmon, shrimp, and burgers. Fine Dining includes Ruth’s Chris, The Capital Grille and Eddie V’s. Other businesses include Cheddar’s Scratch Kitchen, Yard House, Bahama Breeze, Seasons 52, and The Capital Burger."
Biogen Inc.,BIIB,Health Care,Pharmaceuticals Biotechnology & Life Sciences,0.04,2455965,US09062X1037,9.01,2.2,8.24,17.32,9.1,--,1.34,"21,883",0.18,10/30/2024,3.77,3.77,4.08,4.12,2455965,BIIB.OQ,Biogen Inc,Health Care,"Pharmaceuticals, Biotechnology & Life Sciences",Biotechnology,22048793335.40,150.19,-0.74,0.19,0.54,-6.50,-22.52,-35.21,-41.96,-41.96,643168.27,14.73,13.57,9.03,8.79,1.17,-0.02,0.00,-0.48,20.65,NULL,1.77,8.95,16.64,"Biogen Inc. is a global biopharmaceutical company focused on discovering, developing, and delivering advanced therapies for people living with serious and complex diseases worldwide. It has a portfolio of medicines to treat multiple sclerosis (MS), spinal muscular atrophy (SMA), Alzheimer's disease, and amyotrophic lateral sclerosis (ALS). It is focused on advancing its pipeline in neurology, specialized immunology, and rare diseases. The Company’s marketed products include TECFIDERA, VUMERITY, AVONEX, PLEGRIDY, TYSABRI and FAMPYRA for the treatment of MS; SPINRAZA for the treatment of SMA; SKYCLARYS for the treatment of Friedreich's Ataxia; QALSODY for the treatment of ALS; and FUMADERM for the treatment of severe plaque psoriasis. It also has collaborations for the commercialization of LEQEMBI, ZURZUVAE, RITUXAN, RITUXAN HYCELA, GAZYVA, OCREVUS, LUNSUMIO, and COLUMVI. It commercializes a portfolio of biosimilars of advanced biologics including BENEPALI, IMRALDI, FLIXABI, and BYOOVIZ."
SBA Communications Corp. Class A,SBAC,Real Estate,Equity Real Estate Investment Trusts (REITs),0.04,BZ6TS23,US78410G1040,22.57,9.8,--,40.45,27.5,1.93,--,"21,858",0.05,10/29/2024,2.26,2.26,2.40,2.79,BZ6TS23,SBAC.OQ,SBA Communications Corp,Real Estate,Equity Real Estate Investment Trusts (REITs),Telecom Tower REITs,21848595571.20,203.32,0.06,-0.33,0.02,-10.13,-15.15,4.51,-18.36,-18.36,322117.77,-16.90,32.07,22.47,46.40,-4.34,0.03,0.00,2.96,21.67,1.93,1.19,22.51,9.05,"SBA Communications Corporation is an independent owner and operator of wireless communications infrastructure, including towers, buildings, rooftops, distributed antenna systems (DAS) and small cells. The Company’s primary focus is the leasing of antenna space on its multi-tenant towers to a variety of wireless service providers under long-term lease contracts in the United States, South America, Central America, Canada, South Africa, the Philippines, and Tanzania. It operates through two segments: Domestic Site Leasing and International Site Leasing. Domestic Site Leasing segment leases to T-Mobile, AT&T Wireless, Verizon Wireless, and DISH Wireless. The segment owns approximately 17,487 sites in the United States and its territories. The International Site Leasing segment owns and operates approximately 22,131 towers in 14 international markets throughout South America, Central America, Canada, South Africa, the Philippines, and Tanzania."
Kellanova,K,Consumer Staples,Food Beverage & Tobacco,0.04,2486813,US4878361082,20.60,8.9,21.78,12.44,21.5,2.78,7.62,"27,802",0.02,10/31/2024,0.85,0.85,0.92,2.42,2486813,K.N,Kellanova,Consumer Staples,"Food, Beverage & Tobacco",Packaged Foods & Meats,27979128055.98,80.82,-0.43,-0.36,0.15,0.12,0.84,42.11,49.48,49.48,629598.23,36.04,33.74,20.60,19.54,6.48,0.01,0.00,0.07,12.74,2.82,1.55,20.59,3.92,"Kellanova is engaged in manufacturing and marketing of snacks and convenience foods. The Company’s segments include North America, Europe, Latin America, and AMEA (Asia Middle East Africa). Its principal products are snacks, such as crackers, savory snacks, toaster pastries, cereal bars, granola bars and bites, and convenience foods, such as, ready-to-eat cereals, frozen waffles, veggie foods and noodles. Its snacks brands are marketed under brands such as Kellogg's, Cheez-It, Pringles, Austin, Parati, and RXBAR. Its frozen foods are marketed under the Eggo and Morningstar Farms brands. It also markets crackers, crisps, and other convenience foods, under brands such as Kellogg’s, Cheez-It, Pringles, and Austin, to supermarkets in the United States through a variety of distribution methods. Its brand names include Kellogg’s Corn Flake Crumbs, Choco Krispis, Crunchy Nut, Kashi, Nutri-Grain, Special K, Squares, Zucaritas, Rice Krispies Treats, and Sucrilhos for cereal bars."
Teledyne Technologies Incorporated,TDY,Information Technology,Technology Hardware & Equipment,0.04,2503477,US8793601050,21.57,7.4,10.19,18.62,23.9,--,2.26,"21,691",0.02,10/23/2024,4.97,4.97,5.10,3.23,2503477,TDY.N,Teledyne Technologies Inc,Information Technology,Technology Hardware & Equipment,Electronic Equipment & Instruments,21970198212.24,465.23,-1.32,-2.38,-1.04,-4.13,6.30,19.91,4.24,4.24,80371.43,9.67,23.53,21.57,26.16,2.05,0.02,0.00,0.71,19.29,NULL,0.95,21.51,21.57,"Teledyne Technologies Incorporated provides enabling technologies for industrial growth markets. These markets include factory automation, air and water quality environmental monitoring, electronics design and development, and others. Its segments include Digital Imaging, which includes sensors, cameras and systems, within the visible, infrared, ultraviolet and X-ray spectra for use in industrial, scientific, government, space, defense, security and others; Instrumentation segment provides monitoring and control instruments for marine, environmental, industrial and other applications, and electronic test and measurement equipment; Aerospace and Defense Electronics segment provides electronic components and subsystems, data acquisition and communications components and equipment, harsh environment interconnects, general aviation batteries and other components, and Engineered Systems segment provides systems engineering, integration and technology development and manufacturing solutions."
Atmos Energy Corporation,ATO,Utilities,Utilities,0.04,2315359,US0495601058,19.03,7.5,9.05,32.54,19.4,2.36,1.77,"21,570",0.03,11/07/2024,0.80,0.80,0.86,2.58,2315359,ATO.N,Atmos Energy Corp,Utilities,Utilities,Gas Utilities,21656582184.64,138.93,-0.31,-0.76,-0.19,-8.19,0.74,20.53,23.05,23.05,330512.77,8.65,20.40,19.02,25.02,1.60,0.02,0.00,0.28,14.09,2.50,3.20,18.99,7.30,"Atmos Energy Corporation is a natural gas-only distributor. The Company delivers natural gas to over 3.3 million distribution customers in over 1,400 communities across eight states located primarily in the South. The Company manages proprietary pipeline and storage assets, including intrastate natural gas pipeline systems in Texas. Its segments include distribution, and pipeline and storage. The distribution segment comprises its regulated natural gas distribution and related sales operations in eight states. The pipeline and storage segment comprises the pipeline and storage operations of its Atmos Pipeline-Texas (APT) division and its natural gas transmission operations in Louisiana. APT division is an intrastate pipeline operator in Texas with a heavy concentration in the established natural gas producing areas of central, northern and eastern Texas, extending into or near the major producing areas of the Barnett Shale, the Texas Gulf Coast and the Permian Basin of West Texas."
Regions Financial Corporation,RF,Financials,Banks,0.04,B01R311,US7591EP1005,10.39,3.8,13.15,30.98,11.7,4.10,1.27,"21,544",0.01,10/18/2024,0.53,0.53,0.57,3.05,B01R311,RF.N,Regions Financial Corp,Financials,Banks,Regional Banks,21576425781.10,23.66,-0.34,-1.38,-0.76,-12.39,2.37,20.47,27.78,27.78,2719534.77,11.52,13.36,10.46,10.52,1.18,0.04,0.00,0.48,27.44,4.23,3.65,10.49,2.26,"Regions Financial Corporation is a financial holding company. The Company provides traditional commercial, retail and mortgage banking services, as well as other financial services, including asset management, wealth management, securities brokerage, merger-and-acquisition advisory services and other specialty. The Company operates through three segments: Corporate Bank, Consumer Bank and Wealth Management. The Company conducts its banking operations through Regions Bank, a state-chartered commercial bank. The Company operated approximately 2,023 automated teller machines (ATMs) and 1,271 total branch outlets primarily across the South, Midwest and Texas. The Company operates in Birmingham, Alabama, with operations across the South, Midwest and Texas. It operates several offices delivering specialty capabilities in New York, Washington District of Columbia (D.C.), Chicago and other locations nationwide."
International Flavors & Fragrances Inc.,IFF,Materials,Materials,0.04,2464165,US4595061015,18.41,14.8,-15.88,7.24,20.0,2.39,1.45,"21,469",0.05,11/06/2024,1.07,1.07,1.04,1.35,2464165,IFF.N,International Flavors & Fragrances Inc,Materials,Materials,Specialty Chemicals,21628168210.11,83.96,-0.74,-1.14,-0.98,-7.67,-19.61,-11.06,5.52,5.52,544356.97,6.23,NULL,18.22,15.09,1.44,0.00,0.00,-0.10,25.64,1.91,1.96,18.47,4.61,"International Flavors & Fragrances Inc. is a creator and manufacturer of food, beverage, health and biosciences, scent and pharma solutions, and complementary adjacent products. The Company operates through four segments. The Nourish segment consists of a portfolio of natural-based ingredients to enhance nutritional value, texture and functionality in a range of beverage, dairy, bakery, confectionery and culinary applications and consists of ingredients, flavors and food designs. The Health & Biosciences segment consists of the development and production of an advanced biotechnology-derived portfolio of enzymes, food cultures, probiotics and specialty ingredients for food and non-food applications. The Scent segment creates fragrance compounds and fragrance ingredients. The Pharma Solutions segment produces a portfolio that includes cellulosics and seaweed-based pharmaceutical excipients, used to improve the functionality and delivery of active pharmaceutical ingredients."
Devon Energy Corporation,DVN,Energy,Energy,0.04,2480677,US25179M1036,7.05,-9.0,32.26,31.65,6.8,6.26,1.47,"21,036",0.07,11/06/2024,1.09,1.09,1.10,--,2480677,DVN.N,Devon Energy Corp,Energy,Energy,Oil & Gas Exploration & Production,20495280000.00,31.97,2.47,2.76,3.20,-15.21,-17.75,-31.36,-26.96,-26.96,2901791.00,22.00,5.93,6.96,3.77,1.29,-0.15,0.00,5.05,27.30,4.54,3.94,7.25,4.60,"Devon Energy Corporation is an oil and gas producer in the United States with a multi-basin portfolio. The Company is primarily engaged in the exploration, development and production of oil, natural gas and natural gas liquids (NGLs). Its oil and gas properties include Delaware Basin, Eagle Ford, Anadarko Basin, Williston Basin and Powder River Basin. The Delaware Basin operates in southeast New Mexico and across the state line into west Texas. It offers exploration and development opportunities from many geologic reservoirs and play types, including the oil-rich Wolfcamp, Bone Spring, Avalon and Delaware formations. The Eagle Ford operations are located in Texas' DeWitt and Karnes counties. The Anadarko Basin has around four-operated rig program associated with a joint venture. Its position in the Williston is located entirely on the Fort Berthold Indian Reservation in North Dakota. The Powder River Basin is focused on emerging oil opportunities in Wyoming's Powder River Basin."
Eversource Energy,ES,Utilities,Utilities,0.04,BVVN4Q8,US30040W1080,12.00,5.5,-2.98,20.14,12.6,4.92,1.39,"20,851",0.07,11/05/2024,1.08,1.08,1.13,2.29,BVVN4Q8,ES.N,Eversource Energy,Utilities,Utilities,Electric Utilities,21002167626.84,57.30,-0.03,-0.07,0.21,-10.02,-14.73,3.43,-2.68,-2.68,752547.40,10.80,NULL,12.00,13.98,1.24,0.00,0.00,0.19,19.35,4.99,1.32,12.01,4.77,"Eversource Energy is a utility holding company, which is engaged in the energy delivery business through its subsidiaries. Its segments include Electric Distribution, Electric Transmission, Natural Gas Distribution and Water Distribution. The Electric Distribution segment is engaged in the distribution of electricity to retail customers in Connecticut, Massachusetts and New Hampshire, respectively, and the solar power facilities of NSTAR Electric. The Electric Transmission segment own and maintains transmission facilities that are part of an interstate power transmission grid over which electricity is transmitted throughout New England. The Natural Gas Distribution segment distributes natural gas to its customers in Massachusetts and Connecticut. The Water Distribution segment provides water services to over 241,000 residential, commercial, industrial, municipal and fire protection and other customers, in 72 towns and cities in Connecticut, Massachusetts and New Hampshire."
"Zimmer Biomet Holdings, Inc.",ZBH,Health Care,Health Care Equipment & Services,0.04,2783815,US98956P1021,12.31,7.1,8.36,18.76,13.2,0.91,1.70,"21,038",0.07,10/30/2024,1.74,1.74,1.74,1.86,2783815,ZBH.N,Zimmer Biomet Holdings Inc,Health Care,Health Care Equipment & Services,Health Care Equipment,21275007601.44,105.40,-1.38,-1.72,-1.10,-5.76,-2.14,-2.45,-12.65,-12.65,505164.30,11.36,20.08,12.29,15.42,1.52,0.01,0.00,-0.13,23.82,0.91,3.40,12.31,8.57,"Zimmer Biomet Holdings, Inc. is a global medical technology company. Its segments include Americas, EMEA, and Asia Pacific. The Company designs, manufactures and markets orthopedic reconstructive products; sports medicine, biologics, extremities and trauma products; craniomaxillofacial and thoracic (CMFT) products; surgical products; and a suite of integrated digital and robotic technologies that leverage data, data analytics and artificial intelligence. Its other product category primarily includes its robotic, surgical and bone cement products. Its products and solutions help treat patients suffering from disorders of, or injuries to, bones, joints or supporting soft tissues. Its knee brands include the Persona Knee, NexGen Knee Implants, Vanguard Knee, and Oxford Partial Knee. Its hip brands include the Taperloc Hip System, Avenir Complete Hip System, Arcos Modular Hip System, and G7 Acetabular System. Its S.E.T. product category includes sports medicine, biologics, foot and others."
Texas Pacific Land Corporation,TPL,Energy,Energy,0.04,BM99VY2,US88262P1021,--,--,44.67,76.96,--,0.41,24.18,"25,446",--,11/07/2024,--,--,4.63,--,BM99VY2,TPL.N,Texas Pacific Land Corp,Energy,Energy,Oil & Gas Exploration & Production,26309033519.68,1107.43,-3.29,-5.11,-2.81,-30.72,25.30,53.29,115.63,115.63,142608.97,NULL,56.81,NaN,55.68,NaN,NULL,0.00,1.07,51.75,0.58,5.81,NULL,NULL,"Texas Pacific Land Corporation is a landowner in the state of Texas with approximately 873,000 acres of land in West Texas, with the majority of its ownership concentrated in the Permian Basin. The Company operates in two segments. Its Land and Resource Management segment encompasses the business of managing its approximately 873,000 surface acres of land and its oil and gas royalty interests in West Texas, principally concentrated in the Permian Basin. This segment consists primarily of royalties from oil and gas, revenues from easements, commercial leases and renewables, and land and material sales. Its Water Services and Operations segment encompasses the business of providing full-service water offerings to operators in the Permian Basin through Texas Pacific Water Resources LLC (TPWR). These full-service water offerings include water sourcing, produced-water treatment, infrastructure development, and others. The Company also has net royalty acreage in the Midland Basin."
"CenterPoint Energy, Inc.",CNP,Utilities,Utilities,0.04,2440637,US15189T1079,18.25,7.5,9.17,20.24,19.7,2.54,1.97,"20,744",0.05,10/28/2024,0.32,0.32,0.31,2.61,2440637,CNP.N,CenterPoint Energy Inc,Utilities,Utilities,Multi-Utilities,20991939014.54,31.83,-1.18,-1.67,-0.84,-2.42,8.91,4.22,14.61,14.61,1529492.43,10.12,21.10,18.25,23.02,1.83,0.02,0.00,-0.18,18.60,2.76,2.89,18.24,1.74,"CenterPoint Energy, Inc. is an energy delivery company. The Company, through its subsidiaries, owns and operates electric transmission, distribution and generation facilities and natural gas distribution facilities that serve customers in Indiana, Louisiana, Minnesota, Mississippi, Ohio and Texas. The Company's segments include Electric and Natural Gas. The Electric segment comprises Houston Electric and Indiana Electric businesses. The Natural Gas segment includes intrastate natural gas sales to, and natural gas transportation and distribution for residential, commercial, industrial and institutional customers in Indiana, Louisiana, Minnesota, Mississippi, Ohio and Texas; permanent pipeline connections through interconnects with various interstate and intrastate pipeline companies, and home appliance maintenance and repair services to customers in Minnesota and home repair protection plans to natural gas customers in Indiana, Mississippi, Ohio and Texas through a third party."
"Teradyne, Inc.",TER,Information Technology,Semiconductors & Semiconductor Equipment,0.04,2884183,US8807701029,29.93,14.6,18.03,19.57,39.9,0.38,7.11,"20,647",0.04,10/24/2024,0.78,0.78,0.90,2.73,2884183,TER.OQ,Teradyne Inc,Information Technology,Semiconductors & Semiconductor Equipment,Semiconductor Materials & Equipment,20934212325.48,126.70,-1.43,-3.16,-1.38,15.18,-5.30,-14.39,17.23,17.23,1094084.23,18.71,40.30,29.65,30.91,6.52,-0.03,0.00,0.49,43.58,0.38,3.44,28.88,4.27,"Teradyne, Inc. is a global supplier of automated test equipment and robotics solutions. The Company designs, develops, manufactures and sells automated test systems and robotics products. The Company operates through four segments: Semiconductor Test, System Test, Wireless Test and Robotics. The Semiconductor Test segment includes operations related to the design, manufacturing and marketing of semiconductor test products and services. The System Test segment includes operations related to the design, manufacturing and marketing of products and services for storage and system level test, defense/aerospace instrumentation test, and circuit-board test. The Wireless Test segment includes operations related to the design, manufacturing and marketing of wireless test products and services. The Robotics segment includes operations related to the design, manufacturing and marketing of collaborative robotic arms, autonomous mobile robots and advanced robotic control software."
Western Digital Corporation,WDC,Information Technology,Technology Hardware & Equipment,0.04,2954699,US9581021055,7.34,-4.5,-7.87,3.49,8.2,--,1.77,"20,629",0.07,10/25/2024,1.71,1.71,1.78,--,2954699,WDC.OQ,Western Digital Corp,Information Technology,Technology Hardware & Equipment,"Technology Hardware, Storage & Peripherals",20984503097.10,59.62,-1.78,-3.39,-3.15,-18.32,-12.70,-21.31,13.84,13.84,1737966.90,19.85,67.69,7.41,7.29,1.39,-0.01,0.00,0.69,35.71,NULL,6.03,7.16,8.04,"Western Digital Corporation is a developer, manufacturer and provider of data storage devices and solutions based on both hard disk drive and NAND flash technologies. The Company manufactures, markets, and sells data storage devices and solutions in the United States and in foreign countries through its sales personnel, dealers, distributors, retailers, and subsidiaries. It manages and reports under two segments: hard disk drives (HDD) and flash-based products (Flash). Its portfolio of technology and products addresses multiple end markets: Cloud, Client and Consumer. Cloud is comprised primarily of products for public or private cloud environments and end customers. Through the Client end market, it provides its OEM and channel customers a range of hard drive and flash solutions across personal computer, mobile, gaming, automotive, virtual reality headsets, at-home entertainment, and industrial spaces. The Consumer end market offers a range of retail and other end user products."
"Live Nation Entertainment, Inc.",LYV,Communication Services,Media & Entertainment,0.04,B0T7YX2,US5380341090,49.95,28.6,--,4.63,116.0,--,104.90,"30,209",0.17,11/12/2024,1.61,1.61,1.66,4.06,B0T7YX2,LYV.N,Live Nation Entertainment Inc,Communication Services,Media & Entertainment,Movies & Entertainment,30635833367.25,131.01,-0.64,-1.75,-1.12,-5.24,19.65,39.76,39.97,39.97,596654.93,260.92,149.33,49.89,142.98,22.24,0.16,0.00,7.60,22.05,NULL,5.36,51.91,2.63,"Live Nation Entertainment, Inc. is a live entertainment company. The Company is a producer of live music concerts in the world. Its segments include Concerts, Ticketing and Sponsorship & Advertising. The Concerts segment principally involves the global promotion of live music events in its owned or operated venues and in rented third-party venues, the operation and management of music venues, the production of music festivals across the world, the creation of associated content and the provision of management and other services to artists. The Ticketing segment is an agency business that sells tickets for events on behalf of its clients. The Sponsorship & Advertising segment employs a sales force that creates and maintains relationships with sponsors through a combination of strategic, international, national, and local opportunities that allow businesses to reach customers through its concert, festival, venue and ticketing assets, including advertising on its Websites."
Ulta Beauty Inc.,ULTA,Consumer Discretionary,Consumer Discretionary Distribution & Retail,0.04,B28TS42,US90384S3031,18.81,2.0,60.91,15.05,18.4,--,8.71,"20,276",0.17,12/06/2024,4.53,4.53,5.14,9.26,B28TS42,ULTA.OQ,Ulta Beauty Inc,Consumer Discretionary,Consumer Discretionary Distribution & Retail,Other Specialty Retail,20503617676.70,435.40,-1.53,-2.42,1.46,12.61,11.89,12.84,-11.14,-11.14,374563.70,47.31,21.94,18.73,25.34,7.86,-0.05,0.00,0.58,37.20,NULL,5.11,18.53,23.25,"Ulta Beauty, Inc. is a beauty retailer. The Company's product categories include cosmetics, skincare, haircare products and styling tools, fragrance and bath, services, and accessories and other. The Company has one segment, which includes retail stores, salon services, and e-commerce. It offers a range of beauty services in its stores, focusing on hair, makeup, brow and skin services. Its skin services include a skin treatment room or dedicated skin treatment area on the sales floor. Its Ulta Beauty store prototype includes an open salon area, with most of its stores offering brow services on the salon floor. It offers a new way to shop for beauty - bringing together All Things Beauty, All in One Place. In addition to ship to home order fulfillment, it offers guests Buy Online, Pick-up in Store, Curbside Pickup, and Store 2 Door, which provides the ability for customers to order in-store and have products delivered to their homes. It operates over 1,350 retail stores across 50 states."
Cboe Global Markets Inc,CBOE,Financials,Financial Services,0.04,B5834C5,US12503M1080,21.45,11.6,20.33,28.23,22.7,1.20,4.87,"20,509",0.04,11/01/2024,2.19,2.19,2.22,1.95,B5834C5,CBOE.Z,Cboe Global Markets Inc,Financials,Financial Services,Financial Exchanges & Data,20647182897.99,195.93,-0.66,-0.32,1.47,-9.23,-4.08,15.90,11.05,11.05,309122.20,21.72,26.69,21.42,28.43,4.51,0.01,0.00,0.48,21.17,1.29,NULL,21.36,9.15,"Cboe Global Markets, Inc. is a provider of derivatives and securities exchange network, and delivers trading, clearing and investment solutions to customers. The Company operates through six segments. The Options segment includes options on market indices (index options), as well as on the stocks of individual corporations (equity options). The North American Equities segment includes United States equities and ETP transaction services. The Europe and Asia Pacific segment includes the pan-European listed equities and derivatives transaction services, ETPs, exchange-traded commodities, and international depository receipts. Futures segment includes transaction services provided by Cboe Futures Exchange, LLC (CFE), an electronic futures exchange that offers trading of VIX futures and other futures products. The Global FX segment includes institutional FX trading services. Digital segment includes a digital asset spot market, a regulated futures exchange, and a regulated clearinghouse."
Northern Trust Corporation,NTRS,Financials,Financial Services,0.04,2648668,US6658591044,13.29,12.2,9.86,12.07,12.9,2.92,1.72,"20,365",0.04,10/23/2024,1.74,1.74,2.22,1.06,2648668,NTRS.OQ,Northern Trust Corp,Financials,Financial Services,Asset Management & Custody Banks,20581025089.89,102.74,-1.05,-1.83,0.15,-6.93,14.91,24.25,25.94,25.94,574100.23,14.41,12.79,13.29,14.25,1.63,0.09,0.00,0.08,22.92,2.92,1.16,13.14,7.73,"Northern Trust Corporation is a provider of wealth management, asset servicing, asset management and banking solutions to corporations, institutions, families, and individuals. The Company’s segments include Asset Servicing and Wealth Management. Asset Servicing is a global provider of asset servicing and related services to corporate and public retirement funds, foundations, endowments, fund managers, insurance companies, sovereign wealth funds, and other institutional investors around the globe. Asset servicing and related services, including custody; fund administration; investment operations outsourcing; investment management; investment risk and analytical services, and employee benefit services. Wealth Management segment provides trust, investment management, custody, and philanthropic services; financial consulting; guardianship and estate administration; family business consulting; family financial education; brokerage services; and private and business banking."
FirstEnergy Corp.,FE,Utilities,Utilities,0.04,2100920,US3379321074,13.74,7.4,10.90,17.61,14.8,4.25,1.84,"22,845",0.03,10/30/2024,0.89,0.89,0.85,2.00,2100920,FE.N,FirstEnergy Corp,Utilities,Utilities,Electric Utilities,22862495548.68,39.64,-0.08,-0.40,-0.23,-6.84,-9.70,5.71,12.83,12.83,918662.70,12.54,25.60,13.74,16.24,1.72,0.01,0.00,-0.03,12.62,4.29,1.87,13.72,2.89,"FirstEnergy Corp. and its subsidiaries are principally involved in the transmission, distribution, and generation of electricity. Its segments include Distribution, Integrated, and Stand-Alone Transmission. The Distribution Segment, which consists of the Ohio Companies and FirstEnergy Pennsylvania Electric Company (FE PA), distributes electricity in Ohio and Pennsylvania. The Integrated segment includes the distribution and transmission operations under Jersey Central Power & Light Company (JCP&L), Monongahela Power Company (MP) and The Potomac Edison Company (PE), as well as MP’s regulated generation operations. The Integrated segment distributes electricity to approximately two million customers in New Jersey, West Virginia and Maryland across its distribution footprint. The Stand-Alone Transmission segment, which consists of its ownership in FET and KATCo, includes transmission infrastructure owned and operated by the Transmission Companies and used to transmit electricity."
Weyerhaeuser Company,WY,Real Estate,Equity Real Estate Investment Trusts (REITs),0.04,2958936,US9621661043,30.52,2.8,8.00,14.48,59.2,2.87,2.04,"20,269",0.01,10/25/2024,0.00,0.00,0.05,21.52,2958936,WY.N,Weyerhaeuser Co,Real Estate,Equity Real Estate Investment Trusts (REITs),Timber REITs,20337030180.00,27.89,-0.36,-0.99,-0.68,-13.55,-17.12,-0.50,-17.39,-17.39,1363093.93,3.51,38.14,32.43,9.38,2.06,-0.04,0.00,6.31,22.74,2.87,1.25,34.68,0.86,"Weyerhaeuser Company is a real estate investment trust. The Company is a private owner of timberlands and owns or controls approximately 10.5 million acres of timberlands in the United States and manages additional timberlands under long-term licenses in Canada. Its segments include Timberlands, Real Estate, Energy and Natural Resources (Real Estate & ENR), and Wood Products. The Timberlands segment includes logs, timber, recreational leases and other products. The Real Estate & ENR segment includes the sales of timberlands and rights to explore for and extract hard minerals, construction materials, natural gas production, wind and solar. The Wood Products include structural lumber, oriented strand board, engineered wood products and building materials distribution. Its products are primarily supplied to the residential, multi-family, repair and remodel, industrial and light commercial markets. The Company operates around 35 manufacturing facilities in the United States and Canada."
STERIS plc,STE,Health Care,Health Care Equipment & Services,0.04,BFY8C75,IE00BFY8C754,20.84,--,8.91,17.67,22.4,1.06,3.07,"20,243",0.02,11/07/2024,2.12,2.12,2.14,--,BFY8C75,STE.N,STERIS plc,Health Care,Health Care Equipment & Services,Health Care Equipment,20529149869.46,205.08,-1.39,-1.74,-1.40,-6.38,-15.22,-6.11,-5.82,-5.82,187840.67,12.40,33.75,21.10,25.91,2.86,0.00,0.00,0.65,19.12,1.11,0.99,21.10,9.72,"STERIS Plc is a provider of products and services that support patient care with an emphasis on infection prevention. Its segments include Healthcare, Applied Sterilization Technologies (AST), and Life Sciences. Its Healthcare segment provides a comprehensive offering for healthcare providers worldwide, focused on sterile processing departments and procedural centers, such as operating rooms and endoscopy suites. AST segment supports medical device and pharmaceutical manufacturers through a global network of contract sterilization and laboratory testing facilities, and integrated sterilization equipment and control systems. Its Life Sciences segment provides a comprehensive offering of products and services designed to support biopharmaceutical and medical device research and manufacturing facilities, in particular those focused on aseptic manufacturing. Its portfolio includes a full suite of consumable products, equipment maintenance, specialty services, and capital equipment."
Southwest Airlines Co.,LUV,Industrials,Transportation,0.04,2831543,US8447411088,20.53,7.0,4.39,0.86,43.1,2.15,1.93,"20,127",0.11,10/24/2024,0.05,0.05,0.15,6.17,2831543,LUV.N,Southwest Airlines Co,Industrials,Transportation,Passenger Airlines,20415054934.76,33.56,-1.41,-1.84,-0.36,4.25,13.86,18.64,18.89,18.89,1952065.57,4.56,NULL,20.66,23.97,1.82,0.38,0.00,-0.68,28.19,2.15,5.65,19.38,1.62,"Southwest Airlines Co. (Southwest) operates Southwest Airlines, a passenger airline that provides scheduled air transportation in the United States and near-international markets. The Company's fare products include four categories: Wanna Get Away, Wanna Get Away Plus, Anytime, and Business Select to provide customers options when choosing a fare. It offers ancillary services, such as EarlyBird Check-In, Upgraded Boarding, and transportation of pets and unaccompanied minors, in accordance with Southwest’s respective policies. EarlyBird Check-In provides customers with automatic check-in and an assigned boarding position before general boarding positions become available. It has over 817 Boeing 737 aircraft in its fleet and serves 121 destinations in 42 states, the District of Columbia, the Commonwealth of Puerto Rico, and ten near-international countries: Mexico, Jamaica, The Bahamas, Aruba, Dominican Republic, Costa Rica, Belize, Cuba, the Cayman Islands, and Turks and Caicos."
Packaging Corporation of America,PKG,Materials,Materials,0.04,2504566,US6951561090,19.86,3.8,19.81,14.31,24.7,2.22,4.74,"20,203",0.05,10/23/2024,2.50,2.50,2.65,6.54,2504566,PKG.N,Packaging Corp of America,Materials,Materials,Paper & Plastic Packaging Products & Materials,20393804278.78,224.96,-0.94,-1.96,-0.93,-9.10,5.01,24.62,41.57,41.57,234144.47,19.15,26.22,19.94,20.41,4.15,0.09,0.00,0.44,16.82,2.22,1.41,19.98,11.28,"Packaging Corporation of America is a producer of containerboard products and a producer of uncoated freesheet (UFS) paper in North America. The Company operates eight mills and 86 corrugated products plants and related facilities. Its segments include Packaging, Paper and Corporate and Other. Its containerboard mills produce linerboard and corrugating medium, which are papers primarily used in the production of corrugated products. Its corrugated products manufacturing plants produce a variety of corrugated packaging products. In addition, it also produces packaging for meat, fresh fruit and vegetables, processed food, beverages, and other industrial and consumer products. It manufactures and sells papers, including both commodity and specialty papers, which may have custom or specialized features, such as colors, coatings, high brightness, and recycled content. Its papers consist of communication papers, including cut-size office papers, and printing and converting papers."
Clorox Company,CLX,Consumer Staples,Household & Personal Products,0.04,2204026,US1890541097,22.88,7.7,--,12.91,23.6,3.00,332.72,"19,963",0.10,10/31/2024,1.41,1.41,1.86,3.07,2204026,CLX.N,Clorox Co,Consumer Staples,Household & Personal Products,Household Products,20176354834.00,161.42,-0.97,-1.56,-1.02,-3.44,-0.15,20.20,16.95,16.95,399226.43,229.75,56.50,22.85,39.24,79.14,0.04,0.00,-0.35,14.68,3.02,3.11,22.81,7.06,"The Clorox Company is a multinational manufacturer and marketer of consumer and professional products. The Company operates through four segments: Health and Wellness, Household, Lifestyle, and International. Its Health and Wellness segment consists of cleaning, disinfecting and professional products marketed and sold under the Clorox, Clorox2, Pine-Sol, Scentiva, Tilex, Liquid-Plumr and Formula 409 brands in the United States. Its Household segment consists of bags and wraps, cat litter and grilling products marketed and sold under the Glad, Fresh Step and Scoop Away, and Kingsford brands in the United States. The lifestyle segment consists of food, water-filtration and natural personal care products marketed and sold under the Hidden Valley, Brita and Burt’s Bees brands. International consists of products sold outside the United States. Its products within this segment include laundry additives, home care products, bags and wraps, cat litter, water-filtration products and others."
CMS Energy Corporation,CMS,Utilities,Utilities,0.04,2219224,US1258961002,18.58,7.7,12.42,16.55,20.0,3.09,2.52,"19,909",0.02,10/31/2024,0.78,0.78,0.84,2.59,2219224,CMS.N,CMS Energy Corp,Utilities,Utilities,Multi-Utilities,20036513046.90,66.63,-0.64,-0.48,-0.06,-4.42,-4.95,13.66,18.55,18.55,705434.20,12.25,19.82,18.58,23.12,2.23,0.01,0.00,0.16,13.61,3.09,2.53,18.61,3.59,"CMS Energy Corporation is an energy company operating primarily in Michigan. The Company manages its businesses by the nature of services each provides, and operates principally in three segments: Electric Utility, Gas Utility, and NorthStar Clean Energy. The Electric Utility segment consists of regulated activities associated with the generation, purchase, distribution, and sale of electricity in Michigan. The Gas Utility segment consists of regulated activities associated with the purchase, transmission, storage, distribution, and sale of natural gas in Michigan. NorthStar Clean Energy segment consists of various subsidiaries engaging in domestic independent power production, including the development and operation of renewable generation, and the marketing of independent power production. Its gas transmission, storage, and distribution system consists of over 2,371 miles of transmission lines with 15 gas storage fields with a total storage capacity of 309 billion cubic feet (bcf)."
Zebra Technologies Corporation Class A,ZBRA,Information Technology,Technology Hardware & Equipment,0.04,2989356,US9892071054,23.79,--,10.26,13.05,28.5,--,5.78,"19,784",0.07,10/29/2024,3.23,3.23,3.49,--,2989356,ZBRA.OQ,Zebra Technologies Corp,Information Technology,Technology Hardware & Equipment,Electronic Equipment & Instruments,20068241493.96,383.85,-1.34,-3.28,-1.74,-5.69,3.65,24.25,40.43,40.43,129947.73,19.54,52.09,24.10,22.12,4.56,0.06,0.00,0.33,24.24,NULL,1.05,23.80,15.93,"Zebra Technologies Corporation is engaged in the Automatic Identification and Data Capture (AIDC) industry. The Company helps organizations monitor, anticipate, and accelerate workflows by empowering their frontline and ensuring that everyone and everything is visible, connected and fully optimized. It operates through two segments: Asset Intelligence & Tracking (AIT) and Enterprise Visibility & Mobility (EVM). The AIT segment is engaged in barcode printing and asset tracking technologies. Its major product lines include barcode and card printers, radio frequency identification devices (RFID) and real-time location systems (RTLS) offerings, and supplies, including temperature-monitoring labels, and services. The EVM segment is engaged in automatic information and data capture solutions. Its major product lines include mobile computing, data capture, fixed industrial scanning and machine vision, services, and workflow optimization solutions. It operates in about 122 facilities."
Lennox International Inc.,LII,Industrials,Capital Goods,0.04,2442053,US5261071071,26.26,16.6,--,16.91,29.1,0.73,29.02,"21,878",0.09,10/23/2024,6.02,6.02,6.68,1.75,2442053,LII.N,Lennox International Inc,Industrials,Capital Goods,Building Products,22087502298.40,613.99,-0.97,-2.49,-1.77,-7.97,1.61,14.99,38.07,38.07,197690.53,130.99,29.19,26.27,43.90,17.40,0.04,0.00,0.25,25.71,0.75,3.00,26.22,23.37,"Lennox International Inc. is a provider of climate control solutions. The Company designs, manufactures and markets a range of products for the heating, ventilation, air conditioning and refrigeration (HVACR) markets. It operates through three segments: Home Comfort Solutions, Building Climate Solutions, and Corporate and Other. Home Comfort Solutions segment manufacture and market a broad range of furnaces, air conditioners, heat pumps, packaged heating and cooling systems, indoor air quality equipment, comfort control products, replacement parts and supplies and related products. Building Climate Solutions segment manufacture and sell unitary heating and air conditioning equipment, applied systems, controls, installation and service of commercial heating and cooling equipment, variable refrigerant flow commercial products, curb, curb adapters, drop box diffusers, HVAC recycling and salvage service, condensing units, unit coolers, fluid coolers, air cooled condensers, and others."
"Citizens Financial Group, Inc.",CFG,Financials,Banks,0.04,BQRX1X3,US1746101054,11.38,8.2,6.78,17.95,14.4,3.86,0.85,"19,394",0.03,10/16/2024,0.79,0.79,0.77,1.76,BQRX1X3,CFG.N,Citizens Financial Group Inc,Financials,Banks,Regional Banks,19223357249.46,43.56,-0.14,-0.77,-0.02,-9.51,7.11,23.29,37.35,37.35,1438036.37,6.52,17.14,11.27,10.35,0.81,0.02,0.00,0.11,32.27,3.86,2.40,11.34,3.86,"Citizens Financial Group, Inc. offers a range of retail and commercial banking products and services to individuals, small businesses, middle-market companies, large corporations and institutions. The Company operates through two segments: Consumer Banking and Commercial Banking. Consumer Banking segment serves consumer customers and small businesses, with products and services that include deposits, mortgage and home equity lending, credit cards, small business loans, wealth management and investment services largely across its 4-state traditional banking footprint. Consumer Banking segment operates approximately 1,100 branches, including 187 in-store locations, and approximately 3,200 ATMs. Commercial Banking segment primarily serves companies and institutions with financial products and solutions, including lending and leasing, deposit and treasury management services, foreign exchange, interest rate and commodity risk management solutions, as well as syndicated loans, and others."
Labcorp Holdings Inc.,LH,Health Care,Health Care Equipment & Services,0.04,BSBK800,US5049221055,14.29,7.0,4.22,9.24,15.8,1.26,2.34,"19,155",0.07,10/24/2024,3.47,3.47,3.50,2.26,BSBK800,LH.N,Labcorp Holdings Inc,Health Care,Health Care Equipment & Services,Health Care  Services,19272994912.23,228.85,-0.69,-0.96,0.44,-5.10,2.71,13.14,2.01,2.01,181502.20,14.44,44.35,14.28,11.53,2.13,0.03,0.00,0.76,19.18,1.26,2.35,14.32,16.02,"Labcorp Holdings Inc. provides comprehensive laboratory services that help doctors, hospitals, pharmaceutical companies, researchers and patients make clear and confident decisions. The Company provides insights and advanced science to improve health and improve lives through its unparalleled diagnostics and drug development laboratory capabilities. The Company operates through two segments: Diagnostics Laboratories (Dx) and Biopharma Laboratory Services (BLS). The Diagnostics Laboratories segment includes routine testing and specialty/esoteric testing. Dx operates through a network of patient service centers, branches, rapid response laboratories, primary laboratories, and specialty laboratories. The Biopharma Laboratory Services segment consists of early development research laboratories and central laboratory services. The Company is also focused on clinical diagnostics and reproductive and women's health in the United States outside of New York and New Jersey."
"Leidos Holdings, Inc.",LDOS,Industrials,Commercial & Professional Services,0.04,BDV82B8,US5253271028,13.51,15.4,4.68,8.43,14.2,1.06,4.14,"19,090",0.09,10/29/2024,2.01,2.01,2.93,0.92,BDV82B8,LDOS.N,Leidos Holdings Inc,Industrials,Commercial  & Professional Services,Research & Consulting Services,19279749919.41,143.17,-0.91,-1.74,-1.40,-13.21,-11.94,-1.36,33.69,33.69,491234.70,30.00,16.38,13.51,22.51,3.74,0.12,0.00,0.27,33.71,1.12,2.37,13.41,10.60,"Leidos Holdings, Inc. is a holding company, which operates through its subsidiary, Leidos, Inc. It develops smarter technology solutions, particularly for customers in highly regulated industries. Its segments include National Security and Digital, Health & Civil, Commercial & International and Defense Systems. Its National Security and Digital segment provides technology-enabled services and mission software capabilities for defense and intelligence customers in the areas of cyber, logistics, security operations and decision analytics, as well as IT operations and digital transformation programs across all U.S. federal government customers. Its Health & Civil segment provides services and solutions to federal and commercial customers in the areas of public health, care coordination, life and environmental sciences and transportation. Its Commercial & International segment provides technologically advanced services, solutions and products to commercial and international customers."
"First Solar, Inc.",FSLR,Information Technology,Semiconductors & Semiconductor Equipment,0.04,B1HMF22,US3364331070,8.65,26.1,13.27,28.44,13.5,--,2.51,"19,064",0.22,10/30/2024,3.15,3.15,2.91,0.52,B1HMF22,FSLR.OQ,First Solar Inc,Information Technology,Semiconductors & Semiconductor Equipment,Semiconductors,19551953595.16,178.07,-2.50,-3.07,-4.45,-10.64,-28.61,-21.02,3.36,3.36,669950.27,18.76,15.34,8.55,-353.40,1.86,0.03,0.00,-1.24,52.76,NULL,7.57,8.54,20.83,"First Solar, Inc. is a solar technology company and global provider of photovoltaic cells (PV) solar energy solutions. The Company manufactures and sells PV solar modules with a semiconductor technology, which provides an alternative to conventional crystalline silicon PV solar modules. The Company operates through two segments: Modules Business and Other. Its Modules Business segment is involved in the designing, manufacturing, and selling of CdTe solar modules, which convert sunlight into electricity. Third-party customers of the modules business segment include developers and operators of systems, utilities, independent power producers, commercial and industrial companies, and other system owners. The Company's products include the Series 7 Module and Series 6 Plus module. The Company has its manufacturing locations in Malaysia, the United States and Vietnam. Its subsidiaries include First Solar Development, LLC, First Solar FE Holdings Pte. Ltd., and First Solar Malaysia Sdn. Bhd."
"McCormick & Company, Incorporated",MKC,Consumer Staples,Food Beverage & Tobacco,0.04,2550161,US5797802064,24.06,7.5,13.97,15.37,25.8,2.23,3.73,"20,248",0.01,10/01/2024,0.67,0.67,0.83,3.45,2550161,MKC.N,McCormick & Company Inc,Consumer Staples,"Food, Beverage & Tobacco",Packaged Foods & Meats,20673192311.59,75.45,-2.08,-3.06,-2.85,-3.20,-7.29,8.21,12.82,12.82,637221.40,14.70,25.67,24.03,28.20,3.49,0.01,0.00,0.00,16.83,2.39,2.12,24.22,3.14,"McCormick & Company, Incorporated is engaged in manufacturing, marketing and distributing spices, seasoning mixes, condiments and other flavorful products to the entire food industry, including e-commerce channels, grocery, food manufacturers and foodservice businesses. The Company operates through two business segments: Consumer and Flavor Solutions. In the Consumer segment, it sells its products under the McCormick brand and a variety of brands around the world, including French's, Frank's RedHot, Lawry’s, Zatarain’s, Simply Asia, Thai Kitchen, Ducros, Vahine, Cholula, Schwartz, Club House, Kamis, DaQiao, La Drogheria, Stubb's, OLD BAY and Gourmet Garden. In its Flavor Solutions segment, it provides a range of products to multinational food manufacturers and foodservice customers. Its sales, distribution and production facilities are located in North America, Europe and China. Additional facilities are based in Australia, Central America, Thailand and South Africa."
LyondellBasell Industries NV,LYB,Materials,Materials,0.04,B3SPXZ3,NL0009434992,9.10,-11.2,16.54,8.50,10.9,7.08,1.73,"23,765",0.22,11/01/2024,1.98,1.98,1.88,--,B3SPXZ3,LYB.N,LyondellBasell Industries NV,Materials,Materials,Commodity Chemicals,24077470560.66,73.18,-1.29,-1.57,-1.12,-10.76,-22.45,-21.19,-18.58,-18.58,850062.63,16.71,11.11,9.18,5.89,1.75,-0.13,0.00,0.25,18.13,7.32,1.57,9.55,7.97,"LyondellBasell Industries N.V. is a chemical company creating solutions for everyday sustainable living. Its segments include Olefins and Polyolefins-Americas (O&P-Americas), Olefins and Polyolefins-Europe, Asia, International (O&P-EAI), Intermediates and Derivatives (I&D), Advanced Polymer Solutions (APS), Refining, and Technology. The O&P-Americas and O&P-EAI segments produce and market olefins and co-products, polyethylene, and polypropylene. The I&D segment produces and markets propylene oxide (PO) and its derivatives, oxyfuels and related products, and intermediate chemicals, such as styrene monomer (SM), and acetyls. The APS segment produces and markets compounding and solutions, such as polypropylene compounds, engineered plastics, masterbatches, engineered composites, colors, and powders. The Refining segment refines heavy, high-sulfur crude oil and other crude oils of various types. The Technology segment develops and licenses chemical and polyolefin process technologies."
Coterra Energy Inc.,CTRA,Energy,Energy,0.04,2162340,US1270971039,8.70,-17.0,12.61,33.85,15.8,3.29,1.44,"18,783",0.04,11/01/2024,0.33,0.33,0.32,--,2162340,CTRA.N,Coterra Energy Inc,Energy,Energy,Oil & Gas Exploration & Production,18146002360.64,25.52,3.57,3.82,6.07,-4.49,7.44,-2.68,3.28,3.28,1767605.60,9.08,15.50,8.91,5.25,1.35,0.20,0.00,1.93,24.66,3.29,2.36,9.08,2.86,"Coterra Energy Inc. is an independent oil and gas company. The Company is engaged in the development, exploration and production of oil, natural gas and natural gas liquids (NGLs). Its operations are primarily concentrated in three core operating areas: the Permian Basin in west Texas and southeast New Mexico, the Marcellus Shale in northeast Pennsylvania and the Anadarko Basin in the Mid-Continent region in Oklahoma. Its Permian Basin properties hold approximately 296,000 net acres in its core operating area in the Delaware Basin. Its Marcellus Shale properties hold approximately 186,000 net acres in the dry gas window of the Marcellus Shale. The Anadarko Basin properties hold approximately 182,000 net acres and its development activities are primarily focused on both the Woodford Shale and the Meramec formations. It sells oil, natural gas and NGLs to industrial customers, local distribution companies, oil and gas marketers, pipeline companies and power generation facilities."
"NRG Energy, Inc.",NRG,Utilities,Utilities,0.04,2212922,US6293775085,12.73,10.0,-8.42,6.04,14.8,1.77,10.10,"18,884",--,11/08/2024,1.95,1.95,-3.79,1.48,2212922,NRG.N,NRG Energy Inc,Utilities,Utilities,Electric Utilities,18625977997.35,92.15,0.22,-0.74,-0.10,-9.31,1.63,19.57,82.47,82.47,886620.37,55.08,23.10,13.11,16.88,4.91,0.14,0.00,0.69,38.20,1.77,5.36,13.08,7.03,"NRG Energy, Inc. is an energy and home services company. The Company’s businesses are the sale of electricity and natural gas to residential, commercial and industrial and wholesale customers, supported by its wholesale electric generation, as well as the sale of smart home products and services. Across the United States and Canada, the Company delivers sustainable solutions, predominately under the brand names such as NRG, Reliant, Direct Energy, Green Mountain Energy and Vivint. The Company's segments include Texas, East, West/Services/Other, Vivint Smart Home and Corporate activities. It sells a variety of products to residential and small commercial customers, including retail electricity and energy management, natural gas, carbon offsets, back-up power stations, portable power, portable solar and portable lighting. The Company owns and leases a diversified wholesale generation portfolio with approximately 13 gigawatts of fossil fuel and renewable generation capacity at 19 plants."
International Paper Company,IP,Materials,Materials,0.04,2465254,US4601461035,18.01,--,3.58,6.28,47.3,3.45,2.16,"18,638",0.03,10/31/2024,0.26,0.26,0.44,--,2465254,IP.N,International Paper Co,Materials,Materials,Paper & Plastic Packaging Products & Materials,18930277504.14,53.65,-1.54,-2.83,-1.54,-8.81,10.71,26.57,54.69,54.69,1095079.77,6.73,45.63,18.08,14.21,2.21,0.17,0.00,-0.14,28.39,3.45,13.99,17.99,2.97,"International Paper Company is a global producer of sustainable packaging, pulp, and other fiber-based products, and a recycler. The Company operates through two segments: Industrial Packaging and Global Cellulose Fibers. The Industrial Packaging segment is focused on creating fiber-based packaging that protects and promotes goods, enables worldwide commerce, and helps keep consumers safe. The segment offers products, including linerboard, medium, whitetop, recycled linerboard, recycled medium and saturating kraft. The Global Cellulose Fibers segment creates pulp for a wide range of applications, such as diapers, towel and tissue products, feminine care, incontinence, and other personal care products that promote health and wellness. In addition, its specialty pulps serve as a sustainable raw material used in textiles, construction materials, paints, coatings and more. It serves customers worldwide, with manufacturing operations in North America, Latin America, North Africa and Europe."
Insulet Corporation,PODD,Health Care,Health Care Equipment & Services,0.04,B1XGNW4,US45784P1012,67.31,22.8,34.12,12.96,81.9,--,16.52,"18,473",0.07,11/08/2024,0.78,0.78,0.90,3.60,B1XGNW4,PODD.OQ,Insulet Corp,Health Care,Health Care Equipment & Services,Health Care Equipment,18596782748.00,263.36,-0.66,-0.87,0.01,-1.28,13.15,30.51,21.38,21.38,212439.30,24.90,45.78,67.81,2772.21,11.82,0.06,0.00,-0.63,35.20,NULL,3.79,67.36,3.88,"Insulet Corporation is a medical device company. It is primarily engaged in the development, manufacture and sale of its continuous insulin delivery systems for people with insulin-dependent diabetes. The Omnipod System includes the Omnipod 5 Automated Insulin Delivery System (Omnipod 5), the Omnipod DASH Insulin Management System, the Omnipod Insulin Management System, and Omnipod GO. It also produces pods for Amgen for use in the Neulasta Onpro kit, a delivery system for Amgen's Neulasta. The Omnipod platform offers continuous insulin delivery that provides various benefits of insulin pump therapy in a way without the need for external tubing required with conventional pumps. The small, lightweight, self-adhesive disposable tubeless Omnipod device (Pod), can be worn in multiple locations, including the abdomen, hip, back of upper arm, upper thigh, or lower back, and delivers insulin into the body through a small flexible tube. Omnipod 5 includes an AID algorithm embedded in the Pod."
FactSet Research Systems Inc.,FDS,Financials,Financial Services,0.04,2329770,US3030751057,27.32,9.2,30.41,32.34,28.0,0.85,9.58,"18,319",0.08,12/19/2024,4.28,4.28,4.37,3.06,2329770,FDS.N,Factset Research Systems Inc,Financials,Financial Services,Financial Exchanges & Data,18483852423.20,482.68,-0.80,-1.82,-1.36,-1.63,5.19,18.77,2.12,2.12,99476.77,32.25,34.59,27.39,35.66,7.60,0.01,0.00,0.37,18.39,0.86,5.69,27.48,17.62,"FactSet Research Systems Inc. is a global financial digital platform and enterprise solutions provider. The Company's solutions deliver financial data, analytics, and open technology to global clients, including individual users. Its segments include the Americas, EMEA and Asia Pacific. It provides financial data and market intelligence on securities, companies, industries and people to enable its clients to research investment ideas and analyze, monitor and manage their portfolios. It supports various workflows, including investment research, quantitative research, portfolio management and trading, portfolio analytics, wealth management, ESG investing solutions, industry analysis and data solutions. Its clients include asset management, asset owners, banks, corporations, hedge funds, insurance, private equity and venture capital, and wealth managers. It provides open and flexible technology offerings, including a configurable desktop and mobile platform, and comprehensive data feeds."
Seagate Technology Holdings PLC,STX,Information Technology,Technology Hardware & Equipment,0.04,BKVD2N4,IE00BKVD2N49,10.14,-11.0,--,6.59,11.6,3.24,--,"18,297",0.11,10/23/2024,1.48,1.48,1.58,--,BKVD2N4,STX.OQ,Seagate Technology Holdings PLC,Information Technology,Technology Hardware & Equipment,"Technology Hardware, Storage & Peripherals",18485563791.51,86.53,-0.98,-2.12,-2.26,-13.96,-20.40,-15.02,4.33,4.33,897794.83,-77.65,23.01,10.07,10.22,209.69,0.13,0.00,0.77,29.29,3.33,6.17,9.95,8.60,"Seagate Technology Holdings plc provides mass-data storage infrastructure solution. The Company’s principal products are hard disk drives, commonly referred to as disk drives, hard drives (HDDs). In addition to HDDs, the Company produces a range of data storage products, including solid state drives (SSDs), solid state hybrid drives, storage subsystems, as well as a scalable edge-to-cloud mass data platform. Its HDD products are designed for mass capacity storage and legacy markets. Mass capacity storage involves use cases, such as hyperscale data centers and public clouds, as well as emerging use cases. The Company’s HDD and SSD product portfolio includes Serial Advanced Technology Attachment, Serial Attached SCSI and Non-Volatile Memory Express based designs to support a variety of mass capacity and legacy applications. Its systems portfolio includes storage subsystems for enterprises, cloud service providers, scale-out storage servers and original equipment manufacturers."
"Cooper Companies, Inc.",COO,Health Care,Health Care Equipment & Services,0.04,BQPDXR3,US2166485019,22.48,8.3,5.02,18.12,22.9,--,2.26,"18,249",0.01,12/06/2024,1.00,1.00,1.04,2.75,BQPDXR3,COO.OQ,Cooper Companies Inc,Health Care,Health Care Equipment & Services,Health Care Supplies,18429459684.84,91.43,-0.99,-1.27,-1.18,-12.47,-17.14,4.73,-3.36,-3.36,589268.87,8.49,46.72,22.52,28.59,2.12,0.00,0.00,0.04,25.12,0.00,1.39,22.51,4.06,"The Cooper Companies, Inc. is a global medical device company. The Company operates in two business units: CooperVision and CooperSurgical. CooperVision segment is involved in the contact lens industry. CooperSurgical segment is involved in the fertility and women's health care market through its diversified portfolio of products and services, including fertility products and services, medical devices, cryostorage (such as cord blood and cord tissue storage) and contraception. CooperVision’s products include MyDay daily disposable, MyDay daily disposable toric, MyDay Energys, MyDay multifocal, Biofinity & Biofinity XR, Biofinity Energys. CooperSurgical’s portfolio includes INSORB, Lone Star, and the Doppler Blood Flow Monitor. It also offers a suite of single-use cordless surgical retractors with an integrated multi-light-emitting diode (LED) light source and dual smoke evacuation channels, and single-use surgical suction devices with an integrated, cordless radial LED light source."
"Essex Property Trust, Inc.",ESS,Real Estate,Equity Real Estate Investment Trusts (REITs),0.04,2316619,US2971781057,47.49,3.5,7.29,31.47,31.9,3.42,3.47,"18,175",0.06,10/30/2024,1.35,1.35,1.84,9.06,2316619,ESS.N,Essex Property Trust Inc,Real Estate,Equity Real Estate Investment Trusts (REITs),Multi-Family Residential REITs,18279462810.00,282.80,-0.57,-1.71,-0.54,-8.91,-4.27,4.76,17.22,17.22,124861.97,10.75,33.06,47.38,59.26,3.54,-0.07,0.00,-0.21,19.85,3.47,1.44,47.66,5.97,"Essex Property Trust, Inc. is a self-administered and self-managed real estate investment trust. The Company acquires, develops, redevelops, and manages apartment communities in selected residential areas located on the West Coast of the United States. The Company defines its operating segments as the three geographical regions in which its communities are located: Southern California, Northern California, and Seattle Metro. It has ownership interests in approximately 254 apartment communities comprising approximately 62,000 apartment homes. The Company owns all of its interest in its real estate and other investments directly or indirectly through Essex Portfolio, L.P. It invests primarily in apartment communities that are located in predominantly coastal markets within Southern California, Northern California, and the Seattle metropolitan area. It focuses on acquiring and developing apartment communities in supply constrained markets and redeveloping its existing communities."
"Invitation Homes, Inc.",INVH,Real Estate,Equity Real Estate Investment Trusts (REITs),0.04,BD81GW9,US46187W1071,43.32,4.2,5.07,30.53,46.1,4.34,1.97,"19,499",0.03,10/31/2024,0.17,0.17,0.15,10.94,BD81GW9,INVH.N,Invitation Homes Inc,Real Estate,Equity Real Estate Investment Trusts (REITs),Single-Family Residential REITs,19664635843.80,31.83,-0.84,-1.42,-0.35,-6.23,-8.92,-9.80,-3.57,-3.57,1141274.83,4.03,44.44,42.80,52.18,1.96,-0.02,0.00,1.57,20.23,3.64,1.68,45.61,0.74,"Invitation Homes Inc. is a real estate investment trust that conducts its operations through Invitation Homes Operating Partnership LP (INVH LP). INVH LP is engaged in owning, renovating, leasing, and operating single-family residential properties. Through THR Property Management L.P., a subsidiary of INVH LP, and its wholly owned subsidiaries (collectively, the Manager), it provides all management and other administrative services. The Manager provides professional property and asset management services to portfolio owners of single-family homes for lease. It has a vertically integrated operating platform that enables the Company to acquire, renovate, lease, maintain, and manage both the homes it owns and those it manages on behalf of others. Its business activity includes property operations, marketing and leasing, digital marketing initiatives and branding, resident relations and property maintenance, and investment and asset management. It has approximately 85,000 homes for lease."
"Mid-America Apartment Communities, Inc.",MAA,Real Estate,Equity Real Estate Investment Trusts (REITs),0.04,2589132,US59522J1034,38.20,3.7,9.04,32.93,37.4,3.84,3.07,"17,887",0.13,10/31/2024,1.01,1.01,0.95,10.03,2589132,MAA.N,Mid-America Apartment Communities Inc,Real Estate,Equity Real Estate Investment Trusts (REITs),Multi-Family Residential REITs,17970344741.25,153.04,-0.46,-1.40,-0.19,-6.77,-2.76,9.49,18.74,18.74,237056.40,8.02,34.53,37.97,30.58,3.24,-0.03,0.00,1.19,16.40,3.96,2.66,38.16,4.03,"Mid-America Apartment Communities, Inc. is a multifamily-focused, self-administered and self-managed real estate investment trust. The Company owns, operates, acquires and selectively develops apartment communities primarily located in the Southeast, Southwest and Mid-Atlantic regions of the United States. Its segments include Same Store and Non-Same Store and Other. The Same Store segment represents those apartment communities that have been owned and stabilized for at least 12 months as of the first day of the calendar year. The Non-Same Store and Other segment includes recently acquired communities, communities being developed or on lease-up, communities that have been disposed of or identified for disposition and others. The Non-Same Store and Other segment also includes non-multifamily activities and storm related expenses related to hurricanes. It has ownership interest in apartment units, including communities in development, across 16 states and the District of Columbia."
Snap-on Incorporated,SNA,Industrials,Capital Goods,0.04,2818740,US8330341012,16.86,7.4,21.17,25.56,17.6,2.27,3.26,"17,850",0.04,10/17/2024,4.59,4.59,4.70,2.37,2818740,SNA.N,Snap-On Inc,Industrials,Capital Goods,Industrial Machinery & Supplies & Components,18032873538.40,339.96,-1.04,-1.94,-1.28,-8.04,18.04,31.71,20.81,20.81,148548.00,19.45,17.48,16.89,20.51,NaN,0.01,0.00,0.35,22.99,2.52,3.99,16.91,20.13,"Snap-on Incorporated is a manufacturer and marketer of tools, equipment, diagnostics, repair information and systems solutions. The Company’s segments include the Commercial and Industrial Group, which serves a range of industrial and commercial customers worldwide, including customers in the aerospace, natural resources, government, power generation, transportation and technical education market segments, through direct and distributor channels; the Snap-on Tools Group, which consists of operations primarily serving vehicle service and repair technicians through the Company’s worldwide mobile tool distribution channel; Repair Systems and Information Group, which consists of business operations serving other professional vehicle repair customers worldwide, owners and managers of independent repair shops and original equipment manufacturer dealerships, through direct and distributor channels, and Financial Services, which consists of the business operations of its finance subsidiaries."
Las Vegas Sands Corp.,LVS,Consumer Discretionary,Consumer Services,0.04,B02T2J7,US5178341070,18.52,16.2,30.53,22.71,21.7,1.58,10.73,"36,758",0.03,10/24/2024,0.53,0.53,0.44,1.34,B02T2J7,LVS.N,Las Vegas Sands Corp,Consumer Discretionary,Consumer Services,Casinos & Gaming,37599857591.08,50.70,-2.24,-2.44,-1.86,-4.45,1.12,15.63,4.83,4.83,1347667.40,42.86,25.20,18.37,-46.24,6.73,0.01,0.00,-1.35,30.70,1.58,3.54,18.59,2.76,"Las Vegas Sands Corp. is a global developer and operator of destination properties (Integrated Resorts). The Integrated Resorts features accommodations, gaming, entertainment and retail malls, convention and exhibition facilities, celebrity chef restaurants, and other amenities. Its properties also cater to high-end players by providing them with luxury amenities and premium service levels. Its other amenities include luxury accommodations, restaurants, lounges, invitation-only clubs, and private gaming salons. The Company's principal operating and developmental activities occur in two geographic areas: Macao and Singapore. In Macao, it owns The Venetian Macao Resort Hotel; The Londoner Macao; The Parisian Macao; The Plaza Macao and Four Seasons Macao, Cotai Strip, and Sands Macao. In Singapore, it owns Marina Bay Sands. It owns and operates a collection of Integrated Resorts in the Macao Special Administrative Region of the People's Republic of China (China) through Sands China Ltd."
W. R. Berkley Corporation,WRB,Financials,Insurance,0.04,2093644,US0844231029,13.44,13.1,19.45,15.76,14.4,0.52,2.65,"22,307",0.04,10/22/2024,0.92,0.92,0.93,1.10,2093644,WRB.N,W R Berkley Corp,Financials,Insurance,Property & Casualty Insurance,22471646006.40,58.52,-0.76,-1.18,0.19,-8.47,4.15,13.44,27.19,27.19,477679.27,19.81,15.01,13.46,20.28,2.26,0.02,0.00,1.12,19.67,0.55,1.23,13.36,4.35,"W. R. Berkley Corporation is an insurance holding company. The Company operates through two segments of the property casualty insurance business. Its Insurance segment underwrites predominantly commercial insurance business, including excess and surplus lines, admitted lines and specialty personal lines throughout the United States, as well as insurance business in Asia, Australia, Canada, Continental Europe, Mexico, Scandinavia, South America and the United Kingdom. Its Insurance segment consists of business units, including Acadia Insurance, Admiral Insurance, Berkley Accident and Health, Berkley Agribusiness and others. Its Reinsurance segment provides facultative and treaty reinsurance in the United States, as well as in the Asia Pacific region, Australia, Continental Europe, South Africa and the United Kingdom. The Reinsurance & Monoline Excess segment consists of business units, including Berkley Re America, Berkley Re Asia Pacific, Berkley Re Solutions, and others."
Estee Lauder Companies Inc. Class A,EL,Consumer Staples,Household & Personal Products,0.03,2320524,US5184391044,35.27,15.6,7.16,8.44,48.1,3.14,5.24,"26,633",0.03,10/31/2024,0.09,0.09,0.14,3.07,2320524,EL.N,Estee Lauder Companies Inc,Consumer Staples,Household & Personal Products,Personal Care Products,26786940300.12,74.19,-0.58,-1.08,-0.75,2.87,-25.22,-29.43,-48.15,-48.15,1207945.77,12.54,132.37,34.86,10.35,5.11,-0.35,0.00,0.37,52.00,1.89,2.23,34.94,2.13,"The Estee Lauder Companies Inc. is a manufacturer, marketer and seller of skin care, makeup, fragrance and hair care products. Its product categories include skin care, makeup, fragrance, hair care and others. Its products are sold in approximately 150 countries and territories under a number of brand names, including Estee Lauder, Aramis, Clinique, Lab Series, Origins, M.A.C, Bobbi Brown Cosmetics, La Mer, Aveda, Jo Malone London, Bumble and bumble, Darphin Paris, TOM FORD, Smashbox, AERIN Beauty, Le Labo, Editions de Parfums Frederic Malle, GLAMGLOW, Kilian Paris, Too Faced, Dr.Jart+, and the DECIEM family of brands, including The Ordinary and NIOD. It is a licensee for fragrances, cosmetics and/or related products for AERIN, BALMAIN, and Dr. Andrew Weil. Its skin care products include moisturizers, serums, cleansers, toners, exfoliators, facial masks, body care, sun care products and others. Its makeup products include lipsticks, lip glosses, mascaras, foundations and others."
Trimble Inc.,TRMB,Information Technology,Technology Hardware & Equipment,0.03,2903958,US8962391004,24.20,10.0,7.28,13.01,24.8,--,3.86,"17,361",0.01,11/06/2024,0.62,0.62,0.70,2.48,2903958,TRMB.OQ,Trimble Inc,Information Technology,Technology Hardware & Equipment,Electronic Equipment & Instruments,17387581903.20,70.43,-1.08,-2.59,-1.04,-3.48,13.43,25.95,32.39,32.39,547286.97,14.95,11.76,24.29,26.59,2.93,-0.03,0.00,0.37,33.04,NULL,1.01,24.72,2.90,"Trimble Inc. is a technology company delivering solutions that enable professionals and field mobile workers to improve or transform their work processes. It operates in four segments. The Buildings and Infrastructure segment serves customers working in architecture, engineering, construction, and operations and maintenance. The Geospatial segment primarily serves customers working in surveying, engineering, and government. Within this segment, its product portfolios are focused on surveying and geospatial and geographic information systems (GIS). The Resources and Utilities segment serves customers working in agriculture, forestry, and utilities. Within this segment, its product portfolio addresses the agriculture market, including its Trimble Ag and Positioning Services businesses. The Transportation segment serves customers working in long haul trucking and freight shipper markets. It also specializes in technology to streamline the flow of payment and compliance information."
NiSource Inc,NI,Utilities,Utilities,0.03,2645409,US65473P1057,19.78,8.1,9.57,23.58,21.2,2.89,2.05,"17,128",0.03,10/30/2024,0.16,0.16,0.20,2.60,2645409,NI.N,NiSource Inc,Utilities,Utilities,Multi-Utilities,17158793944.68,36.70,-0.16,-0.41,0.71,-3.65,6.71,29.43,43.25,43.25,1317554.90,8.99,22.31,19.75,25.20,1.77,0.02,0.00,0.12,13.44,2.89,1.88,19.72,1.86,"NiSource Inc. is an energy holding company. The Company operates through two segments: Gas Distribution Operations and Electric Operations. The Gas Distribution operations segment, through its wholly owned subsidiary NiSource Gas Distribution Group, Inc., provides natural gas to approximately 2.4 million residential, commercial and industrial customers in Ohio, Pennsylvania, Virginia, Kentucky, and Maryland. It operates approximately 55,000 miles of distribution main pipeline plus the associated individual customer service lines and 1,000 miles of transmission main pipeline located in its service areas. The Electric Operations segment generates, transmits and distributes electricity through its subsidiary NIPSCO to approximately 0.5 million customers in 20 counties in the northern part of Indiana and is also engaged in wholesale electricity and transmission transactions. It has four owned projects: Rosewater, Indiana Crossroads Wind, Indiana Crossroads Solar, and Dunns Bridge I."
KeyCorp,KEY,Financials,Banks,0.03,2490911,US4932671088,10.92,18.9,7.11,11.22,17.0,4.79,1.18,"16,960",0.02,10/17/2024,0.28,0.28,0.30,0.90,2490911,KEY.N,KeyCorp,Financials,Banks,Diversified Banks,17050067359.20,17.11,-0.52,-1.61,-0.64,-11.21,3.26,23.22,25.16,25.16,2683227.33,5.27,1920.31,10.92,8.16,1.11,0.11,0.00,0.27,36.42,4.79,1.73,10.96,1.57,"KeyCorp is a bank-based financial services company, which operates through its subsidiary, KeyBank National Association (KeyBank). Through KeyBank and certain other subsidiaries, it provides a range of retail and commercial banking, commercial leasing, investment management, consumer finance, student loan refinancing, commercial mortgage servicing and special servicing, and investment banking products and services to individual, corporate, and institutional clients. It has two business segments: Consumer Bank and Commercial Bank. The Consumer Bank serves individuals and small businesses by offering a variety of deposit and investment products, personal finance and financial wellness services, lending, student loan refinancing, mortgage and home equity, credit card, treasury services, and business advisory services. The Commercial Bank consists of the Commercial and Institutional operating segments. The Commercial operating segment serves the needs of middle market clients."
"VeriSign, Inc.",VRSN,Information Technology,Software & Services,0.03,2142922,US92343E1029,24.00,--,--,67.01,25.7,--,--,"19,772",0.03,10/25/2024,2.01,2.01,2.07,--,2142922,VRSN.OQ,"VeriSign, Inc",Information Technology,Software & Services,Internet Services & Infrastructure,19599595000.00,205.10,0.56,1.17,2.57,9.57,7.97,15.35,-0.42,-0.42,299196.47,-50.70,23.86,23.71,33.36,NaN,0.00,0.00,0.15,20.57,NULL,1.78,23.83,8.65,"VeriSign, Inc. is a global provider of Internet infrastructure and domain name registry services, enables Internet navigation for various domain names. The Company helps to enable the security, stability, and resiliency of the domain name system and the Internet by providing root zone maintainer services, operating two of the 13 global Internet root servers, and providing registration services and authoritative resolution. It operates the authoritative directory, for all .com, .net, and .name domain names (generic top-level domains or gTLDs), as well as for certain transliterations of .com and .net in number of different native languages and scripts (internationalized generic top-level domains). It also operates the authoritative directory for all .cc domain names (country code top-level domain). The Company operates the technical or back-end systems for .edu and certain other gTLDs. Its operations infrastructure includes distributed servers, networking and disaster recovery plans."
Quest Diagnostics Incorporated,DGX,Health Care,Health Care Equipment & Services,0.03,2702791,US74834L1008,15.52,2.4,13.93,14.60,17.0,1.96,2.48,"16,909",0.03,10/22/2024,2.26,2.26,2.30,7.07,2702791,DGX.N,Quest Diagnostics Inc,Health Care,Health Care Equipment & Services,Health Care  Services,17035825076.03,150.97,-1.09,-1.34,-1.29,-7.19,-2.27,11.44,11.86,11.86,289658.90,14.97,20.27,15.48,15.33,2.26,0.02,0.00,0.52,18.49,1.99,1.71,15.48,9.76,"Quest Diagnostics Incorporated is a provider of diagnostic information services. The Company provides diagnostic insights from the results of its laboratory testing to enable people, physicians, and organizations to take action to improve health outcomes. It operates through the DIS segment, which provides diagnostic information services to a range of customers within its primary customer channels: physicians, hospitals, and patients and consumers. It offers broad access to clinical testing through a nationwide network of laboratories, patient service centers, phlebotomists in physician offices, and connectivity resources, including call centers and mobile phlebotomists, nurses and other health and wellness professionals. The Company also focuses on artificial intelligence (AI) and digital pathology solutions for biopharmaceutical companies and pathology laboratories. It has implemented AI, digital and automation technologies across several laboratory and business functions."
"Hologic, Inc.",HOLX,Health Care,Health Care Equipment & Services,0.03,2433530,US4364401012,16.52,6.9,15.56,24.07,16.9,--,3.26,"16,747",0.01,11/05/2024,1.01,1.01,1.01,2.44,2433530,HOLX.OQ,Hologic Inc,Health Care,Health Care Equipment & Services,Health Care Equipment,16475932354.20,72.27,-0.45,-0.62,-0.32,-9.09,-11.28,-2.67,1.15,1.15,1008994.53,17.35,21.76,16.58,12.42,2.90,-0.01,0.00,1.39,18.57,NULL,2.28,16.63,4.36,"Hologic, Inc. is a medical technology company focused on improving women's health and well-being through early detection and treatment. It is a developer, manufacturer and supplier of diagnostics products, medical imaging systems and surgical products. Its segments include Diagnostics, Breast Health, GYN Surgical and Skeletal Health. Diagnostics segment offers a range of diagnostic products, which are used to aid in the screening and diagnosis of human diseases. Breast Health segment offers a portfolio of solutions for breast cancer care in the areas of radiology, breast surgery, pathology and treatment. It also offers wireless breast surgery localization and lymphatic tracing solutions. GYN Surgical segment products include MyoSure hysteroscopic tissue removal system, NovaSure endometrial ablation system, Fluent fluid management system and Acessa ProVu laparoscopic radiofrequency ablation system. Skeletal Health segment products include Horizon DXA Systems and Fluoroscan Insight FD."
"Best Buy Co., Inc.",BBY,Consumer Discretionary,Consumer Discretionary Distribution & Retail,0.03,2094670,US0865161014,13.05,3.0,42.44,3.95,13.9,4.36,5.96,"18,355",0.03,11/26/2024,1.29,1.29,1.26,4.69,2094670,BBY.N,Best Buy Co Inc,Consumer Discretionary,Consumer Discretionary Distribution & Retail,Computer & Electronics Retail,18820426932.09,85.85,-2.48,-3.94,0.62,-3.59,-16.00,3.93,14.40,14.40,1080378.97,41.85,14.66,13.10,8.57,5.37,-0.02,0.00,0.93,32.84,4.38,6.28,13.07,6.56,"Best Buy Co., Inc. is engaged in personalizing and humanizing technology solutions. The Company operates through two segments: Domestic and International. Domestic segment is comprised of its operations in all states, districts and territories of the United States and its Best Buy Health business, and includes the brand names Best Buy, Best Buy Ads, Best Buy Business, Best Buy Health, CST, Current Health, Geek Squad, Lively, Magnolia, Pacific Kitchen and Home, TechLiquidators and Yardbird and the domain names bestbuy.com, currenthealth.com, lively.com, techliquidators.com and yardbird.com. International segment is comprised of all operations in Canada under the brand names Best Buy, Best Buy Mobile and Geek Squad and the domain name bestbuy.ca. Domestic and International segments product categories include Computing and Mobile Phones, Consumer Electronics, Appliances, Entertainment, Services and Other. Computing and Mobile Phones category includes computing, mobile phones, and others."
Omnicom Group Inc,OMC,Communication Services,Media & Entertainment,0.03,2279303,US6819191064,9.85,7.1,40.52,14.33,10.7,3.26,4.24,"16,743",0.02,10/16/2024,2.02,2.02,2.03,1.51,2279303,OMC.N,Omnicom Group Inc,Communication Services,Media & Entertainment,Advertising,16987595606.55,85.82,-0.77,-1.84,-1.01,-17.48,-16.34,-2.91,2.23,2.23,786958.53,39.74,11.72,9.90,12.72,3.50,0.02,0.00,0.12,27.35,3.26,6.40,9.90,8.67,"Omnicom Group Inc. is a global marketing and corporate communications company. The Company’s branded networks and numerous specialty firms offer services in advertising, strategic media planning and buying, precision marketing, commerce and branding, experiential, customer relationship marketing (CRM), public relations, healthcare marketing and other specialty communications services to over 5,000 clients in more than 70 countries. It provides a range of services, such as database management, digital transformation consulting, package design, crisis communications, custom publishing, data analytics, digital/direct marketing and post-production services, instore design, interactive and mobile marketing, investor relations, promotional marketing, public affairs, retail media and e-commerce, social media marketing, search engine marketing, and others. The Company’s digital commerce (Flywheel Digital) provides services in e-commerce operations, media execution and market intelligence."
Dollar General Corporation,DG,Consumer Staples,Consumer Staples Distribution & Retail,0.03,B5B1S13,US2566771059,12.82,-3.4,27.03,6.34,13.2,3.12,2.27,"16,646",0.07,12/05/2024,0.94,0.94,0.89,--,B5B1S13,DG.N,Dollar General Corp,Consumer Staples,Consumer Staples Distribution & Retail,Consumer Staples Merchandise Retail,16690159096.30,75.69,-0.26,0.08,1.43,-2.04,-9.87,-42.09,-43.21,-43.21,978487.70,17.56,12.47,12.78,7.44,2.03,-0.04,0.00,0.69,66.57,3.12,4.14,12.85,5.92,"Dollar General Corporation is a discount retailer. The Company offers merchandise, including consumable items, seasonal items, home products and apparel. Its merchandise includes brands from manufacturers, as well as its own private brand selections with prices at discounts to brands. Its consumables category includes paper and cleaning products, packaged food, perishables, snacks, health and beauty, pet, and tobacco products. Its seasonal products include holiday items, toys, batteries, small electronics, greeting cards, stationery, prepaid phones and accessories, gardening supplies, hardware, automotive and home office supplies. Its home products include kitchen supplies, cookware, small appliances, light bulbs, storage containers, frames, candles, craft supplies and kitchen, bed and bath soft goods. The Company’s apparel products include basic items for infants, toddlers, girls, boys, women and men, as well as socks, underwear, disposable diapers, shoes and accessories."
Jacobs Solutions Inc.,J,Industrials,Commercial & Professional Services,0.03,BNGC0D3,US46982L1089,21.42,13.5,10.86,7.10,22.1,0.87,3.65,"16,588",0.21,11/19/2024,1.77,1.77,1.37,1.64,BNGC0D3,J.N,Jacobs Solutions Inc,Industrials,Commercial  & Professional Services,Research & Consulting Services,16750990372.35,133.50,-1.16,-2.01,-1.32,-5.47,2.20,14.91,24.19,24.19,303512.43,15.70,27.91,21.39,19.42,3.33,-0.24,0.00,0.41,21.69,0.87,1.26,21.41,6.24,"Jacobs Solutions Inc. provides end-to-end services in advanced manufacturing, cities and places, energy, environmental, life sciences, transportation and water. Its segments include People & Places Solutions (P&PS) and PA Consulting. Its People & Places Solutions line of business provides end-to-end solutions for its clients’ complex challenges related to climate change, energy transition, connected mobility, integrated water management, pharmaceutical and semi-conductor manufacturing. It uses data science and technology-enabled expertise to deliver positive and enduring outcomes for the clients and communities it serves. PA Consulting segment provides consulting services to sectors such as security, energy, health, transport, and others. PA Consulting has a diverse mix of private and public sector clients. Private sector clients include global household names like Unilever and start-ups like PulPac, which converts plant fibers into sustainable packaging to reduce single-use plastic."
Pentair plc,PNR,Industrials,Capital Goods,0.03,BLS09M3,IE00BLS09M33,20.67,12.4,21.03,19.24,23.5,0.92,4.74,"16,583",0.01,10/22/2024,1.07,1.07,1.09,1.89,BLS09M3,PNR.N,Pentair PLC,Industrials,Capital Goods,Industrial Machinery & Supplies & Components,16711479320.12,100.38,-0.75,-2.02,-1.10,-7.90,2.89,31.61,39.64,39.64,387368.97,20.00,25.12,20.73,27.53,4.16,0.03,0.00,0.55,18.82,1.00,1.36,20.71,4.84,"Pentair plc is focused on sustainable water solutions. The Company operates through three segments: Flow, Water Solutions, and Pool. Its solutions include Residential Solutions, Commercial Solutions, Industrial Solutions, Municipal Solutions, and Agricultural Solutions. Residential Solutions include pool & spa equipment, water softening & filtration, water supply & disposal. Its Commercial Solutions include commercial filtration & foodservice, commercial heating, ventilation, and air conditioning (HVAC) & water supply, commercial pool & spa equipment, fire protection, marine, high-pressure applications, recreational vehicle (RV), and turf management & pest control. Industrial Solutions include brewery production, dairy & food production, fire protection, HVAC & water supply, industrial filtration, industrial spraying, industrial wastewater, oil & gas, and pressure cleaning & sanitation. Agricultural Solutions include agricultural irrigation, and agricultural spraying."
"Molina Healthcare, Inc.",MOH,Health Care,Health Care Equipment & Services,0.03,2212706,US60855R1005,11.20,11.6,30.39,4.62,12.5,--,3.46,"16,495",0.53,10/24/2024,5.81,5.81,6.01,1.08,2212706,MOH.N,Molina Healthcare Inc,Health Care,Health Care Equipment & Services,Managed Health Care,16712696000.00,289.38,-0.96,-1.63,-1.74,-2.86,-16.01,-2.66,-19.91,-19.91,209544.47,28.57,14.69,11.20,16.25,2.54,-0.01,0.00,0.54,45.10,NULL,1.82,11.21,25.83,"Molina Healthcare, Inc. is a provider of managed healthcare services under the medicaid and medicare programs, and through the state insurance marketplaces. The Company operates through four segments: Medicaid, Medicare, Marketplace and Other. The Medicaid, Medicare, and Marketplace segments represent the government-funded or sponsored programs under which it offers managed healthcare services. Medicaid provides healthcare and long-term services and support to low-income Americans. Medicare is a federal program that provides eligible persons aged 65 and over, and some disabled persons, with a variety of hospital, medical insurance, and prescription drug benefits. The Marketplace insurance exchanges allow individuals and small groups to purchase federally subsidized health insurance. It arranges healthcare services for its members through contracts with a network of providers, including independent physicians and physician groups, hospitals, ancillary providers, and pharmacies."
"Builders FirstSource, Inc.",BLDR,Industrials,Capital Goods,0.03,B0BV2M7,US12008R1077,12.51,0.2,31.78,12.73,12.9,--,3.73,"16,567",0.24,11/05/2024,2.96,2.96,3.07,83.41,B0BV2M7,BLDR.N,Builders FirstSource Inc,Industrials,Capital Goods,Building Products,16696528898.40,143.37,-1.18,-3.25,-3.80,-23.11,-26.04,3.58,-14.12,-14.12,386032.00,29.71,14.01,12.61,8.05,3.04,-0.05,0.00,7.69,36.93,NULL,2.25,12.09,11.37,"Builders FirstSource, Inc. is a supplier and manufacturer of building materials, manufactured components and construction services to professional homebuilders, sub-contractors, remodelers, and consumers. The Company offer an integrated solution to its customers by providing manufacturing, supply, and installation of a full range of structural and related building products. Its manufactured products include its factory-built roof and floor trusses, wall panels, vinyl windows, custom millwork, and trim, as well as engineered wood that it designs, cuts, and assembles specifically for each home. The Company’s full range of construction-related services include professional installation, turn-key framing, and shell constructions. The Company also assembles interior and exterior doors into pre-hung units. It supplies its customers with a broad offering of professional grade building products, such as dimensional lumber and lumber sheet goods and various window, and more."
Ball Corporation,BALL,Materials,Materials,0.03,2073022,US0584981064,15.54,12.7,19.56,10.23,17.5,1.45,2.47,"16,499",0.02,10/31/2024,0.86,0.86,0.91,1.39,2073022,BALL.N,Ball Corp,Materials,Materials,"Metal, Glass & Plastic Containers",16661121458.46,54.99,-1.50,-2.14,-1.31,-11.25,-18.77,-7.80,-3.22,-3.22,824819.73,25.60,29.51,15.56,18.79,2.94,0.02,0.00,0.17,23.49,1.45,2.29,15.59,3.53,"Ball Corporation (Ball) supplies sustainable aluminum packaging solutions for beverage, personal care and household products customers. Its packaging products are produced for a variety of end uses. The Company sell its aluminum packaging products mainly to large, multinational beverage, personal care and household products companies. The Company operates in three segments: Beverage packaging, North and Central America; Beverage packaging, EMEA, and Beverage packaging, South America. The Beverage packaging North and Central America segment manufactures and sells aluminum beverage containers throughout the United States, Canada, and Mexico. The Beverage packaging, EMEA segment manufactures and sells aluminum beverage containers in various countries throughout Europe, as well as Egypt and Turkey. Beverage packaging. The South America segment manufactures and sells aluminum beverage containers in Brazil, Argentina, Paraguay and Chile."
"Tyson Foods, Inc. Class A",TSN,Consumer Staples,Food Beverage & Tobacco,0.03,2909730,US9024941034,15.68,19.0,4.38,2.85,16.4,3.45,1.08,"19,934",0.11,11/12/2024,0.72,0.72,0.92,0.86,2909730,TSN.N,Tyson Foods Inc,Consumer Staples,"Food, Beverage & Tobacco",Packaged Foods & Meats,20647322955.38,57.14,-1.43,-1.62,-1.19,-11.41,-3.32,1.54,9.85,9.85,791065.83,6.20,25.36,15.64,6.54,1.41,0.00,0.00,0.58,20.95,3.50,1.50,15.60,3.65,"Tyson Foods, Inc. is a food company. The Company has a broad portfolio of products and brands, such as Tyson, Jimmy Dean, Hillshire Farm, Ball Park, Wright, Aidells, ibp and State Fair. Its segments include beef, pork, chicken and prepared foods. Beef segment includes its operations related to processing live fed cattle and fabricating dressed beef carcasses into primal and sub-primal meat cuts and case-ready products. Pork segment includes its operations related to processing live market hogs and fabricating pork carcasses into primal and sub-primal cuts and case-ready products. Chicken segment includes its domestic operations related to raising and processing live chickens into, and purchasing raw materials for fresh, frozen and value-added chicken products and sales from specialty products. Prepared foods segment includes its operations related to manufacturing and marketing frozen and refrigerated food products and logistics operations to move products through the supply chain."
"Principal Financial Group, Inc.",PFG,Financials,Insurance,0.03,2803014,US74251V1026,9.18,12.6,5.96,5.93,11.0,3.61,1.58,"17,708",0.09,10/25/2024,2.00,2.00,1.76,0.87,2803014,PFG.OQ,Principal Financial Group Inc,Financials,Insurance,Life & Health Insurance,17774286813.73,77.23,-0.62,-1.42,-0.22,-10.56,-9.32,0.18,1.65,1.65,582440.07,13.20,NULL,9.18,11.88,1.41,0.03,0.00,0.17,22.70,3.69,1.37,9.25,8.41,"Principal Financial Group, Inc. is a global financial company. The Company offers businesses, individuals and institutional clients a range of financial products and services, including retirement, asset management and insurance through its diverse family of financial services companies. The Company's segments include retirement and income solutions, principal asset management, and benefits and protection. The Retirement and Income Solutions segment offers workplace savings and retirement solutions, banking, trust and custodial services, individual variable annuities, and pension risk transfer, among others. The Principal Asset Management segment provides global investment solutions to institutional, retirement, retail and high net worth investors. The Benefits and Protection segment is organized into Specialty Benefits, which provides group dental, group life insurance, group disability insurance, supplemental health products, and individual disability insurance, and life insurance."
Jabil Inc.,JBL,Information Technology,Technology Hardware & Equipment,0.03,2471789,US4663131039,15.65,16.9,60.31,5.18,16.4,0.22,9.41,"16,352",0.02,12/18/2024,1.88,1.88,2.00,0.97,2471789,JBL.N,Jabil Inc,Information Technology,Technology Hardware & Equipment,Electronic Manufacturing Services,16298251169.28,143.76,-1.48,-2.63,-1.31,5.84,20.04,32.33,13.14,13.14,483700.53,62.86,13.79,15.71,19.27,8.58,0.03,0.00,1.50,31.94,0.22,2.60,15.74,9.15,"Jabil Inc. is a provider of manufacturing services and solutions worldwide. The Company provides comprehensive electronics design, production, and product management services to companies in various industries and end markets. It has three segments: Regulated Industries, Intelligent Infrastructure, and Connected Living and Digital Commerce. Its Regulated Industries segment is focused on regulated markets and includes revenues from customers primarily in the automotive and transportation, healthcare and packaging, and renewable energy infrastructure industries. Its Intelligent Infrastructure segment is focused on the modern digital ecosystem including artificial intelligence (AI) infrastructure and includes revenues from customers primarily in the capital equipment, cloud and data center infrastructure, and networking and communications industries. Its Connected Living and Digital Commerce segment is focused on digitalization and automation, including warehouse automation and robotics."
"Steel Dynamics, Inc.",STLD,Materials,Materials,0.03,2849472,US8581191009,12.21,4.8,28.84,16.73,11.5,1.59,1.92,"17,416",0.03,10/17/2024,1.98,1.98,2.05,2.40,2849472,STLD.OQ,Steel Dynamics Inc,Materials,Materials,Steel,17625403071.15,113.80,-1.70,-2.81,-1.68,-21.66,-9.74,-11.80,-2.64,-2.64,632309.63,17.45,10.30,11.96,5.20,1.77,-0.06,0.00,6.23,35.68,1.62,1.98,12.60,9.51,"Steel Dynamics, Inc. is a steel producer and metal recycler in the North America. Its segments include Steel Operations, Metals Recycling Operations, Steel Fabrication Operations and Aluminum Operations. Steel Operations segment consists primarily of steelmaking and various coating operations. Metals Recycling operations segment include both ferrous and nonferrous scrap metal processing, transportation, marketing, brokerage and scrap management services, strategically located primarily in close proximity to its steel mills and other end-user scrap consumers, across the United States, and Central and Northern Mexico. Steel fabrication operations segment include seven new millennium building systems plants that primarily serve the nonresidential construction industry across the United States. The Aluminum Operations includes the recycled aluminum flat rolled products mill being constructed in Columbus, Mississippi, and two satellite recycled aluminum slab centers in Arizona and Mexico."
Genuine Parts Company,GPC,Consumer Discretionary,Consumer Discretionary Distribution & Retail,0.03,2367480,US3724601055,13.64,--,32.14,7.57,14.3,3.41,3.43,"16,108",0.05,10/22/2024,2.42,2.42,1.88,--,2367480,GPC.N,Genuine Parts Co,Consumer Discretionary,Consumer Discretionary Distribution & Retail,Distributors,16261707519.52,115.82,-0.97,-0.63,-0.31,-7.87,-16.41,-14.96,-13.91,-13.91,372598.87,23.63,14.89,13.67,14.16,3.12,-0.15,0.00,0.45,43.23,3.45,2.37,13.82,8.47,"Genuine Parts Company is a global service company specializing in the distribution of automotive and industrial replacement parts. The Company operates through two segments: Automotive Parts Group (Automotive) and Industrial Parts Group (Industrial). Automotive segment distributes replacement parts (other than body parts) for substantially all makes and models of automobiles, trucks, and other vehicles. Industrial segment distributes a wide variety of industrial bearings, mechanical and fluid power transmission equipment, including hydraulic and pneumatic products, material handling components and related parts and supplies. The Company distributes automotive parts, accessories and solutions in North America, Europe and Australasia. Its automotive businesses offer complete inventory, cataloging, marketing, training and other programs for the aftermarket in each of these regions. Its automotive network includes installers, fleet, government, and major accounts."
IDEX Corporation,IEX,Industrials,Capital Goods,0.03,2456612,US45167R1041,24.43,12.0,18.12,22.93,26.5,1.30,4.15,"15,850",0.02,10/30/2024,1.89,1.89,1.90,2.21,2456612,IEX.N,IDEX Corp,Industrials,Capital Goods,Industrial Machinery & Supplies & Components,15985947551.88,208.83,-1.08,-1.95,-0.92,-9.45,-2.33,4.48,-2.58,-2.58,190156.37,14.84,32.32,24.36,25.82,3.72,0.02,0.00,0.39,22.61,1.32,1.80,24.27,8.57,"IDEX Corporation is an applied solutions company. Its segments include Fluid & Metering Technologies (FMT), Health & Science Technologies (HST) and Fire & Safety/Diversified Products (FSDP). The FMT segment designs, produces and distributes positive displacement pumps, valves, small volume provers, flow meters, injectors and other fluid-handling pump modules and systems and provides flow monitoring and other services for the food, chemical, general industrial, water and wastewater, agriculture and energy industries. The HST segment designs, produces and distributes a range of precision fluidics, positive displacement pumps, powder and liquid processing technologies, drying systems, micro-precision components, pneumatic components and sealing solutions, high performance molded and extruded sealing components, and others. The FSDP segment designs, produces and distributes firefighting pumps, valves and controls, rescue tools, lifting bags and other components and systems."
Kimco Realty Corporation,KIM,Real Estate,Equity Real Estate Investment Trusts (REITs),0.03,2491594,US49446R1095,31.90,3.2,6.58,31.81,43.2,4.13,1.49,"15,659",0.02,10/31/2024,0.17,0.17,0.19,13.72,2491594,KIM.N,Kimco Realty Corp,Real Estate,Equity Real Estate Investment Trusts (REITs),Retail REITs,15753282481.59,23.23,-0.60,-1.61,-0.85,-8.25,1.04,21.81,14.04,14.04,1463196.40,3.54,42.81,31.87,57.12,1.55,0.15,0.00,-0.47,17.11,4.30,2.41,31.02,0.73,"Kimco Realty Corporation is a real estate investment trust (REIT) and owner and operator of open-air, grocery-anchored shopping centers and mixed-use properties in the United States. The Company's portfolio is primarily concentrated in the first-ring suburbs of the major metropolitan markets, including high-barrier-to-entry coastal markets and rapidly expanding Sun Belt cities. Its tenant mix is focused on essential, necessity-based goods and services that drive multiple shopping trips per week. It specializes in shopping center ownership, management, acquisitions, and value-enhancing redevelopment activities. Its properties & leasing services include find available space, signature series, re/development, specialty leasing, leasing programs, acquisitions & dispositions, and preferred equity & mezzanine financing. The Company has interests in approximately 567 United States shopping center properties, aggregating 100.5 million square feet of gross leasable area, located in 30 states."
Masco Corporation,MAS,Industrials,Capital Goods,0.03,2570200,US5745991068,16.43,7.5,--,16.77,17.7,1.60,--,"15,643",0.02,10/29/2024,1.08,1.08,1.08,2.35,2570200,MAS.N,Masco Corp,Industrials,Capital Goods,Building Products,15797133945.46,72.52,-0.96,-1.75,-1.84,-9.98,-13.30,9.59,9.97,9.97,507108.97,652.14,19.30,16.40,19.37,-1381.33,-0.01,0.00,0.69,19.83,1.60,2.01,16.40,4.42,"Masco Corporation is a designer, manufacturer and distributor of home improvement and building products. The Company’s segments include Plumbing Products and Decorative Architectural Products. The Plumbing Products segment includes faucets, showerheads, handheld showers, valves, bath hardware and accessories, bathing units, shower bases and enclosures, shower drains, steam shower systems, sinks, kitchen accessories and toilets. Its faucet, bathing and showering products are sold primarily in North America, Europe and China under the brand names DELTA, BRIZO, PEERLESS, HANSGROHE, AXOR, KRAUS, EASY DRAIN, GINGER, NEWPORT BRASS, BRASSTECH and WALTEC. Its Decorative Architectural Products segment includes architectural coatings, including paints, primers, specialty coatings, stains and waterproofing products. These products are sold in North America and South America under the brand names BEHR , KILZ , WHIZZ , Elder & Jenks and other trademarks to do it yourself and professional customers."
"Expeditors International of Washington, Inc.",EXPD,Industrials,Transportation,0.03,2325507,US3021301094,20.50,2.2,27.38,10.11,20.3,1.28,6.58,"15,509",0.07,11/05/2024,1.32,1.32,1.63,9.03,2325507,EXPD.N,Expeditors International of Washington Inc,Industrials,Transportation,Air Freight & Logistics,15596111546.82,110.80,-0.56,-0.42,0.27,-8.36,-15.17,-10.68,-11.84,-11.84,368214.90,32.82,21.61,20.49,12.52,5.78,0.03,0.00,1.56,16.46,1.32,3.35,20.57,5.41,"Expeditors International of Washington, Inc. provides a full suite of global logistics services, offers customers an international network of people and integrated information systems to support the movement and strategic positioning of goods. As a third-party logistics provider, the Company purchases cargo space from carriers, such as airlines, ocean shipping lines and trucking lines, on a volume basis and resells that space to its customers. The Company provides a range of transportation services and customer solutions, such as customs brokerage, order management, time-definite transportation, warehousing and distribution, temperature-controlled transit, cargo insurance, specialized cargo monitoring and tracking, and other customized logistics and consulting solutions. In addition, its Project Cargo unit handles special project shipments that move via a single method or combination of air, ocean, and/or ground transportation."
"Everest Group, Ltd.",EG,Financials,Insurance,0.03,2556868,BMG3223R1088,5.59,0.8,23.26,15.69,6.0,2.15,1.01,"15,466",1.47,10/31/2024,12.10,12.10,14.62,7.41,2556868,EG.N,Everest Group Ltd,Financials,Insurance,Reinsurance,15470141670.75,359.68,-0.08,-0.68,0.09,-7.19,-7.73,-4.63,3.78,3.78,127389.03,16.63,5.62,5.45,14.50,0.85,-0.02,0.00,0.20,25.38,2.22,1.35,5.45,66.00,"Everest Group, Ltd. is a Bermuda-based underwriter. The Company provides property, casualty, and specialty reinsurance and insurance solutions. It operates through two operating segments: Reinsurance and Insurance. The Reinsurance operation writes property and casualty reinsurance and specialty lines of business, on both a treaty and facultative basis, through reinsurance brokers, as well as directly with ceding companies. Business is written in the United States (US), Bermuda, and Ireland offices, as well as through branches in Canada, Singapore, the United Kingdom (UK), and Switzerland. The Insurance operation writes property and casualty insurance directly and through brokers, including for surplus lines, and general agents within the US, Bermuda, Canada, Europe, Singapore, and South America through its offices in the US, Australia, Canada, Chile, Colombia, Mexico, Singapore, the UK, Ireland, and branches located in the UK, the Netherlands, France, Germany, and Spain."
"Super Micro Computer, Inc.",SMCI,Information Technology,Technology Hardware & Equipment,0.03,BRC3N73,US86800U3023,9.72,--,32.47,8.47,10.8,--,3.53,"17,964",0.04,11/06/2024,0.73,0.73,0.75,--,BRC3N73,SMCI.OQ,Super Micro Computer Inc,Information Technology,Technology Hardware & Equipment,"Technology Hardware, Storage & Peripherals",18726377334.60,30.68,-4.07,-9.07,-5.31,-6.00,-26.32,-62.56,7.93,7.93,20022801.33,26.94,15.43,9.35,61.64,2.80,-0.11,0.00,1.11,131.44,NULL,15.64,9.91,3.28,"Super Micro Computer, Inc. is an application-optimized Total IT solution provider. The Company is a provider of accelerated compute platforms that are comprised of application-optimized server and storage systems for a variety of markets, including enterprise data centers, cloud computing, artificial intelligence (AI), fifth generation (5G) and edge computing. Its Total IT Solutions includes complete servers, storage systems, modular blade servers, blades, workstations, full rack scale solutions, networking devices, server sub-systems, server management and security software. It also provides global support and services to help its customers install, upgrade and maintain their computing infrastructure. Its product categories include servers & storage, building blocks, edge, embedded & telecom, networking, and workstations & gaming products. Its servers & storage includes Rackmount Servers, GPU Servers, Twin Servers and Storage Servers. It operates in the United States, Asia and Europe."
"Tapestry, Inc.",TPR,Consumer Discretionary,Consumer Durables & Apparel,0.03,BF09HX3,US8760301072,13.50,8.6,31.54,19.79,14.2,2.13,5.14,"15,336",0.01,11/07/2024,0.95,0.95,1.02,1.64,BF09HX3,TPR.N,Tapestry Inc,Consumer Discretionary,Consumer Durables & Apparel,"Apparel, Accessories & Luxury Goods",15350064852.50,65.82,-0.08,-0.54,1.68,6.28,40.89,56.03,84.20,84.20,1629530.77,38.20,19.04,13.56,19.02,3.81,0.07,0.00,0.34,38.04,2.13,9.71,13.29,4.86,"Tapestry, Inc. is a house of iconic accessories and lifestyle brands. The Company's global house of brands include Coach, kate spade new york and Stuart Weitzman. Coach brand is a global fashion house of accessories and lifestyle collections. Kate Spade New York is a global lifestyle brand that designs things for the everyday, delivering seasonal collections of handbags, ready-to-wear, jewelry, footwear, gifts, home decor and more. Its products include women's handbags, women's accessories, men's and other products. Women's accessories include small leather goods which includes mini and micro handbags, money pieces, wristlets, pouches and cosmetic cases. Men's includes bag collections, small leather goods, footwear, watches, sunglasses, and ready-to-wear items. Its products are sold to customers through its direct-to-consumer (DTC), wholesale and licensing businesses. Its DTC business includes retail and outlet stores, brand e-commerce sites as well as concession shop-in-shops."
Loews Corporation,L,Financials,Insurance,0.03,2523022,US5404241086,--,--,9.46,13.91,--,0.30,1.06,"18,476",--,11/04/2024,--,--,1.96,--,2523022,L.N,Loews Corp,Financials,Insurance,Property & Casualty Insurance,18441334173.84,84.39,-0.34,-1.02,1.22,-2.70,6.83,13.08,21.66,21.66,372928.93,NULL,11.20,NaN,NaN,NaN,NULL,NULL,NULL,18.46,0.30,0.74,NULL,NULL,"Loews Corporation is a diversified company with businesses in the insurance, energy, hospitality and packaging industries. Its segments consist of individual operating subsidiaries, including CNA Financial Corporation (CNA), Boardwalk Pipeline Partners, LP and Loews Hotels Holding Corporation (Loews Hotels). The CNA segment provides insurance products, such as commercial property and casualty coverage, and its services also include risk management, information services, warranty and claims administration. The CNA segment's commercial property and casualty insurance operations include Specialty, Commercial and International lines of business. The Boardwalk Pipelines segment is engaged in the business of transportation and storage of natural gas and liquids, and hydrocarbons. Boardwalk Pipelines owns and operates approximately 13,455 miles of interconnected natural gas pipelines directly serving customers in 13 states. Loews Hotels segment is engaged in operating a chain of hotels."
Alliant Energy Corporation,LNT,Utilities,Utilities,0.03,2973821,US0188021085,18.41,7.3,10.77,23.42,19.5,3.24,2.18,"15,203",0.02,11/01/2024,1.11,1.11,1.15,2.69,2973821,LNT.OQ,Alliant Energy Corp,Utilities,Utilities,Electric Utilities,15277916487.08,59.33,-0.35,-0.54,0.12,-6.12,-1.46,18.51,19.88,19.88,648806.23,11.08,23.03,18.37,21.21,1.96,0.00,0.00,0.22,16.73,3.24,3.01,18.45,3.23,"Alliant Energy Corporation operates as a regulated investor-owned public utility holding company. The Company's primary focus is to provide regulated electric and natural gas service to its customers in the Midwest through its two public utility subsidiaries: Interstate Power and Light Company (IPL) and Wisconsin Power and Light Company (WPL). Its segments include Utility, and ATC Holdings, Non-utility, Parent and Other. The Utility segment includes the operations of IPL and WPL, which primarily serve retail customers in Iowa and Wisconsin. The Utility segment includes three operations: utility electric operations, utility gas operations and utility other. The ATC Holdings, Non-utility, Parent and Other segment includes the operations of Alliant Energy Finance, LLC (AEF) and its subsidiaries, Corporate Services, the Alliant Energy parent company, and any Alliant Energy parent company consolidating adjustments. AEF is comprised of the Company's interest in ATC Holdings."
"Alexandria Real Estate Equities, Inc.",ARE,Real Estate,Equity Real Estate Investment Trusts (REITs),0.03,2009210,US0152711091,29.59,28.4,0.49,18.44,31.6,5.26,0.92,"16,846",0.02,10/22/2024,0.88,0.88,0.96,1.11,2009210,ARE.N,Alexandria Real Estate Equities Inc,Real Estate,Equity Real Estate Investment Trusts (REITs),Health Care REITs,17187868172.65,97.80,-0.56,-1.85,-1.12,-11.28,-17.64,-15.47,-20.36,-20.36,431162.33,3.09,59.64,29.58,27.45,0.85,-0.05,0.00,0.83,22.69,5.40,1.55,30.16,3.31,"Alexandria Real Estate Equities, Inc. is a life science real estate investment trust. The Company is an owner, operator and developer of collaborative life science, agricultural technology (agtech), and advanced technology mega campuses in AAA innovation cluster locations, including Greater Boston, the San Francisco Bay Area, New York City, San Diego, Seattle, Maryland, and Research Triangle. The Company, through its venture capital platform, provides strategic capital to life science, agrifoodtech, climate innovation, and technology companies. Its tenants include multinational pharmaceutical companies; public and private biotechnology companies; life science product, service and medical device companies; digital health, technology, and agtech companies; academic and medical research institutions; United States government research agencies; non-profit organizations, and venture capital firms. It has a Labspace asset base predominantly concentrated in markets with barriers to entry."
"Dollar Tree, Inc.",DLTR,Consumer Staples,Consumer Staples Distribution & Retail,0.03,2272476,US2567461080,12.44,9.2,-12.43,2.28,13.8,--,2.11,"16,078",0.03,12/04/2024,1.07,1.07,1.12,1.51,2272476,DLTR.OQ,Dollar Tree Inc,Consumer Staples,Consumer Staples Distribution & Retail,Consumer Staples Merchandise Retail,16340786101.62,74.77,-1.61,-1.86,1.41,4.91,6.33,-29.97,-47.36,-47.36,1608445.57,15.46,NULL,12.43,13.37,1.71,0.02,0.00,0.02,55.79,NULL,4.45,12.49,6.01,"Dollar Tree, Inc. is an operator of discount variety stores. Its business segments include Dollar Tree and Family Dollar. Dollar Tree segment is the operator of discount variety stores offering merchandise predominantly at the fixed price. Its stores are operating under the brand names Dollar Tree and Dollar Tree Canada. It operates 15 distribution centers in the United States and two in Canada. Dollar Tree stores consists of consumable merchandise, variety merchandise, and seasonal goods. Family Dollar segment operates general merchandise retail discount stores providing customers with a selection of merchandise in convenient neighborhood stores. Family Dollar segment consists of its store operations under the Family Dollar brand and 10 distribution centers. Family Dollar stores consists of consumable merchandise, home products, apparel and accessories merchandise, and seasonal and electronics merchandise. It also owns trademarks, including Family Dollar and Family Dollar Stores."
Avery Dennison Corporation,AVY,Materials,Materials,0.03,2066408,US0536111091,17.82,10.4,24.18,11.42,19.8,1.81,6.29,"15,062",0.02,10/23/2024,2.32,2.32,2.33,1.90,2066408,AVY.N,Avery Dennison Corp,Materials,Materials,Paper & Plastic Packaging Products & Materials,15146102314.63,187.24,-0.67,-1.11,-0.71,-8.69,-14.82,-13.65,-5.90,-5.90,192931.37,32.27,22.48,17.82,19.57,5.12,0.01,0.00,0.46,18.36,1.88,2.31,17.96,10.51,"Avery Dennison Corporation is a materials science and digital identification solutions company. The Company provides a range of branding and information solutions that optimize labor and supply chain efficiency, reduce waste, advance sustainability, circularity and transparency, and connect brands and consumers. Its Materials Group segment manufactures and sells pressure-sensitive label materials, films for graphic and reflective products, performance tapes and other adhesive products for industrial, medical and other applications, as well as fastener solutions. Its Solutions Group segment designs, manufactures and sells a variety of branding and information solutions, including brand and price tickets, tags and labels (including radio-frequency identification (RFID) inlays), and related services, supplies and equipment. It serves an array of industries worldwide, including home and personal care, apparel, e-commerce, logistics, food and grocery, pharmaceuticals and automotive."
Gen Digital Inc.,GEN,Information Technology,Software & Services,0.03,BJN4XN5,US6687711084,11.43,6.8,28.02,31.40,12.4,1.83,8.04,"16,866",0.00,10/31/2024,0.54,0.54,0.54,1.83,BJN4XN5,GEN.OQ,Gen Digital Inc,Information Technology,Software & Services,Systems Software,17038067420.50,27.38,-0.98,-1.72,-1.12,-11.25,0.24,10.62,22.40,22.40,1515130.80,38.83,27.90,11.46,15.75,5.74,0.02,0.00,0.09,23.96,1.83,1.88,11.40,2.39,"Gen Digital Inc. is a global company. The Company offers a range of Cyber Safety brands, including Norton, Avast, LifeLock, Avira, AVG, ReputationDefender, and CCleaner. Its Cyber Safety portfolio provides protection across three categories in multiple channels and geographies, including security and performance, identity protection, and online privacy. It also offers solutions in digital identity and access management, digital reputation, and restoration support services. It provides real-time protection for PCs, Macs and mobile devices against malware, viruses, adware, ransomware and other online threats. These offerings monitor and block unauthorized traffic from the Internet to the device to help protect private and sensitive information when customers are online. Its Norton and LifeLock identity theft protection solution includes monitoring, alerts and restoration services to help safeguard its customers personal information. Its VPN solutions provides an encrypted data tunnel."
"Viatris, Inc.",VTRS,Health Care,Pharmaceuticals Biotechnology & Life Sciences,0.03,BMWS3X9,US92556V1061,4.67,-3.4,0.26,13.35,4.6,3.88,0.75,"14,777",0.03,11/07/2024,0.68,0.68,0.75,--,BMWS3X9,VTRS.OQ,Viatris Inc,Health Care,"Pharmaceuticals, Biotechnology & Life Sciences",Pharmaceuticals,14896039416.96,12.38,-0.80,-1.43,-0.88,-5.42,7.59,18.71,19.00,19.00,4021476.17,12.75,NULL,4.71,3.65,0.70,-0.02,0.00,-0.21,32.20,3.88,1.93,4.70,2.63,"Viatris Inc. is a global healthcare company. The Company's segments include Developed Markets, Greater China, JANZ, and Emerging Markets. The Developed Markets segment comprises its operations primarily in North America and Europe. The Greater China segment includes its operations in China, Taiwan and Hong Kong. The JANZ segment reflects its operations in Japan, Australia, and New Zealand. The Emerging Markets segment encompasses its presence in more than 125 countries with developing markets and emerging economies, including in Asia, Africa, Eastern Europe, Latin America, and the Middle East, as well as the Company’s ARV franchise. The Company’s portfolio comprises approved molecules across a range of key therapeutic areas, including globally recognized iconic and key brands and generics, including complex products. The Company operates manufacturing sites across worldwide that produce oral solid doses, injectables and complex dosage forms."
"F5, Inc.",FFIV,Information Technology,Technology Hardware & Equipment,0.03,2427599,US3156161024,17.37,6.7,19.12,23.69,17.7,--,4.69,"14,668",0.03,10/29/2024,3.45,3.45,3.67,2.64,2427599,FFIV.OQ,F5 Inc,Information Technology,Technology Hardware & Equipment,Communications Equipment,14983717939.95,252.48,-1.23,-1.80,-0.76,0.85,14.66,46.59,41.07,41.07,208986.93,24.07,26.43,17.35,24.94,3.89,0.02,0.00,-0.02,22.46,NULL,2.53,17.36,14.55,"F5, Inc. is a multi-cloud application services and security company. The Company partners with various organizations to secure and optimize every app and application programming interface (API) anywhere - on premises, in the cloud, or at the edge. The Company's enterprise-grade application services are available as cloud-based, software-as-a-service, and software-only solutions optimized for multi-cloud environments, with modules that can run independently, or as part of an integrated solution on its high-performance appliances. The Company, through its BIG-IP, F5 NGINX and F5 Distributed Cloud Services product, offers a range of integrated, artificial intelligence- and machine learning-driven solutions that support performance and protect both legacy and modern applications and APIs across data center, cloud, and edge locations. Its products and solutions include F5 Distributed Cloud Web App and API Protection, F5 NGINX Ingress Controller, F5 BIG-IP Security, and F5 BIG-IP Systems."
"CF Industries Holdings, Inc.",CF,Materials,Materials,0.03,B0G4K50,US1252691001,14.11,2.6,28.32,36.71,13.4,2.38,2.82,"14,649",0.13,10/31/2024,1.16,1.16,1.33,5.07,B0G4K50,CF.N,CF Industries Holdings Inc,Materials,Materials,Fertilizers & Agricultural Chemicals,14748188982.75,84.03,-0.85,-1.25,-0.97,-6.28,-1.50,14.74,8.38,8.38,599105.77,19.35,13.31,14.44,5.05,2.74,-0.03,0.00,6.54,26.95,2.38,2.92,14.18,5.82,"CF Industries Holdings, Inc. is a manufacturer of hydrogen and nitrogen products. It owns and operates eight nitrogen manufacturing facilities in North America, including six nitrogen manufacturing facilities in the United States, and two in Canada. Its segments include Ammonia, Granular Urea, UAN, AN and Other. The Ammonia segment produces anhydrous ammonia (ammonia), which is the base product that it manufactures, containing 82% nitrogen and 18% hydrogen. The results of its Ammonia segment consist of sales of ammonia to external customers for its nitrogen content as a fertilizer, in emissions control and in other industrial applications. The Granular Urea segment produces granular urea, which contains 46% nitrogen. Granular urea is produced at its Donaldsonville, Port Neal, and Medicine Hat complexes. The UAN segment produces urea ammonium nitrate solution (UAN). The AN segment produces ammonium nitrate. Its Other segment includes diesel exhaust fluid, urea liquor, and nitric acid."
Baxter International Inc.,BAX,Health Care,Health Care Equipment & Services,0.03,2085102,US0718131099,11.57,-1.1,-1.07,10.80,15.7,3.63,1.86,"14,615",0.00,11/08/2024,0.78,0.78,0.49,--,2085102,BAX.N,Baxter International Inc,Health Care,Health Care Equipment & Services,Health Care Equipment,14897186095.20,28.63,-1.95,-2.29,-1.88,-15.07,-24.22,-13.32,-23.83,-23.83,1451490.37,12.78,64.77,11.45,8.05,1.32,-0.19,0.00,0.04,26.33,2.38,2.57,11.43,2.50,"Baxter International Inc., through its subsidiaries, provides a portfolio of essential healthcare products. The Company’s Medical Products and Therapies segment includes sales of sterile IV solutions, infusion systems, administration sets, parenteral nutrition therapies and surgical hemostat, sealant and adhesion prevention products. Its Healthcare Systems and Technologies segment includes connected care solutions and collaboration tools, including smart bed systems, patient monitoring systems and diagnostic technologies, respiratory health devices and advanced equipment for the surgical space, including surgical video technologies and precision positioning devices. Its Pharmaceuticals segment includes specialty injectable pharmaceuticals, inhaled anesthesia and drug compounding. Its Kidney Care segment includes chronic and acute dialysis therapies and services, including peritoneal dialysis, hemodialysis, continuous renal replacement therapies (CRRT) and other organ support therapies."
"Domino's Pizza, Inc.",DPZ,Consumer Discretionary,Consumer Services,0.03,B01SD70,US25754A2015,23.87,7.2,--,18.33,25.2,1.36,--,"14,528",0.22,10/10/2024,3.64,3.64,4.19,3.49,B01SD70,DPZ.N,Domino's Pizza Inc,Consumer Discretionary,Consumer Services,Restaurants,14835628388.36,420.72,-2.07,-2.75,-1.36,-11.35,-1.86,-17.94,3.43,3.43,150313.70,-11.40,25.76,23.85,34.73,-3.75,0.01,0.00,0.29,23.97,1.44,6.64,23.87,17.64,"Domino’s Pizza, Inc. is a pizza company with a significant business in both delivery and carryout pizza. The Company operates through three segments: U.S. stores, international franchise, and supply chain. The U.S. stores segment is comprised primarily of its franchise operations, which consists of franchised stores located in the United States. The segment also operates a network of United States Company-owned stores. The international franchise segment primarily includes operations related to the Company’s franchising business in foreign markets. The supply chain segment primarily includes the distribution of food, equipment and supplies to stores from the Company’s supply chain center operations in the United States and Canada. Its Pinpoint Delivery, a technology that allows customers to receive a delivery nearly anywhere, including places like parks, baseball fields and beaches. It is a public restaurant brand with a global enterprise of more than 20,500 stores in over 90 markets."
"Align Technology, Inc.",ALGN,Health Care,Health Care Equipment & Services,0.03,2679204,US0162551016,20.13,5.6,12.31,17.00,22.1,--,3.92,"15,443",0.04,10/24/2024,2.31,2.31,2.35,3.96,2679204,ALGN.OQ,Align Technology Inc,Health Care,Health Care Equipment & Services,Health Care Supplies,15783896475.80,206.58,-2.29,-4.14,-0.48,-11.25,-18.77,-14.43,-24.61,-24.61,270382.63,16.76,35.21,20.11,29.37,3.47,-0.01,0.00,0.30,38.69,NULL,3.56,20.06,10.27,"Align Technology, Inc. is a global medical device company that designs, manufactures, and sells the Invisalign system of clear aligners, iTero intraoral scanners, and exocad computer-aided design and computer-aided manufacturing (CAD/CAM) software for digital orthodontics and restorative dentistry. The Company provides Align Digital Platform. Its segments include Clear Aligner, and Imaging Systems and CAD/CAM Services (Systems and Services). The Clear Aligner segment consists of comprehensive products, non-comprehensive products and non-case products. Its comprehensive products include Invisalign Comprehensive and Invisalign First. The Company's non-case products include retention products, Invisalign training and adjusting tools. It offers up to four sets of custom clear aligners called Vivera retainers. The Systems and Services segment consists of its iTero intraoral scanning systems. Its services include subscription software, disposables, rentals, leases and pay per scan services."
"Akamai Technologies, Inc.",AKAM,Information Technology,Software & Services,0.03,2507457,US00971T1016,14.40,6.1,12.23,18.56,15.1,--,3.00,"14,394",0.01,11/08/2024,1.59,1.59,1.59,2.48,2507457,AKAM.OQ,Akamai Technologies Inc,Information Technology,Software & Services,Internet Services & Infrastructure,14567510832.42,95.56,-1.45,-2.45,-1.08,1.64,-5.34,6.08,-19.26,-19.26,673658.73,18.06,28.31,14.04,18.14,2.64,0.00,0.00,0.20,36.10,NULL,6.26,14.00,6.81,"Akamai Technologies, Inc. is a cloud company that develops and provides solutions for global enterprises to build, deliver and secure their digital experiences on its distributed worldwide network. Akamai Connected Cloud, the Company's platform, is comprised of an edge and cloud architecture and underlying network for cloud computing, security and content delivery services. Its cloud computing services include compute, storage, networking, database and container management services that are required to build, deploy and secure applications and workloads. Its security solutions are designed to keep infrastructure, websites, applications, application programming interfaces and users safe from a multitude of cyberattacks and online threats while improving performance. The Company's content delivery solutions consist of Web and mobile performance focused solutions and media delivery solutions. The Company also provides services and support for its customers as they utilize its solutions."
Textron Inc.,TXT,Industrials,Capital Goods,0.03,2885937,US8832031012,11.78,--,13.08,7.70,14.0,0.10,2.04,"14,202",0.07,10/24/2024,1.49,1.49,1.40,--,2885937,TXT.N,Textron Inc,Industrials,Capital Goods,Aerospace & Defense,14323349477.85,76.56,-0.84,-1.09,0.16,-10.57,-13.55,-10.79,-4.71,-4.71,401580.47,14.44,16.74,11.67,19.10,1.91,-0.05,0.00,0.08,23.61,0.10,2.37,12.29,6.56,"Textron Inc. is a multi-industry company that leverages its global network of aircraft, defense, industrial and finance businesses to provide customers with various solutions and services. The Company's segments include Textron Aviation, Bell, Textron Systems, Industrial, Textron eAviation, and Finance. Textron Aviation segment manufactures, sells and services Cessna and Beechcraft aircraft, and services the Hawker brand of business jets. Bell segment supplies military and commercial helicopters, tiltrotor aircraft, and related spare parts and services in the world. Textron Systems segment offers electronic systems and solutions, advanced marine craft, piston aircraft engines, and others. Industrial segment designs and manufactures a variety of products within the Kautex and Specialized Vehicles product lines. Textron eAviation segment includes Pipistrel, a manufacturer of light aircraft, along with other research and development initiatives related to sustainable aviation solutions."
"Evergy, Inc.",EVRG,Utilities,Utilities,0.03,BFMXGR0,US30034W1062,15.25,6.1,7.64,22.96,16.0,4.22,1.41,"14,148",0.04,11/07/2024,1.94,1.94,2.02,2.61,BFMXGR0,EVRG.OQ,Evergy Inc,Utilities,Utilities,Electric Utilities,14189529750.70,61.52,-0.29,-0.26,0.33,-4.81,0.24,18.65,23.32,23.32,706223.77,9.12,16.62,15.24,16.75,1.38,0.00,0.00,0.28,12.57,4.34,3.94,15.31,4.04,"Evergy, Inc. (Evergy) is a utility holding company. The Company operates primarily through its wholly owned subsidiaries, Evergy Kansas Central, Inc. (Evergy Kansas Central), Evergy Metro, Inc. (Evergy Metro), Evergy Missouri West, Inc. (Evergy Missouri West), and Evergy Transmission Company, LLC (Evergy Transmission Company). Evergy Kansas Central is an integrated, regulated electric utility that provides electricity to customers in the state of Kansas. Evergy Metro is an integrated, regulated electric utility that provides electricity to customers in the states of Missouri and Kansas. Evergy Missouri West is an integrated, regulated electric utility that provides electricity to customers in the state of Missouri. Evergy Transmission Company owns 13.5% of Transource Energy, LLC with the remaining 86.5% owned by AEP Transmission Holding Company, LLC. Its customers include residential, commercial, industrial, wholesale, transmission, and other."
Aptiv PLC,APTV,Consumer Discretionary,Automobiles & Components,0.03,BTDN8H1,JE00BTDN8H13,8.57,14.1,28.58,8.26,9.7,--,1.59,"14,125",0.08,10/31/2024,1.68,1.68,1.83,0.69,BTDN8H1,APTV.N,Aptiv PLC,Consumer Discretionary,Automobiles & Components,Automotive Parts & Equipment,14182056491.26,60.11,-0.38,0.07,1.08,8.25,-16.53,-14.64,-33.00,-33.00,1611588.03,15.06,6.71,8.60,18.01,1.39,-0.07,0.00,-0.29,41.64,NULL,6.36,8.54,6.99,"Aptiv PLC is a global technology company that develops connected solutions enabling a more sustainable future of mobility. The Company delivers end-to-end mobility solutions enabling its customers’ transition to more electrified, software-defined vehicles. The Company’s segments include Signal and Power Solutions and Advanced Safety and User Experience. The Signal and Power Solutions segment includes complete electrical architecture and component products. The Advanced Safety and User Experience segment includes vehicle technology and services in advanced safety, user experience and smart vehicle compute and software, as well as cloud-native software platforms, autonomous driving technologies and DevOps tools. It designs and manufactures vehicle components and provides electrical, electronic and active safety technology solutions to the global automotive and commercial vehicle markets. It operates manufacturing facilities and technical centers utilizing a regional service model."
"Skyworks Solutions, Inc.",SWKS,Information Technology,Semiconductors & Semiconductor Equipment,0.03,2961053,US83088M1027,15.73,15.1,9.60,18.85,16.4,3.10,2.23,"14,138",0.01,11/13/2024,1.52,1.52,1.55,1.09,2961053,SWKS.OQ,Skyworks Solutions Inc,Information Technology,Semiconductors & Semiconductor Equipment,Semiconductors,14416846507.35,88.42,-1.92,-2.21,-1.96,1.75,-9.76,-15.82,-19.09,-19.09,1183844.10,11.37,23.93,15.70,8.00,2.35,-0.14,0.00,0.80,33.54,3.17,6.96,15.87,5.63,"Skyworks Solutions, Inc. provides wireless networking services. The Company’s analog and mixed-signal semiconductors are connecting people, places, and things, spanning a number of new applications within the aerospace, automotive, broadband, cellular infrastructure, connected home, defense, entertainment and gaming, industrial, medical, smartphone, tablet, and wearable markets. It operates engineering, manufacturing, sales, and service facilities throughout Asia, Europe, and North America. The Company offers a range of products, such as Amplifiers, Antenna Tuners, Attenuators, Automotive Tuners and Digital Radios, Circulators/Isolators, Wireless ASoC, Demodulators, Detectors, Digital Power Isolators, Diodes, Directional Couplers, Diversity Receive Modules, Hybrid, Low-Noise Amplifiers, Modulators, Phase Locked Loops, Phase Shifters, Receivers, Switches, and others. It operates engineering, manufacturing, sales, and service facilities throughout Asia, Europe, and North America."
"Healthpeak Properties, Inc.",DOC,Real Estate,Equity Real Estate Investment Trusts (REITs),0.03,BJBLRK3,US42250P1030,96.39,-9.9,4.68,20.15,52.3,6.01,1.63,"13,974",0.05,10/25/2024,0.07,0.07,0.12,--,BJBLRK3,DOC.N,Healthpeak Properties Inc,Real Estate,Equity Real Estate Investment Trusts (REITs),Health Care REITs,14044815018.32,19.98,-0.50,-1.38,-0.99,-9.14,-11.44,4.82,7.29,7.29,1727500.57,3.20,42.53,93.66,19.80,1.74,-0.26,0.00,7.25,20.41,6.01,1.61,95.82,0.21,"Healthpeak Properties, Inc. is a fully integrated real estate investment trust (REIT). The Company acquires, develops, owns, leases, and manages healthcare real estate across the United States. Its strategy is to invest in and manage real estate focused on healthcare discovery and delivery. It has a diversified portfolio of high-quality healthcare properties across three core asset classes of lab, outpatient medical, and continuing care retirement community (CCRC) real estate. The Company’s segments include Lab, Outpatient medical and CCRC. The lab segment properties contain laboratory and office space, are leased primarily to biotechnology, medical device and pharmaceutical companies, scientific research institutions, government agencies, and other organizations involved in the life science industry. The Outpatient Medical segment includes outpatient medical buildings and hospitals. Outpatient medical buildings typically contain physicians’ offices and examination rooms."
"J.B. Hunt Transport Services, Inc.",JBHT,Industrials,Transportation,0.03,2445416,US4456581077,23.94,7.6,18.74,7.96,30.1,1.01,4.29,"17,174",0.05,10/16/2024,1.39,1.39,1.49,3.98,2445416,JBHT.OQ,J B Hunt Transport Services Inc,Industrials,Transportation,Cargo Ground Transportation,17542703197.31,170.33,-0.98,-0.98,-0.12,-9.93,-0.94,6.97,-13.92,-13.92,271454.80,14.23,30.94,23.88,17.49,4.16,0.01,0.00,0.81,24.63,1.01,2.73,24.36,7.13,"J.B. Hunt Transport Services, Inc. is a surface transportation, delivery, and logistics company in North America. The Company, through its wholly owned subsidiaries, provides a range of transportation, brokerage, and delivery services to a diverse group of customers and consumers throughout the continental United States, Canada, and Mexico. It operates through five segments: Intermodal (JBI), Dedicated Contract Services (DCS), Integrated Capacity Solutions (ICS), Final Mile Services (FMS) and Truckload (JBT). JBI segment includes freight that is transported by rail over at least some portion of the movement and also includes certain repositioning truck freight moved by JBI equipment or third-party carriers. DCS segment focuses on private fleet conversion and creation of replenishment and specialized equipment. ICS segment provides non-asset and asset-light transportation solutions to customers through relationships with third-party carriers and integration with Company-owned equipment."
"Revvity, Inc.",RVTY,Health Care,Pharmaceuticals Biotechnology & Life Sciences,0.03,2305844,US7140461093,21.93,7.9,2.35,14.52,23.0,0.25,1.72,"13,590",0.01,11/04/2024,1.13,1.13,1.28,2.93,2305844,RVTY.N,Revvity Inc,Health Care,"Pharmaceuticals, Biotechnology & Life Sciences",Life Sciences Tools & Services,13629423218.55,111.31,-0.61,-1.06,-0.86,-4.16,-12.82,6.28,2.09,2.09,283741.23,7.14,53.14,21.87,14.10,1.66,-0.01,0.00,0.94,25.05,0.25,3.26,22.42,5.09,"Revvity, Inc. is a provider of health science solutions, technologies, and services, which delivers workflows from discovery to development, and diagnosis to cure. Its segments include Life Sciences and Diagnostics. The Life Sciences segment provides products and services targeted towards the life sciences market. The Life Sciences Segment applications include MicroBeta, The MuviCyte live-cell imaging system, The Signals Image Artist, The VICTOR Nivo multimode plate reader benchtop system, The EnSight multimode plate reader benchtop system, BioLegend LEGENDplex bead-based reagents, and The Quantum GX2 system. Its Diagnostics segment develops diagnostics, tools, and applications focused on clinically oriented customers, within the reproductive health, immunodiagnostics, and applied genomics markets. It offers instruments, reagents, assay platforms and software to hospitals, and medical labs. It is focused on reproductive health, immunodiagnostics, and emerging market diagnostics."
Amcor PLC,AMCR,Materials,Materials,0.03,BJ1F307,JE00BJ1F3079,12.18,7.5,18.39,9.88,12.6,5.38,3.44,"13,487",0.01,11/01/2024,0.16,0.16,0.16,1.68,BJ1F307,AMCR.N,Amcor PLC,Materials,Materials,Paper & Plastic Packaging Products & Materials,13644039921.28,9.34,-1.06,-1.27,-0.95,-12.22,-16.56,-2.25,1.81,1.81,4546328.13,23.53,17.59,12.32,11.65,2.82,0.00,0.00,0.00,22.28,5.46,4.65,12.29,0.76,"Amcor plc is a packaging company. The Company is engaged in developing and producing solutions across a variety of materials for food, beverage, pharmaceutical, medical, home and personal-care, and other products. The Company operates through two segments: Flexibles and Rigid Packaging. The Flexibles segment consists of operations that manufacture flexible and film packaging in the food and beverage, medical and pharmaceutical, fresh produce, snack food, personal care, and other industries. The Rigid Packaging segment consists of operations that manufacture rigid containers for a range of predominantly beverage and food products, including carbonated soft drinks, water, juices, sports drinks, milk-based beverages, spirits and beer, sauces, dressings, spreads and personal care items, and plastic caps for a wide variety of applications. The Company's subsidiaries include Amcor Flexibles North America, Inc., Amcor Pty Ltd, and Amcor UK Finance plc."
"Moderna, Inc.",MRNA,Health Care,Pharmaceuticals Biotechnology & Life Sciences,0.03,BGSXTS3,US60770K1079,--,-12.8,-28.59,-62.09,-4.2,--,1.27,"15,161",0.64,11/07/2024,-1.80,-1.80,0.03,--,BGSXTS3,MRNA.OQ,Moderna Inc,Health Care,"Pharmaceuticals, Biotechnology & Life Sciences",Biotechnology,15442738755.43,39.38,-1.87,-2.60,-0.53,-8.55,-41.07,-66.84,-60.40,-60.40,2965800.30,-30.65,NULL,-4.40,1.85,2.19,0.07,0.00,-14.83,54.78,NULL,10.26,-4.47,-8.95,"Moderna, Inc. is a biotechnology company. The Company is advancing a new class of medicines made of messenger ribonucleic acid (mRNA). It is developing therapeutics and vaccines for infectious diseases, immuno-oncology, rare diseases and autoimmune diseases, independently and with its strategic collaborators. mRNA medicines are designed to direct the body’s cells to produce intracellular, membrane or secreted proteins that have a therapeutic or preventive benefit with the potential to address a spectrum of diseases. Its diverse development pipeline consists of 45 therapeutic and vaccine programs, nine of which are in late-stage development. Its products include COVID-19 vaccines (mRNA-1273/Spikevax, next-generation mRNA-1283), RSV vaccine (mRNA-1345), Seasonal influenza vaccines (mRNA-1010, mRNA-1011, mRNA-1012, mRNA-1020 and mRNA-1030), Combination vaccines (mRNA-1083, mRNA-1230, mRNA-1045 and mRNA-1365), CMV vaccine (mRNA-1647), EBV vaccine (mRNA-1189 and mRNA-1195) and others."
"EPAM Systems, Inc.",EPAM,Information Technology,Software & Services,0.03,B44Z3T8,US29414B1044,20.78,7.6,12.89,10.75,21.8,--,3.74,"13,308",0.02,11/07/2024,2.70,2.70,3.12,2.86,B44Z3T8,EPAM.N,Epam Systems Inc,Information Technology,Software & Services,IT Consulting & Other Services,13526358696.69,234.68,-1.59,-2.70,-3.74,-3.79,17.91,24.76,-21.07,-21.07,186397.23,16.39,30.64,20.78,22.03,3.25,0.04,0.00,0.99,36.96,NULL,0.99,20.66,11.29,"EPAM Systems, Inc. provides digital engineering, cloud, and artificial intelligence-enabled transformation services. The Company's software product and platform development services, including product research, customer experience design and prototyping, program management, component design and integration, full lifecycle software testing, product deployment and end-user customization, performance tuning, product support and maintenance, managed services, as well as cross-platform migration and modernizing legacy platforms. Its segments include North America, Europe, and Russia. It offers complex software product development services. It partners with global pharmaceutical, medical and scientific technology, biotechnology companies and retail pharmacies to deliver scientific informatics and enterprise technology solutions. It offers health data analytics. It also offers a set of AI-enabled capabilities to clients in banking, capital markets and other financially regulated businesses."
"Conagra Brands, Inc.",CAG,Consumer Staples,Food Beverage & Tobacco,0.03,2215460,US2058871029,10.86,3.0,4.04,16.12,11.2,5.08,1.49,"13,145",0.02,12/19/2024,0.67,0.67,0.70,3.76,2215460,CAG.N,Conagra Brands Inc,Consumer Staples,"Food, Beverage & Tobacco",Packaged Foods & Meats,13202683978.92,27.54,-0.43,-0.04,0.04,-0.04,-14.29,-0.79,0.68,0.68,1750951.87,13.53,26.90,10.91,11.74,1.41,-0.04,0.00,0.14,23.07,5.08,3.04,10.84,2.52,"Conagra Brands, Inc. is a consumer-packaged goods food company. The Company’s segments include Grocery & Snacks that includes branded, shelf-stable food products sold in various retail channels in the United States; Refrigerated & Frozen segment includes branded, temperature-controlled food products sold in various retail channels in the United States; International segment principally includes branded food products in various temperature states, sold in various retail and foodservice channels outside of the United States, and Foodservice segment includes branded and customized food products, including meals, entrees, sauces, and a variety of custom-manufactured culinary products packaged for sale to restaurants and other foodservice establishments primarily in the United States. Its brands include Birds Eye, Duncan Hines, Healthy Choice, Marie Callender’s, Reddi-wip, and BOOMCHICKAPOP. It also offers FATTY Smoked Meat Sticks made with quality pork and beef smoked with hickory wood."
"Rollins, Inc.",ROL,Industrials,Commercial & Professional Services,0.03,2747305,US7757111049,42.04,14.0,35.91,19.25,47.2,1.33,17.06,"22,477",0.01,10/24/2024,0.30,0.30,0.28,3.37,2747305,ROL.N,Rollins Inc,Industrials,Commercial  & Professional Services,Environmental & Facilities Services,22607358146.88,46.41,-0.58,-0.94,-0.28,-7.79,-7.95,-4.27,7.69,7.69,673479.57,38.74,47.87,41.26,63.36,13.98,0.01,0.00,0.50,20.10,1.42,1.37,41.10,1.12,"Rollins, Inc. is an international services company. The Company provides essential pest and wildlife control services and protection against termite damage, rodents and insects to both residential and commercial customers through its subsidiaries and independent franchises located in over 70 countries, including in the United States, Canada, Australia, Europe, and Asia with international franchises in Canada, Central and South America, the Caribbean, Europe and others. It operates under one segment, including its three service offerings: Residential, Commercial and Termite. Residential service includes pest control services protecting residential properties from common pests, including rodents, insects and wildlife. Commercial services consist of workplace pest control solutions for customers across diverse end markets, such as healthcare, food service, logistics. Termite service offers termite protection services and ancillary services for both residential and commercial customers."
"UDR, Inc.",UDR,Real Estate,Equity Real Estate Investment Trusts (REITs),0.03,2727910,US9026531049,87.77,2.2,10.99,17.63,112.5,3.94,4.09,"14,210",0.03,10/31/2024,0.10,0.10,0.06,50.40,2727910,UDR.N,UDR Inc,Real Estate,Equity Real Estate Investment Trusts (REITs),Multi-Family Residential REITs,14323572064.95,43.07,-0.78,-1.85,-0.90,-6.08,-4.08,6.80,17.34,17.34,734933.07,3.59,115.53,89.57,190.26,4.88,0.04,0.00,-0.32,17.62,3.95,1.37,87.63,0.48,"UDR, Inc. is a self-administered real estate investment trust (REIT). The Company owns, operates, acquires, renovates, develops, redevelops, disposes of, and manages multifamily apartment communities in targeted markets located in the United States. The Company's consolidated real estate portfolio consists of approximately 168 communities located in 21 markets, consisting of 55,550 completed apartment homes. In addition, the Company has an ownership interest in 10,045 completed or to-be-completed apartment homes through unconsolidated joint ventures or partnerships, including 5,618 apartment homes owned by entities in which it holds preferred equity investments. It operates through two segments: Same-Store Communities and Non-Mature Communities/Other. Its Same-Store Communities segment includes communities, which were acquired, developed, and stabilized. Its Non-Mature Communities/Other segment includes communities that do not meet the criteria to be included in Same-Store Communities."
Pool Corporation,POOL,Consumer Discretionary,Consumer Discretionary Distribution & Retail,0.03,2781585,US73278L1052,28.17,0.2,40.85,13.48,30.7,1.39,9.02,"12,922",0.10,10/24/2024,3.16,3.16,3.26,153.78,2781585,POOL.OQ,Pool Corp,Consumer Discretionary,Consumer Discretionary Distribution & Retail,Distributors,13132962367.70,339.32,-1.67,-3.02,-2.45,-10.02,-9.64,11.17,-13.81,-13.81,138233.50,31.36,29.15,28.18,18.07,NaN,0.01,0.00,1.96,27.41,1.41,8.22,28.31,12.04,"Pool Corporation is a wholesale distributor of swimming pool supplies, equipment, and related leisure products. The Company also distributes irrigation and landscape products in the United States. The Company operates approximately 439 sales centers in North America, Europe, and Australia through its five distribution networks: SCP Distributors (SCP), Superior Pool Products (Superior), Horizon Distributors (Horizon), National Pool Tile (NPT) and Sun Wholesale Supply (Sun Wholesale). The Company distributes swimming pool supplies, equipment, and related leisure products domestically through its SCP and Superior sales center networks through SCP network. Its Horizon sales centers offer organic fertilizers, organic pesticides, and irrigation and drainage products that reduce water usage and soil erosion. Sun Wholesale distributes swimming pool supplies, equipment, and related leisure products, primarily servicing independently owned and operated Pinch A Penny, Inc. franchise locations."
"Jack Henry & Associates, Inc.",JKHY,Financials,Financial Services,0.03,2469193,US4262811015,28.75,8.7,22.13,22.81,29.9,1.24,6.64,"12,774",0.03,11/06/2024,1.61,1.61,1.63,3.46,2469193,JKHY.OQ,Jack Henry & Associates Inc,Financials,Financial Services,Transaction & Payment Processing Services,12905045406.00,175.08,-1.02,-1.37,-0.32,-0.31,-0.52,6.13,8.52,8.52,293631.67,21.43,32.03,28.78,36.16,5.71,0.02,0.00,0.38,15.66,1.26,3.14,28.74,6.08,"Jack Henry & Associates, Inc. is a financial technology company. The Company’s segments include Core, Payments, Complementary, and Corporate and Other. The Core segment provides core information processing platforms to banks and credit unions, which consist of integrated applications required to process deposit, loan, and general ledger transactions, and maintain centralized customer/member information. The Payments segment provides secure payment processing tools and services, including automated teller machine, debit, and credit card processing services; online and mobile bill pay solutions; automated clearinghouse origination and remote deposit capture processing; and risk management products and services. The Complementary segment provides additional software, hosted processing platforms, and services, including digital/mobile banking, treasury services, online account opening, fraud/anti-money laundering and lending/deposit solutions that can be integrated with its core solutions."
"CarMax, Inc.",KMX,Consumer Discretionary,Consumer Discretionary Distribution & Retail,0.03,2983563,US1431301027,21.52,17.3,8.20,-0.46,25.7,--,2.03,"12,630",0.07,12/19/2024,0.62,0.62,0.81,1.48,2983563,KMX.N,Carmax Inc,Consumer Discretionary,Consumer Discretionary Distribution & Retail,Automotive Retail,12892875673.10,82.06,-2.04,-3.65,-1.96,-2.27,6.05,11.89,6.93,6.93,627982.73,7.82,27.90,21.55,11.42,2.16,0.11,0.00,0.53,30.11,NULL,8.63,21.31,3.81,"CarMax, Inc. is a retailer of used autos. The Company operates through two segments: CarMax Sales Operations and CarMax Auto Finance (CAF). The CarMax Sales Operations segment consists of all aspects of its auto merchandising and service operations. Its CarMax Sales Operations segment sells used vehicles, purchases used vehicles from customers and other sources, sells related products and services, and arranges financing options for customers. The CAF segment consists solely of its own finance operation that provides financing to customers buying retail vehicles from the Company. The CAF segment also services all auto loans it originates and is responsible for providing billing statements, collecting payments, maintaining contact with delinquent customers, and arranging for the repossession of vehicles securing defaulted loans. It provides customers with a range of other related products and services, including extended protection plan (EPP) products and vehicle repair services."
"Host Hotels & Resorts, Inc.",HST,Real Estate,Equity Real Estate Investment Trusts (REITs),0.02,2567503,US44107P1049,19.28,1.0,11.09,14.27,18.5,4.50,1.85,"12,428",0.01,11/07/2024,0.10,0.10,0.12,18.40,2567503,HST.OQ,Host Hotels & Resorts Inc,Real Estate,Equity Real Estate Investment Trusts (REITs),Hotel & Resort REITs,12565051200.15,17.78,-1.08,-2.74,-1.60,-3.47,1.02,0.01,-5.71,-5.71,3104341.97,12.98,17.41,19.48,20.44,1.87,-0.05,0.00,-0.32,23.01,4.52,5.09,19.42,0.91,"Host Hotels & Resorts, Inc. operates as a self-managed and self-administered real estate investment trust, which owns hotels and conducts operations through Host L.P. The Company is an owner of luxury and upper-upscale hotels. It operates through a single segment, hotel ownership. Its hotels operate in urban and resort markets either as luxury properties under brand names, such as 1 Hotels, Alila, Andaz, Fairmont, Four Seasons, Grand Hyatt, JW Marriott, Ritz-Carlton, St. Regis, The Don Cesar, The Luxury Collection and W, or as upper upscale properties under such brand names as Autograph Collection, Curio - A Collection by Hilton, Embassy Suites by Hilton, Hilton, Hyatt Regency, Marriott, Marriott Marquis, Sheraton, Swissotel, Tribute Portfolio and Westin. The Company owns approximately 76 properties in the United States and five properties internationally totaling approximately 43,400 rooms. It also holds non-controlling interests in seven domestic and one international joint venture."
"Juniper Networks, Inc.",JNPR,Information Technology,Technology Hardware & Equipment,0.02,2431846,US48203R1041,19.01,6.0,6.92,10.21,22.7,2.36,2.66,"12,359",0.06,11/01/2024,0.45,0.45,0.48,3.78,2431846,JNPR.N,Juniper Networks Inc,Information Technology,Technology Hardware & Equipment,Communications Equipment,12346922059.78,37.35,-0.43,-0.43,-0.35,4.62,-3.59,3.66,29.76,29.76,1094467.33,11.89,49.24,18.57,19.18,2.46,0.08,0.00,0.14,12.42,2.36,3.45,19.09,2.01,"Juniper Networks, Inc. delivers networking technology to its customers, including network operators, telecommunication and cloud providers, enterprise information technology teams, lines of businesses and network users, such as individual devices, machines, applications, microservices and data stores. It designs and builds products and solutions, such as Automated Wide Area Networking that provides Routing solutions for Wide Area Networking; AI-Driven Enterprise, which includes cloud management, networking and security solution for campus and branch environments, such as universities, hospitals, and bank branches, and Cloud-Ready Data Center that offers fabric management, switching, network security and software-defined networking solutions for public and private data centers. It also offers a variety of services, including maintenance and support, professional services, Software-as-a-Service, and education and training programs to provide solutions that address its customers' needs."
"Stanley Black & Decker, Inc.",SWK,Industrials,Capital Goods,0.02,B3Q2FJ4,US8545021011,14.50,34.8,-3.00,5.76,19.3,4.08,1.39,"12,306",0.10,10/29/2024,1.11,1.11,1.22,0.55,B3Q2FJ4,SWK.N,Stanley Black & Decker Inc,Industrials,Capital Goods,Industrial Machinery & Supplies & Components,12422524966.92,79.83,-0.93,-1.33,-1.87,-10.75,-26.85,1.67,-15.65,-15.65,507813.80,6.54,NULL,14.59,18.28,1.31,0.00,0.00,-0.48,28.35,4.11,2.59,14.73,5.47,"Stanley Black & Decker, Inc. is a provider of hand tools, power tools, outdoor products, and related accessories. The Company also provides engineered fastening solutions. Its solutions include Tools & Outdoor and Industrial. The Tools & Outdoor segment is comprised of the power tools group (PTG), hand tools, accessories, and storage (HTAS), and outdoor power equipment (Outdoor) product lines. Its PTG product line includes both professional and consumer products. The HTAS product line sells hand tools, power tool accessories and storage products. The Industrial segment is comprised of the Engineered Fastening business. The Engineered Fastening business primarily sells engineered components such as fasteners, fittings, and various engineered products, which are designed for specific application across multiple verticals. The product lines include externally threaded fasteners, blind rivets and tools, blind inserts, and tools, and drawn arc weld studs and systems."
Camden Property Trust,CPT,Real Estate,Equity Real Estate Investment Trusts (REITs),0.02,2166320,US1331311027,69.51,4.1,8.08,20.93,72.0,3.56,2.80,"13,288",0.08,11/01/2024,0.36,0.36,-0.04,17.78,2166320,CPT.N,Camden Property Trust,Real Estate,Equity Real Estate Investment Trusts (REITs),Multi-Family Residential REITs,12292888618.83,114.77,-0.40,-1.40,-0.42,-7.94,-6.25,7.03,19.98,19.98,239670.00,3.48,36.60,73.17,19.35,2.89,-0.07,0.00,2.62,17.64,3.59,1.66,71.88,1.57,"Camden Property Trust is a real estate investment trust (REIT). The Company and its subsidiaries are primarily engaged in the ownership, management, development, reposition, redevelopment, acquisition, and construction of multifamily apartment communities. It owns interests in, operates and develops 176 multifamily properties comprised of 59,800 apartment homes across the United States. Its four properties were under construction and consist of a total of 1,166 apartment homes. The Company’s properties consist of mid-rise buildings or two- and three-story buildings in a landscaped setting, as well as high-rise buildings, and provide residents with a variety of amenities common to multifamily rental properties. The Company's properties include Camden Chandler, Camden Copper Square, Camden Foothills, Camden Legacy, and others. Its properties are located in Arizona, California, Colorado, Florida, Georgia, North Carolina, Washington District of Columbia (DC) Metro and Texas, among others."
"C.H. Robinson Worldwide, Inc.",CHRW,Industrials,Transportation,0.02,2116228,US12541W2098,21.03,22.0,23.46,3.14,23.5,2.37,7.45,"12,219",0.09,10/31/2024,1.15,1.15,1.28,1.07,2116228,CHRW.OQ,CH Robinson Worldwide Inc,Industrials,Transportation,Air Freight & Logistics,12280338124.11,103.48,-0.39,-0.81,-0.51,-1.41,-5.69,18.85,23.08,23.08,463974.20,29.00,35.79,21.03,13.14,7.60,0.07,0.00,0.79,21.16,2.40,4.22,20.82,4.92,"C.H. Robinson Worldwide, Inc. is a global logistics company. The Company operates through two segments: North American Surface Transportation (NAST) and Global Forwarding. NAST provides transportation and logistics services across North America through a network of offices in the United States, Canada, and Mexico. The primary services provided by NAST include truckload and less than truckload (LTL) transportation brokerage services. Its Global Forwarding segment provides transportation and logistics services through an international network of offices in North America, Europe, Asia, Oceania, and South America and also contracts with independent agents worldwide. The primary services provided by Global Forwarding include ocean freight services, air freight services, and customs brokerage. The Company through, Robinson Fresh, provides sourcing services that primarily include the buying, selling, and/or marketing of fresh fruits, vegetables, and other value-added perishable items."
Regency Centers Corporation,REG,Real Estate,Equity Real Estate Investment Trusts (REITs),0.02,2726177,US7588491032,35.26,4.4,5.57,36.93,35.3,3.65,2.04,"13,289",0.03,10/29/2024,0.46,0.46,0.48,7.96,2726177,REG.OQ,Regency Centers Corp,Real Estate,Equity Real Estate Investment Trusts (REITs),Retail REITs,13422324034.20,73.41,-0.73,-1.61,-0.46,-1.98,2.58,20.20,14.07,14.07,565387.87,5.64,34.59,35.06,27.60,2.10,0.03,0.00,0.68,14.45,3.84,2.71,35.03,2.09,"Regency Centers Corporation is a fully integrated real estate company and a self-administered and self-managed real estate investment trust. The Company conducts all its operations through Regency Centers, L.P. (the Operating Partnership). It is engaged in acquiring, developing, owning, and operating income-producing retail real estate principally located in suburban trade areas with compelling demographics within the United States. The Company's portfolio comprises approximately 483 properties, encompassing more than 61 million square feet of gross leasable area. Its properties include Amerige Heights Town Center, Friars Mission Center, Navajo Shopping Center, Point Loma Plaza, Rancho San Diego Village, Scripps Ranch Marketplace, The Hub Hillcrest Market, Twin Peaks, 200 Potrero, Bayhill Shopping Center, Clayton Valley Shopping Center, Diablo Plaza, Encina Grande, Plaza Escuela, Pleasant Hill Shopping Center, Potrero Center, Tassajara Crossing, Woodside Central and others."
J.M. Smucker Company,SJM,Consumer Staples,Food Beverage & Tobacco,0.02,2951452,US8326964058,10.63,4.9,9.93,17.77,11.1,3.90,1.53,"11,693",0.04,11/26/2024,2.51,2.51,2.76,2.26,2951452,SJM.N,J M Smucker Co,Consumer Staples,"Food, Beverage & Tobacco",Packaged Foods & Meats,11771734380.16,109.88,-0.67,-0.94,-1.19,-6.72,-8.35,2.71,-9.81,-9.81,400955.30,12.81,22.11,10.65,12.88,1.43,0.01,0.00,0.05,22.62,3.93,3.76,10.65,10.31,"The J. M. Smucker Company is engaged in the manufacturing and marketing of branded food and beverage products on a worldwide basis. The Company’s branded food and beverage products include a portfolio of brands that are sold to consumers primarily through retail outlets in North America. The Company operates through four segments: U.S. Retail Coffee, U.S. Retail Frozen Handheld and Spreads, and U.S. Retail Pet Foods and Sweet Baked Snacks. The U.S. Retail Coffee segment primarily includes the domestic sales of Folgers, Dunkin’, and Cafe Bustelo branded coffee. The U.S. Retail Frozen Handheld and Spreads segment primarily includes the domestic sales of Smucker’s and Jif branded products. The U.S. Retail Pet Foods segment primarily includes the domestic sales of Meow Mix, Milk-Bone, Pup-Peroni, and Canine Carry Outs branded products. The Sweet Baked Snacks segment primarily includes all domestic and foreign sales of Hostess branded products on all channels."
Bio-Techne Corporation,TECH,Health Care,Pharmaceuticals Biotechnology & Life Sciences,0.02,BSHZ3Q0,US09073M1045,35.60,11.1,8.33,21.83,38.5,0.44,5.37,"11,485",0.02,10/30/2024,0.38,0.38,0.42,3.46,BSHZ3Q0,TECH.OQ,Bio-Techne Corp,Health Care,"Pharmaceuticals, Biotechnology & Life Sciences",Life Sciences Tools & Services,11595923564.00,72.29,-0.95,-1.26,-0.62,-4.07,-9.46,1.11,-5.91,-5.91,363630.47,12.81,76.89,35.17,36.51,4.69,0.04,0.00,0.73,34.80,0.44,2.21,35.18,2.06,"Bio-Techne Corporation is a global life sciences company providing tools and bioactive reagents for the research and clinical diagnostic communities. The Company's products assist scientific investigations into biological processes and the nature and progress of specific diseases. The Company, in partnership with Wilson Wolf, is creating products such as media and cytokines that are specifically tailored to G-Rex Bioreactors. Its segments include Protein Sciences and Diagnostics and Genomics. The Protein Sciences segment is a developer and manufacturer of biological reagents used in all aspects of life science research, diagnostics and cell and gene therapy. This segment also includes proteomic analytical tools, both manual and automated. The Diagnostics and Genomics segment develops and manufactures diagnostic products, including controls, calibrators, and diagnostic assays for the regulated diagnostics market, exosome-based molecular diagnostic assays, and tissue biopsy analysis."
"Dayforce, Inc.",DAY,Industrials,Commercial & Professional Services,0.02,BFX1V56,US15677J1088,32.66,20.0,2.43,9.39,39.6,--,4.48,"11,439",0.05,10/30/2024,0.43,0.43,0.47,1.98,BFX1V56,DAY.N,Dayforce Inc,Industrials,Commercial  & Professional Services,Human Resource & Employment Services,11625644000.00,72.49,-1.67,-2.24,-2.03,-9.38,18.35,46.15,8.00,8.00,442950.57,5.75,218.67,32.60,106.02,4.20,0.08,0.00,0.40,31.22,NULL,6.89,32.36,2.22,"Dayforce, Inc. is a global human capital management (HCM) software company. The Company’s Dayforce, which is a flagship cloud HCM platform, provides a full suite of HCM functionality, including global human resources (HR), payroll and tax, workforce management, benefits, and talent intelligence functionality. The Company also sells Powerpay, a cloud HR and payroll solution for the Canadian small business market, through both direct sales and established partner channels. Dayforce Human Resources provides HR professionals, managers, and employees a single, complete record of all of their HR information. Dayforce Workforce Management helps organizations manage their workforces by configuring the system to meet complex employment and working time rules and policies. Dayforce Wallet is a digital payment solution that gives employees instant access to their net earnings. The Company also offer payroll and payroll-related services using legacy technology and on-premises technology."
Allegion Public Limited Company,ALLE,Industrials,Capital Goods,0.02,BFRT3W7,IE00BFRT3W74,16.81,8.3,47.82,20.18,17.7,1.44,7.25,"11,384",0.02,10/24/2024,1.98,1.98,2.16,2.12,BFRT3W7,ALLE.N,Allegion PLC,Industrials,Capital Goods,Building Products,11472057213.57,130.97,-0.76,-1.52,-0.88,-6.68,-9.82,11.62,4.91,4.91,243450.73,42.01,20.12,16.81,23.95,NaN,0.02,0.00,0.12,16.47,1.47,1.77,16.74,7.79,"Allegion plc is a global security products and solutions provider. The Company secures people and assets with a range of solutions for homes, businesses, schools and institutions. Its Allegion Americas segment is a provider of security products, services and solutions throughout North America. The segment sells a range of products and solutions, including locks, locksets, key systems, door controls and systems, exit devices, doors, accessories, electronic security products, access control systems and software and service solutions to customers in commercial, institutional, and residential facilities. Its Allegion International segment provides security products, services and solutions primarily throughout Europe, Asia and Oceania. The segment offers end-users a range of products, services and solutions including locks, locksets, portable locks, key systems, door closers and systems, doors, and others. Its brands include CISA, Interflex, LCN, Schlage, SOSS, and others."
Nordson Corporation,NDSN,Industrials,Capital Goods,0.02,2641838,US6556631025,20.57,11.5,16.90,25.06,20.9,1.35,4.07,"11,944",0.03,12/12/2024,2.59,2.59,2.78,1.82,2641838,NDSN.OQ,Nordson Corp,Industrials,Capital Goods,Industrial Machinery & Supplies & Components,12045775813.02,208.83,-1.15,-2.10,-0.23,-19.99,-20.49,-9.69,-20.30,-20.30,166992.67,17.08,25.75,20.42,22.41,3.52,0.00,0.00,0.59,24.13,1.49,2.11,20.52,10.23,"Nordson Corporation is a precision technology company. It engineers, manufactures and market differentiated products and systems used for precision dispensing, applying and controlling adhesives, coatings, polymers, sealants, biomaterials, and other fluids, to test and inspect for quality, and to treat and cure surfaces and various medical products. Its segments include Industrial Precision Solutions, Medical and Fluid Solutions and Advanced Technology Solutions. The Industrial Precision Solutions segment delivers dispensing and material processing technology to diverse end markets. This segment serves the consumer durables, non-durables, agriculture and industrial markets. The Medical and Fluid Solutions segment includes fluid management solutions for medical, high-tech industrial and other diverse end markets. The Advanced Technology Solutions segment integrates its product technologies into the progressive stages of a customer’s production processes."
Norwegian Cruise Line Holdings Ltd.,NCLH,Consumer Discretionary,Consumer Services,0.02,B9CGTC3,BMG667211046,12.23,58.7,89.97,11.50,15.5,--,9.97,"11,322",0.02,10/31/2024,0.94,0.94,0.99,0.26,B9CGTC3,NCLH.N,Norwegian Cruise Line Holdings Ltd,Consumer Discretionary,Consumer Services,"Hotels, Resorts & Cruise Lines",11322488158.50,25.75,0.00,-2.24,-1.45,-4.24,25.55,37.04,28.49,28.49,2421277.50,110.36,24.99,12.25,-5.79,5.31,0.12,0.00,-1.88,43.07,NULL,6.17,12.16,2.10,"Norwegian Cruise Line Holdings Ltd. is a global cruise company. The Company operates the Norwegian Cruise Line, Oceania Cruises and Regent Seven Seas Cruises brands. The Company has 32 ships with approximately 66,500 berths. Its brands offer itineraries to various destinations, including Europe, Asia, Australia, New Zealand, South America, Africa, Canada, Bermuda, Caribbean, Alaska and Hawaii. Its brands offer various features, amenities and activities, including a variety of accommodations, multiple dining venues, bars and lounges, spa, casino and retail shopping areas and numerous entertainment choices. All brands also offer a selection of shore excursions at each port of call as well as hotel packages for stays before or after a voyage. Its Norwegian ships offer up to approximately 20 dining options. Its Oceania Cruises offers onboard dining, with multiple open-seating dining venues. The Norwegian, Oceania Cruises and Regent fleets offer a mix of staterooms, suites and villas."
Incyte Corporation,INCY,Health Care,Pharmaceuticals Biotechnology & Life Sciences,0.02,2471950,US45337C1027,11.59,18.5,12.50,17.64,54.2,--,4.16,"13,191",0.25,10/29/2024,1.05,1.05,1.07,2.93,2471950,INCY.OQ,Incyte Corp,Health Care,"Pharmaceuticals, Biotechnology & Life Sciences",Biotechnology,13337176738.27,68.42,-1.17,-1.64,-2.03,-8.27,3.51,12.87,8.97,8.97,939056.03,4.91,488.89,11.16,24.97,2.25,0.18,0.00,-0.01,35.35,NULL,3.04,11.27,6.13,"Incyte Corporation is a biopharmaceutical company, which is focused on the discovery, development, and commercialization of therapeutics. The Company operates in two therapeutic areas, One therapeutic area is Hematology/Oncology, which is comprised of Myeloproliferative Neoplasms and Graft-Versus-Host Disease, as well as solid tumors and hematologic malignancies. Its other therapeutic area is Inflammation and Autoimmunity, which includes its Dermatology commercial franchise. Its hematology and oncology franchise are comprised of four products, which are JAKAFI (ruxolitinib), MONJUVI (tafasitamab-cxix)/MINJUVI (tafasitamab), PEMAZYRE (pemigatinib), ICLUSIG (ponatinib), and ZYNYZ (retifanlimab-dlwr), as well as numerous clinical development programs. The Company's pipeline also includes two first-in-class small molecule antagonists targeting Mas-related G protein-coupled receptor X2 (MRGPRX2) for the treatment of various mast cell mediated disorders and MRGPRX4 for cholestatic pruritus."
"Assurant, Inc.",AIZ,Financials,Insurance,0.02,2331430,US04621X1081,11.81,--,14.22,8.22,13.9,1.36,2.08,"10,906",0.11,11/06/2024,2.52,2.52,3.00,--,2331430,AIZ.N,Assurant Inc,Financials,Insurance,Property & Casualty Insurance,11029350208.80,212.27,-1.29,-2.27,0.41,-6.19,7.13,28.62,27.99,27.99,148840.47,14.58,15.16,11.80,19.87,1.79,0.03,0.00,0.24,22.05,1.51,1.36,11.75,17.99,"Assurant, Inc. is a global business services company, which supports, protects, and connects consumer purchases. The Company operates in North America, Latin America, Europe, and Asia Pacific through two segments: Global Lifestyle and Global Housing. The Global Lifestyle segment consists of Connected Living, which provides mobile device solutions, extended service contracts and related services for consumer electronics and appliances, and credit and other insurance products, as well as iSmash, a provider of mobile device solutions, and Global Automotive, which offers vehicle protection services, commercial equipment services and other related services. Through its Global Housing segment, it provides lender-placed homeowners, manufactured housing and flood insurance, as well as voluntary manufactured housing, condominium and homeowners insurance (Homeowners), and renters insurance and other products (Renters and Other)."
Fox Corporation Class A,FOXA,Communication Services,Media & Entertainment,0.02,BJJMGL2,US35137L1052,12.29,10.6,14.23,17.73,11.8,1.09,1.98,"22,361",0.04,11/04/2024,1.13,1.13,1.45,1.11,BJJMGL2,FOXA.OQ,Fox Corp,Communication Services,Media & Entertainment,Broadcasting,21925688713.60,48.84,-1.27,-1.99,-1.23,3.65,15.38,43.03,67.18,67.18,1679495.73,15.91,11.93,12.37,17.52,1.79,0.07,0.00,0.13,19.39,1.11,11.55,12.49,3.95,"Fox Corporation is a news, sports and entertainment company. Its segments include Cable Network Programming, Television, Credible and the FOX Studio Lot. Cable Network Programming produces and licenses news and sports content distributed through traditional cable television systems, direct broadcast satellite operators and telecommunication companies (traditional MVPDs), virtual multi-channel video programming distributors (virtual MVPDs) and other digital platforms, in the United States. Television segment produces, acquires, markets and distributes programming through the FOX broadcast network, advertising supported video-on-demand service Tubi, 29 full power broadcast television stations, including 11 duopolies, and other digital platforms, in the United States. Credible is a United States consumer finance marketplace. The FOX Studio Lot provides television and film production services along with office space, studio operation services and includes all operations of the facility."
BXP Inc,BXP,Real Estate,Equity Real Estate Investment Trusts (REITs),0.02,2019479,US1011211018,38.66,2.3,3.16,31.60,36.4,5.29,4.27,"11,717",0.07,10/30/2024,0.53,0.53,0.53,15.67,2019479,BXP.N,BXP Inc,Real Estate,Equity Real Estate Investment Trusts (REITs),Office REITs,11796639103.17,74.17,-0.59,-2.70,-1.90,-9.54,-7.82,21.95,10.38,10.38,464525.80,6.02,32.17,44.15,14.38,2.35,-0.13,0.00,0.58,25.90,5.29,4.33,43.33,1.68,"BXP, Inc. is a fully integrated, self-administered and self-managed real estate investment trust (REIT). The Company develops, owns and manages premier workplaces in the United States. The Company’s segments by geographic area are Boston, Los Angeles, New York, San Francisco, Seattle and Washington, DC. The Company’s segment by property type includes Premier Workplace (which includes office, life sciences and retail), Residential and Hotel. Its portfolio totals 53.5 million square feet and 186 properties, including 10 properties under construction/redevelopment. The Company’s properties consist of 164 office and life sciences properties (including seven properties under construction/redevelopment); 14 retail properties (including one property under construction); seven residential properties (including two properties under construction), and one hotel. Its properties include Times Square Tower, 100 Federal Street, 767 Fifth Avenue, and others."
Bunge Global SA,BG,Consumer Staples,Food Beverage & Tobacco,0.02,BQ6BPG9,CH1300646267,8.59,-8.9,22.35,3.69,8.2,3.51,1.06,"10,736",0.08,10/30/2024,2.14,2.14,2.29,--,BQ6BPG9,BG.N,Bunge Global SA,Consumer Staples,"Food, Beverage & Tobacco",Agricultural Products & Services,10420797184.18,76.89,-1.51,-1.50,-2.73,-14.32,-19.84,-26.94,-21.65,-21.65,654500.57,11.14,9.73,8.46,5.52,0.86,-0.06,0.00,4.08,22.48,3.54,2.61,8.64,9.09,"Bunge Global SA is a global agribusiness and food company. The Company conducts its operations via four segments: Agribusiness, Refined and Specialty Oils, Milling, and Sugar and Bioenergy. Its Agribusiness segment is an integrated, global business principally involved in the purchase, storage, transportation, processing and sale of agricultural commodities and commodity products. Its Agribusiness operations and assets are located in North and South America, Europe, and Asia-Pacific. The Refined and Specialty Oils segment includes businesses that sell vegetable oils and fats, including cooking oils, shortenings, specialty ingredients, and renewable diesel feedstocks. The Milling segment includes businesses that sell wheat flours, bakery mixes, and corn-based products. The Company also produces sugar and ethanol in Brazil through its 50% interest in BP Bunge Bioenergia, a joint venture with BP p.l.c (BP)."
Eastman Chemical Company,EMN,Materials,Materials,0.02,2298386,US2774321002,10.49,5.7,16.85,11.92,11.9,3.57,1.86,"10,521",0.03,11/01/2024,2.15,2.15,2.26,2.08,2298386,EMN.N,Eastman Chemical Co,Materials,Materials,Specialty Chemicals,10633821557.04,90.81,-1.01,-0.76,-0.44,-12.54,-18.19,-5.79,4.51,4.51,336249.43,15.48,12.16,10.51,11.07,1.75,-0.01,0.00,0.17,21.83,3.66,2.99,10.55,8.64,"Eastman Chemical Company is a global specialty materials company that produces a range of products found in items people use every day. Its segments include Advanced Materials (AM), Additives & Functional Products (AFP), Chemical Intermediates (CI), and Fibers. The AM segment produces and markets polymers, films, and plastics with differentiated performance properties for value-added end-uses in transportation; durables and electronics; building and construction; medical and pharma, and consumables end-markets. AFP segment manufactures materials for products in food, feed, and agriculture; transportation; water treatment and energy; personal care and wellness; building and construction; consumables, and durables and electronics end-markets. The CI segment sells intermediates for end-markets, such as industrial chemicals and processing, building and construction, health and wellness, and food and feed. Its Fibers segment manufactures and sells acetate tow and triacetin plasticizers."
"Universal Health Services, Inc. Class B",UHS,Health Care,Health Care Equipment & Services,0.02,2923785,US9139031002,9.90,20.0,11.89,8.23,11.2,0.45,1.78,"11,766",0.16,10/25/2024,3.72,3.72,3.71,0.56,2923785,UHS.N,Universal Health Services Inc,Health Care,Health Care Equipment & Services,Health Care Facilities,11904160838.08,178.37,-1.16,-1.52,-1.30,-12.90,-22.03,-3.37,17.49,17.49,190687.07,16.63,11.86,9.82,18.11,1.57,0.04,0.00,0.01,29.54,0.45,2.90,9.70,18.16,"Universal Health Services, Inc. is a holding company. It operates through its subsidiaries, including its management company. It is engaged in owning and operating acute care hospitals and outpatient facilities, and behavioral healthcare facilities. Its segments include acute care hospital services, behavioral health care services, and Other. It owns and operates approximately 360 inpatient facilities and 48 outpatient and other facilities located in 39 states, Washington, D.C., the United Kingdom, and Puerto Rico. It provides services, which include general and specialty surgery, internal medicine, obstetrics, emergency room care, radiology, oncology, diagnostic care, coronary care, pediatric services, pharmacy services and/or behavioral health services. It also provides capital resources, as well as a variety of management services to its facilities, including information services, finance and control systems, facilities planning, physician recruitment services, and public relations."
News Corporation Class A,NWSA,Communication Services,Media & Entertainment,0.02,BBGVT40,US65249B1098,30.37,19.0,3.29,8.04,33.3,0.73,1.90,"15,643",0.02,11/08/2024,0.17,0.17,0.21,1.75,BBGVT40,NWSA.OQ,News Corp,Communication Services,Media & Entertainment,Publishing,16370957792.63,27.48,-1.12,-2.38,-2.03,-6.37,3.19,0.06,12.79,12.79,1008212.40,6.50,44.33,28.63,30.38,NaN,0.05,0.00,1.25,19.85,0.73,1.23,28.25,0.96,"News Corporation is a diversified media and information services company. Its segments include Digital Real Estate Services, which include property and property-related advertising and services, including the sale of real estate listing and lead generation products and referral-based services to brokers, and homebuilders and landlords; Subscription Video Services, which provides sports, entertainment and news services to pay-television and streaming subscribers and other commercial licensees; Dow Jones, which consists of Dow Jones, a global provider of news and business information, which distributes its content and data through a variety of media channels, including newspapers, newswires and mobile apps; Book Publishing, which consists of HarperCollins, a publisher in the world, with operations in 15 countries, and The News Media, which consists of News Corp Australia, News UK and the New York Post and includes, among other publications, The Australian and The Daily Telegraph."
"Interpublic Group of Companies, Inc.",IPG,Communication Services,Media & Entertainment,0.02,2466321,US4606901001,10.08,1.9,28.94,13.62,9.8,4.68,2.81,"10,459",0.02,10/22/2024,0.70,0.70,0.70,5.18,2466321,IPG.N,Interpublic Group of Companies Inc,Communication Services,Media & Entertainment,Advertising,10471395525.60,27.79,-1.14,-2.66,-2.49,-8.81,-11.18,-2.42,-11.19,-11.19,2249737.73,26.35,13.12,10.08,10.14,2.46,-0.04,0.00,0.45,24.15,4.75,6.07,10.04,2.76,"The Interpublic Group of Companies, Inc. is a global advertising and marketing services company. The Company specializes in insights, data, media, creative and production, digital commerce, healthcare marketing and communications. It operates through three segments: Media, Data & Engagement Solutions (MD&E), Integrated Advertising & Creativity Led Solutions (IA&C), and Specialized Communications & Experiential Solutions (SC&E). The MD&E segment provides global media and communications services, digital services and products, advertising and marketing technology, e-commerce services, data management and analytics, strategic consulting, and digital brand experience. MD&E comprises IPG Mediabrands and Acxiom. The IA&C segment provides advertising, corporate and brand identity services, and strategic consulting. The SC&E segment provides global public relations and other specialized communications services, events, sports and entertainment marketing, and strategic consulting."
Erie Indemnity Company Class A,ERIE,Financials,Insurance,0.02,2311711,US29530P1021,28.78,--,28.67,15.78,36.1,1.24,9.83,"19,158",--,11/01/2024,2.99,2.99,3.06,--,2311711,ERIE.OQ,Erie Indemnity Co,Financials,Insurance,Property & Casualty Insurance,21926187449.76,411.38,-1.89,-3.01,-2.13,-6.62,-23.61,14.20,24.44,24.44,76237.97,NULL,42.97,30.70,67.44,NaN,0.03,0.00,-0.02,29.46,1.33,1.95,30.71,13.40,"Erie Indemnity Company serves as the attorney-in-fact for the subscribers at the Erie Insurance Exchange (Exchange). The Exchange is a reciprocal insurer that writes property and casualty insurance. The Exchange has wholly owned property and casualty subsidiaries, including Erie Insurance Company, Erie Insurance Company of New York, Erie Insurance Property & Casualty Company, and Flagship City Insurance Company. The Exchange also has a wholly owned life insurance company, Erie Family Life Insurance Company (EFL). Its primary function as attorney-in-fact is to perform policy issuance and renewal services on behalf of the subscribers at the Exchange. It also acts as attorney-in-fact on behalf of the subscribers at the Exchange with respect to all claims handling and investment management services, as well as the service provider for all claims handling, life insurance and investment management services for the Exchange's insurance subsidiaries (collectively, administrative services)."
Albemarle Corporation,ALB,Materials,Materials,0.02,2046853,US0126531013,159.60,-62.6,18.09,2.51,-48.5,1.86,1.26,"10,125",0.46,11/07/2024,-0.44,-0.44,-1.55,--,2046853,ALB.N,Albemarle Corp,Materials,Materials,Specialty Chemicals,10377636530.31,86.14,-2.44,-3.38,-3.43,-19.69,-8.68,-9.03,-39.43,-39.43,510557.43,0.00,NULL,99.67,4.00,1.08,-0.67,0.00,2.55,58.12,1.88,11.23,443.47,0.86,"Albemarle Corporation is engaged in transforming essential resources into critical ingredients for mobility, energy, connectivity, and health. The Company is a global developer, manufacturer, and marketer of specialty chemicals. Its segments include Energy Storage, Specialties, and Ketjen. The Energy Storage segment develops and manufactures a range of basic lithium compounds, including lithium carbonate, lithium hydroxide, and lithium chloride. Its Specialties business optimizes its portfolio of bromine and highly specialized lithium solutions. Its Specialties business serves a variety of industries, including energy, mobility, connectivity, and health. Specialty products are essential in both internal combustion and electric vehicles, from high-voltage cables and powertrains to airbags and tires. Its three main product lines in its Ketjen segment are clean fuels technologies (CFT), fluidized catalytic cracking (FCC) catalysts and additives, and performance catalyst solutions (PCS)."
"Paycom Software, Inc.",PAYC,Industrials,Commercial & Professional Services,0.02,BL95MY0,US70432V1026,23.51,10.9,27.42,26.65,26.0,0.73,7.80,"11,425",0.04,10/31/2024,1.61,1.61,1.67,2.39,BL95MY0,PAYC.N,Paycom Software Inc,Industrials,Commercial  & Professional Services,Human Resource & Employment Services,11919897528.96,204.44,-1.10,-2.23,-1.19,-11.85,22.93,43.48,-0.30,-0.30,189883.23,30.87,24.65,23.46,34.65,5.85,0.01,0.00,0.73,42.61,0.73,3.66,23.44,8.72,"Paycom Software, Inc. is a provider of a comprehensive, cloud-based human capital management (HCM) solution delivered as software-as-a-service (SaaS). The Company provides functionality and data analytics. Its solution requires virtually no customization and is based on a core system of record maintained in a single database for all HCM functions, including talent acquisition, time and labor management, payroll, talent management and human resources (HR) management applications. Its applications streamline client processes and provide clients and their employees with the ability to directly access and manage administrative processes, including applications that identify candidates, on-board employees, manage time and labor, administer payroll deductions and benefits, manage performance, terminate employees and administer post-termination health benefits such as COBRA. The Company sells its solution directly through its sales force based in offices across the United States."
Molson Coors Beverage Company Class B,TAP,Consumer Staples,Food Beverage & Tobacco,0.02,B067BM3,US60871R2094,9.52,4.9,7.33,14.06,9.8,3.04,0.88,"11,746",0.06,11/07/2024,1.67,1.67,1.80,2.02,B067BM3,TAP.N,Molson Coors Beverage Co,Consumer Staples,"Food, Beverage & Tobacco",Brewers,11343133181.84,56.88,-1.63,-2.47,-2.89,-7.69,-0.40,13.63,-4.17,-4.17,631881.93,8.97,12.83,9.52,14.65,0.82,0.02,0.00,-0.09,21.23,3.09,4.68,9.51,5.98,"Molson Coors Beverage Company is a holding company. The Company operates in two segments: Americas and EMEA&APAC. The Americas segment consists of the production, importing, marketing, distribution and sales of its brands and other owned and licensed brands in the United States, Canada and various countries in the Caribbean, Latin and South America. It operates approximately nine primary breweries, five craft breweries and two container operations. It also includes a partnership arrangement for the distribution of beer in Ontario and western provinces of Canada. The EMEA&APAC segment consists of its production, marketing and sales of its primary brands as well as other owned and licensed brands in Bulgaria, Croatia, Czech Republic, Hungary, Montenegro, the Republic of Ireland, Romania, Serbia, the United Kingdom, various other European countries and certain countries within the Middle East, Africa and Asia Pacific. It operates 11 primary breweries, six craft breweries, and one cidery."
Pinnacle West Capital Corporation,PNW,Utilities,Utilities,0.02,2048804,US7234841010,18.55,6.9,8.20,25.44,16.5,4.17,1.46,"9,636",0.30,11/06/2024,3.49,3.49,3.37,2.40,2048804,PNW.N,Pinnacle West Capital Corp,Utilities,Utilities,Electric Utilities,9658799709.00,84.80,-0.18,-0.75,-0.24,-9.50,-3.28,13.30,23.46,23.46,431328.43,9.08,16.06,18.44,19.82,1.42,-0.05,0.00,-0.09,16.01,4.22,3.59,18.71,4.60,"Pinnacle West Capital Corporation is an energy holding company that conducts business through its subsidiaries, Arizona Public Service Company (APS), El Dorado Investment Company (El Dorado) and Pinnacle West Power, LLC. The Company's business segment is its regulated electricity segment, which consists of traditional regulated retail and wholesale electricity businesses (primarily electric service to Native Load customers) and related activities, and includes electricity generation, transmission, and distribution. APS provides electric service to approximately 1.4 million customers. APS is also the operator and co-owner of Palo Verde, a primary source of electricity for the southwest United States and the nuclear power plant in the United States. El Dorado owns debt investments and minority interests in several energy-related investments and Arizona community-based ventures. Palo Verde is a three-unit nuclear power plant located approximately 50 miles west of Phoenix, Arizona."
"Enphase Energy, Inc.",ENPH,Information Technology,Semiconductors & Semiconductor Equipment,0.02,B65SQW4,US29355A1079,18.78,22.0,48.52,20.14,32.1,--,10.18,"9,482",0.08,10/23/2024,0.78,0.78,0.65,1.46,B65SQW4,ENPH.OQ,Enphase Energy Inc,Information Technology,Semiconductors & Semiconductor Equipment,Semiconductor Materials & Equipment,9745240716.99,70.19,-2.69,-3.86,-3.85,-1.63,-37.90,-29.61,-46.88,-46.88,1182062.80,17.59,159.57,19.23,15.86,6.79,-0.15,0.00,3.96,66.16,NULL,14.26,19.44,3.65,"Enphase Energy, Inc. is a global energy technology company. The Company designs, develops, manufactures and sell home energy solutions that manage energy generation, energy storage and control and communications on one intelligent platform. Its Enphase Energy System brings a high-technology, networked approach to solar generation plus energy storage, by leveraging its design across power electronics, semiconductors and cloud-based software technologies. Its integrated approach to energy solutions maximizes a home’s energy potential while providing advanced monitoring and remote maintenance capabilities. The Enphase Energy System uses a single technology platform for seamless management of the entire system, including IQ Microinverters, IQ Batteries, IQ EV Charger, and other hardware. It has a built-in system redundancy in both photovoltaic (PV) generation and energy storage. Its commercial systems have been deployed in more than 150 countries."
LKQ Corporation,LKQ,Consumer Discretionary,Consumer Discretionary Distribution & Retail,0.02,2971029,US5018892084,9.84,--,16.21,10.24,10.6,3.31,1.52,"9,461",0.05,10/24/2024,0.88,0.88,0.88,--,2971029,LKQ.OQ,LKQ Corp,Consumer Discretionary,Consumer Discretionary Distribution & Retail,Distributors,9589921301.24,36.22,-1.82,-2.11,-1.76,-7.81,-8.57,-11.58,-22.08,-22.08,934148.50,12.90,13.42,9.91,9.27,1.42,-0.05,0.00,0.67,21.74,3.31,1.80,9.89,3.65,"LKQ Corporation is a distributor of vehicle products. The Company’s vehicle products include replacement parts, components and systems used in the repair and maintenance of vehicles, and specialty aftermarket products and accessories to improve the performance, functionality, and appearance of vehicles. It operates through four segments: Wholesale-North America; Europe; Specialty and Self Service. Its Wholesale - North America segment consists of aftermarket and salvage operations, sells five product types, including aftermarket, original equipment manufacturer (OEM) recycled, OEM remanufactured, OEM refurbished and new OEM parts. Its Europe segment’s vehicle replacement products include a variety of small mechanical products, discs and sensors, clutches, and other. Its Specialty segment serves truck and off-road; speed and performance; recreational vehicles; towing; wheels, tires, and performance handling; and other. The Self-Service segment operates self-service retail facilities."
"Charles River Laboratories International, Inc.",CRL,Health Care,Pharmaceuticals Biotechnology & Life Sciences,0.02,2604336,US1598641074,17.80,2.8,14.44,16.01,18.0,--,2.48,"9,379",0.03,11/06/2024,2.42,2.42,2.59,6.37,2604336,CRL.N,Charles River Laboratories International Inc,Health Care,"Pharmaceuticals, Biotechnology & Life Sciences",Life Sciences Tools & Services,9519510896.48,183.42,-1.47,-1.73,-1.06,-7.86,-6.88,-11.21,-22.41,-22.41,156413.43,12.37,22.90,17.91,16.85,2.20,-0.02,0.00,0.66,36.78,NULL,4.19,17.90,10.24,"Charles River Laboratories International, Inc. provides essential products and services to help pharmaceutical and biotechnology companies, government agencies and academic institutions around the globe accelerate their research and drug development efforts. The Company's Research Models and Services segment is comprised of three businesses that provide foundational tools that enables its clients to discover new molecules: Research Models, Research Model Services, and Cell Solutions. Its Discovery and Safety Assessment segment provides regulated and non-regulated DSA services to support the research, development, and regulatory-required safety testing of potential new drugs, including therapeutic discovery and optimization plus in vitro and in vivo studies, laboratory support services, and strategic non-clinical consulting and program management to support product development. Its Manufacturing Solutions segment includes Microbial Solutions and Biologics Solutions."
Ralph Lauren Corporation Class A,RL,Consumer Discretionary,Consumer Durables & Apparel,0.02,B4V9661,US7512121010,18.03,11.5,26.48,12.30,19.7,1.36,5.90,"14,421",0.07,11/07/2024,2.42,2.42,2.54,1.72,B4V9661,RL.N,Ralph Lauren Corp,Consumer Discretionary,Consumer Durables & Apparel,"Apparel, Accessories & Luxury Goods",14254674865.20,232.22,1.16,-0.17,1.15,0.72,20.21,33.69,63.72,63.72,215315.50,30.17,22.11,18.05,28.25,4.84,0.07,0.00,0.17,26.60,1.42,2.98,17.77,12.87,"Ralph Lauren Corporation is engaged in the design, marketing, and distribution of luxury lifestyle products, including apparel, footwear & accessories, home, fragrances, and hospitality. Its segments include North America, Europe, and Asia. Its brands include Ralph Lauren, Ralph Lauren Collection, Ralph Lauren Purple Label, Double RL, Polo Ralph Lauren, Lauren Ralph Lauren, Polo Ralph Lauren Children, and Chaps, among others. Its products include apparel and footwear and accessories for men, women, and children, as well as fragrance and home collections, together with its hospitality portfolio. Its range of footwear and accessories includes casual shoes, dress shoes, boots, sneakers, sandals, eyewear, watches, scarves, hats and others. Its range of home products includes bed and bath lines, lighting, dining, floor coverings, giftware and others. Its hospitality collection is comprised of its restaurants, including The Polo Bar in New York City and RL Restaurant located in Chicago."
"Lamb Weston Holdings, Inc.",LW,Consumer Staples,Food Beverage & Tobacco,0.02,BDQZFJ3,US5132721045,17.83,-4.5,45.36,17.34,19.8,2.22,5.68,"9,267",0.06,12/19/2024,1.01,1.01,0.66,--,BDQZFJ3,LW.N,Lamb Weston Holdings Inc,Consumer Staples,"Food, Beverage & Tobacco",Packaged Foods & Meats,9556922612.00,64.97,-3.03,-0.47,1.67,-15.89,0.82,-21.88,-38.76,-38.76,813871.20,22.50,25.67,18.79,33.29,4.69,-0.25,0.00,-0.39,47.42,2.28,5.11,18.85,3.46,"Lamb Weston Holdings, Inc. is a global producer, distributor, and marketer of value-added frozen potato products. The Company is a supplier of frozen potato, sweet potato, appetizer and vegetable products to restaurants and retailers around the globe. The Company’s segments include North America and International. The Company’s frozen potato products are sold in North America and international markets generally to North American-based restaurant chains and international customers, comprised of global and regional quick service and full-service restaurant chains, foodservice distributors, and retailers. Its product portfolio includes frozen potatoes and appetizers sold under the Lamb Weston brand, as well as many customer labels. The Company’s product categories include classic fries, extra crispy fries, sweet potatoes, and other products. Its recipes include appetizers, desserts, dips, sauces and seasonings, entree, salad, side dishes, and topped and loaded."
Globe Life Inc.,GL,Financials,Insurance,0.02,BK6YKG1,US37959E1029,8.11,6.0,20.69,24.18,8.9,0.86,2.00,"9,266",0.03,10/24/2024,3.06,3.06,3.49,1.49,BK6YKG1,GL.N,Globe Life Inc,Financials,Insurance,Life & Health Insurance,9191984508.00,109.95,0.41,-0.81,0.34,-1.16,4.05,34.32,-8.83,-8.83,267621.17,19.49,9.31,8.11,13.61,1.39,0.04,0.00,0.19,23.56,0.87,2.61,8.10,13.56,"Globe Life Inc. is an insurance holding company. The Company's primary subsidiaries are Globe Life And Accident Insurance Company, American Income Life Insurance Company, Liberty National Life Insurance Company, Family Heritage Life Insurance Company of America, and United American Insurance Company. The Company offers Medicare Supplement and limited-benefit supplemental health insurance products that include accident, cancer, critical illness, heart, and intensive care products. These products are designed to supplement health coverage that applicants already own. Medicare Supplements are offered to enrollees in the traditional fee-for-service Medicare program. Medicare Supplement plans are standardized by federal regulation and are designed to pay deductibles and co-payments not paid by Medicare. It has four segments: life insurance, supplemental health insurance, annuities and investments. Life insurance segment’s products include traditional whole life and term life insurance."
Generac Holdings Inc.,GNRC,Industrials,Capital Goods,0.02,B6197Q2,US3687361044,18.76,7.0,8.83,9.61,22.1,--,3.82,"9,207",0.10,10/31/2024,1.95,1.95,2.25,3.16,B6197Q2,GNRC.N,Generac Holdings Inc,Industrials,Capital Goods,Electrical Components & Equipment,9261938308.53,154.74,-0.60,-0.82,0.30,-17.78,-2.61,17.03,19.73,19.73,191672.80,16.60,32.11,18.70,18.02,3.11,0.07,0.00,0.75,34.20,NULL,4.46,18.45,8.27,"Generac Holdings Inc. is an energy technology solutions company. The Company provides backup and prime power generation products for residential and commercial and industrial applications, solar plus battery storage systems, energy monitoring and management devices and services, and engine and battery-powered tools and equipment. It operates through two segments: Domestic and International. The Domestic segment includes the legacy Generac business and the acquisitions that are based in the United States and Canada. The International segment includes acquisitions not based in the United States and Canada. Both segments design and manufacture a range of energy technology solutions and other power products. Its product offerings consist primarily of power generation equipment, energy storage systems, energy management devices and solutions, and other power products geared for varying end customer uses. Its residential automatic standby generators range in output from 7.5kW to 150kW."
Solventum Corporation,SOLV,Health Care,Health Care Equipment & Services,0.02,BMTQB43,US83444M1018,12.01,-6.8,11.50,20.64,10.0,--,3.57,"11,410",0.03,11/08/2024,1.39,1.39,1.64,--,BMTQB43,SOLV.N,Solventum Corp,Health Care,Health Care Equipment & Services,Health Care Supplies,11529821801.56,66.05,-1.03,-1.33,-0.87,-7.64,-5.26,24.91,-17.44,-17.44,279515.30,25.13,15.86,12.01,NaN,3.29,-0.03,NULL,NULL,25.74,NULL,2.44,12.02,5.50,"Solventum Corp. is a global healthcare company. Its segments include Medical Surgical, Dental Solutions, Health Information Systems, and Purification and Filtration. Medical Surgical is a provider of solutions including advanced wound care, sterilization assurance, temperature management, surgical supplies, stethoscopes, and medical electrodes. Dental Solutions provides dental and orthodontic products include brackets, aligners, restorative cements, and bonding agents that span the life of the tooth, including products designed for preventative dental care, direct and indirect restoration, and broad orthodontic needs. Health Information Systems offers healthcare systems with software solutions, including computer-assisted physician documentation, direct-to-bill and coding automation, speech recognition, and data visualization platforms. Purification and Filtration is a provider of purification and filtration technologies including filters, purifiers, cartridges, and membranes."
Hormel Foods Corporation,HRL,Consumer Staples,Food Beverage & Tobacco,0.02,2437264,US4404521001,18.48,7.6,10.24,8.93,18.8,3.62,2.14,"17,116",0.01,12/04/2024,0.42,0.42,0.42,2.47,2437264,HRL.N,Hormel Foods Corp,Consumer Staples,"Food, Beverage & Tobacco",Packaged Foods & Meats,17486061565.70,31.20,-2.04,-1.52,-1.11,-3.79,-0.68,4.21,0.66,0.66,904194.57,11.60,21.27,18.48,17.13,2.08,0.00,0.00,0.05,21.66,3.72,2.01,18.48,1.69,"Hormel Foods Corporation is a global branded food company. The Company develops, processes, and distributes a range of food products in a variety of markets. Its segments include Retail, Foodservice, and International. The Retail segment is primarily engaged in the processing, marketing, and sale of food products sold predominantly in the retail market. This segment also includes the Company’s MegaMex Foods, LLC joint venture. The Foodservice segment is primarily engaged in the processing, marketing, and sale of food and nutritional products for foodservice, convenience store, and commercial customers. The International segment processes, markets, and sells its products internationally. The Company offers its products under various brands, such as Planters, Skippy, SPAM, Hormel Natural Choice, Applegate, Justin's, Wholly, Hormel Black Label, Columbus, and Jennie-O, among others. Its products include COLUMBUS Pepperoni Paninos, and PLANTERS Honey Roasted Mixed Nuts, among others."
AES Corporation,AES,Utilities,Utilities,0.02,2002479,US00130H1059,6.17,9.8,14.90,17.83,6.6,5.45,2.73,"8,994",0.07,11/01/2024,0.60,0.60,0.71,0.67,2002479,AES.N,AES Corp,Utilities,Utilities,Independent Power Producers & Energy Traders,9065594798.25,12.65,-0.78,-1.48,-3.14,-2.99,-36.20,-26.46,-31.53,-31.53,3650464.50,41.54,8.79,6.16,7.71,2.31,0.00,0.00,0.22,39.14,5.56,4.28,6.19,2.05,"The AES Corporation is an energy company. The Company operates through four segments: Renewables, Utilities, Energy Infrastructure, and New Energy Technologies. The Renewables segment includes solar, wind, energy storage, hydro, biomass, and landfill gas generation facilities. The Utilities segment includes AES Indiana, AES Ohio, and AES El Salvador regulated utilities and their generation facilities. The Energy Infrastructure segment includes natural gas, liquefied natural gas, coal, pet-coke, diesel and oil generation facilities, and its businesses in Chile, which have a mix of generation sources, including renewables. The New Energy Technologies segment includes green hydrogen initiatives and investments in Fluence, Uplight, 5B, and other new energy technology businesses. The Company owns and/or operates a generation portfolio of approximately 34,596 MW, including generation from its integrated utility, AES Indiana."
"Henry Schein, Inc.",HSIC,Health Care,Health Care Equipment & Services,0.02,2416962,US8064071025,13.35,6.8,11.72,5.79,14.5,--,2.47,"8,657",0.03,11/05/2024,1.17,1.17,1.22,2.13,2416962,HSIC.OQ,Henry Schein Inc,Health Care,Health Care Equipment & Services,Health Care Distributors,8780056723.48,69.17,-1.78,-2.54,-1.27,-10.23,-5.12,7.91,-8.64,-8.64,675755.00,14.55,28.32,13.35,14.44,2.06,0.00,0.00,0.39,27.12,NULL,5.49,13.46,5.18,"Henry Schein, Inc. is a solutions company for health care professionals powered by a network of people and technology. The Company operates through two segments: health care distribution, and technology and value-added services. The health care distribution segment distributes consumable products, small equipment, laboratory products, large equipment, equipment repair services, branded and generic pharmaceuticals, vaccines, surgical products, dental specialty products (including implant, orthodontic and endodontic products), diagnostic tests, infection-control products, personal protective equipment products and vitamins. The technology and value-added services segment provide software, technology and other value-added services to health care practitioners. It offers dental practice management solutions for dental and medical practitioners. It also develops solutions for the orthopedic treatment of lower extremities (foot and ankle) and upper extremities (primarily hand and wrist)."
MarketAxess Holdings Inc.,MKTX,Financials,Financial Services,0.02,B03Q9D0,US57060D1081,27.44,3.3,21.74,42.44,30.6,1.31,6.13,"8,499",0.03,11/06/2024,1.84,1.84,1.90,9.17,B03Q9D0,MKTX.OQ,Marketaxess Holdings Inc,Financials,Financial Services,Financial Exchanges & Data,8635430486.92,225.30,-1.63,-2.14,-1.81,-12.91,-11.82,13.02,-22.08,-22.08,166923.90,20.13,30.50,27.35,33.88,5.24,0.05,0.00,0.24,25.16,1.31,2.59,27.51,8.24,"MarketAxess Holdings Inc. is engaged in operating electronic platforms for the trading of fixed-income securities and provides related data, analytics, compliance tools and post-trade services. It provides Open Trading marketplace, which offers an all-to-all trading solution in the global credit markets, creating a liquidity pool for a range of credit market participants. The Company leverages its diverse set of trading protocols, automated and algorithmic trading solutions, intelligent data and index products and a range of post-trade services to provide an end-to-end trading solution to its robust network of platform participants. It also provides a number of integrated and actionable data offerings, including CP+ and Axess All, to assist clients with real-time pricing and trading decisions and transaction cost analysis. It offers a range of post-trade services, including straight-through processing, post-trade matching, trade publication, and regulatory transaction reporting."
Federal Realty Investment Trust,FRT,Real Estate,Equity Real Estate Investment Trusts (REITs),0.02,BN7P9B2,US3137451015,36.59,4.7,8.13,35.04,32.4,3.94,3.22,"9,423",0.03,10/31/2024,0.71,0.71,0.70,6.91,BN7P9B2,FRT.N,Federal Realty Investment Trust,Real Estate,Equity Real Estate Investment Trusts (REITs),Retail REITs,9467553005.90,110.92,-0.46,-1.66,-1.08,-4.91,-2.59,10.92,11.05,11.05,241133.67,8.59,32.42,36.47,30.25,3.18,-0.02,0.00,0.06,15.45,3.97,2.91,36.68,3.04,"Federal Realty Investment Trust is an equity real estate investment trust (REIT). The Company is engaged in ownership, operation and redevelopment of retail-based properties located in coastal markets from Washington, D.C. to Boston as well as San Francisco and Los Angeles. Its portfolio includes retail in many formats ranging from regional, community and neighborhood shopping centers that often are anchored by grocery stores to mixed-use properties that are centered around a retail component but also include office, residential and/or hotel components. These properties are located in metropolitan markets in the Northeast and Mid-Atlantic regions of the United States, California, and South Florida. The Company's 102 properties include approximately 3,300 tenants, in 26 million commercial square feet, and approximately 3,100 residential units."
APA Corporation,APA,Energy,Energy,0.02,BNNF1C1,US03743Q1085,6.68,-12.9,--,40.56,5.6,4.46,1.62,"8,294",0.16,11/07/2024,0.97,0.97,1.00,--,BNNF1C1,APA.OQ,APA Corp (US),Energy,Energy,Oil & Gas Exploration & Production,8172139236.77,22.42,1.49,2.66,3.80,-1.02,-7.43,-22.47,-35.37,-35.37,2180045.57,34.77,3.19,7.35,2.88,1.26,-0.17,0.00,-63.74,41.24,4.46,6.50,6.99,3.05,"APA Corporation is an independent energy company. The Company owns subsidiaries that explore for and produce oil and natural gas in the United States, Egypt, and the United Kingdom, and that explore for oil and natural gas offshore Suriname. The Company’s upstream business has oil and gas operations in three geographic areas: the United States, Egypt and offshore the United Kingdom in the North Sea (North Sea). It also has active exploration and appraisal operations ongoing in Suriname, as well as interests in Uruguay and other international locations. It maintains a diversified asset portfolio, including conventional and unconventional, onshore and offshore, oil and natural gas exploration and production interests. In the United States, operations are primarily focused on the Permian Basin of West Texas and Eastern New Mexico, with additional operations located in the Eagle Ford shale and Austin Chalk areas of Southeast Texas, offshore in the Gulf of Mexico, and along the Gulf Coast."
"Match Group, Inc.",MTCH,Communication Services,Media & Entertainment,0.02,BK80XH9,US57667L1070,14.95,19.6,--,27.25,16.8,--,--,"8,330",0.08,11/07/2024,0.48,0.48,0.51,0.85,BK80XH9,MTCH.OQ,Match Group Inc,Communication Services,Media & Entertainment,Interactive Media & Services,8328688370.49,32.80,-1.12,-1.88,-0.18,0.18,-13.32,7.97,-10.14,-10.14,1747732.77,575.60,14.64,14.98,23.54,-61.45,-0.07,0.00,-0.23,42.49,2.32,6.11,14.91,2.19,"Match Group, Inc., through its portfolio companies, is a provider of digital technologies designed to help people make connections. The Company’s global portfolio of brands includes Tinder, Hinge, Match, Meetic, OkCupid, Pairs, Plenty Of Fish, Azar, BLK, and more, each built to increase its users likelihood of connecting with others. The Company’s segments include Tinder, Hinge, Match Group Asia (MG Asia), and Evergreen & Emerging (E&E). The Tinder segment consists of the world-wide activity of the brand Tinder. The Hinge segment consists of the world-wide activity of the brand Hinge. The MG Asia segment consists of the world-wide activity of the brands primarily focused on Asia and the Middle East, including Pairs and Azar. The E&E segment consists of world-wide activity primarily of the brands Match, Meetic, OkCupid, Plenty Of Fish, and various demographically focused brands. The Company’s services are available in over 40 languages to its users all over the world."
Teleflex Incorporated,TFX,Health Care,Health Care Equipment & Services,0.02,2881407,US8793691069,11.66,5.7,8.45,19.30,12.7,0.77,1.83,"8,223",0.05,10/31/2024,3.39,3.39,3.49,2.23,2881407,TFX.N,Teleflex Inc,Health Care,Health Care Equipment & Services,Health Care Equipment,8337114690.34,177.05,-1.37,-1.72,-0.67,-8.19,-28.29,-15.55,-28.54,-28.54,145877.40,11.69,35.11,11.60,13.64,1.70,0.01,0.00,0.17,31.78,0.77,1.19,11.60,15.26,"Teleflex Incorporated is a global provider of medical technology products. The Company primarily designs, develops, manufactures and supplies single-use medical devices used by hospitals and healthcare providers for common diagnostic and therapeutic procedures in critical care and surgical applications. The Company has four segments: Americas, EMEA (Europe, the Middle East and Africa), Asia (Asia Pacific) and OEM (Original Equipment Manufacturer and Development Services). OEM segment designs, manufactures and supplies devices and instruments for other medical device manufacturers. Its OEM division includes the TFX Medical OEM, TFX OEM, Deknatel and HPC Medical brands, provides custom extrusions, micro-diameter film-cast tubing, diagnostic and interventional catheters, balloons and balloon catheters, film-insulated fine wire, coated mandrel wire, conductors, sheath/dilator introducers, and others. Its other brands include Arrow, LMA, Pilling, QuikClot, Rusch, UroLift, Weck and Barrigel."
Campbells Company,CPB,Consumer Staples,Food Beverage & Tobacco,0.02,2162845,US1344291091,12.89,4.6,15.21,13.71,13.2,3.57,3.21,"12,343",0.01,12/04/2024,0.87,0.87,0.89,2.90,2162845,CPB.OQ,Campbell's Co,Consumer Staples,"Food, Beverage & Tobacco",Packaged Foods & Meats,12463947491.64,41.42,-0.93,-0.72,0.00,-10.35,-14.67,-6.87,-0.99,-0.99,1065279.37,20.55,37.24,12.88,14.56,2.85,-0.01,0.00,0.12,21.25,3.77,4.91,12.92,3.22,"The Campbell's Company, formerly Campbell Soup Company, provides affordable food and beverages. The Company is focused on brand powerhouse, across two divisions: Meals & Beverages and Snacks. The Company’s portfolio of approximately 16 brands includes Campbell’s, Cape Cod, Chunky, Goldfish, Kettle Brand, Lance, Late July, Pace, Pacific Foods, Pepperidge Farm, Prego, Rao’s, Snack Factory Pretzel Crisps, Snyder’s of Hanover, Swanson and V8. It offers nutritious, convenient food for Canadian families. Its North American Foodservice division offers food, recipes, and tailored solutions for a wide range of segments, including healthcare facilities, restaurants and specialty coffee shops, schools, vending and micro-markets, and lodging throughout North America. Pacific Foods is a producer of organic broth and soup. Offering a wide range of tasty organic and plant-based options, soups include Creamy Roasted Red Pepper & Tomato and new ready-to-serve canned soups."
A. O. Smith Corporation,AOS,Industrials,Capital Goods,0.02,2816023,US8318652091,16.77,10.0,30.99,19.42,18.0,1.91,5.07,"9,716",0.02,10/11/2024,0.95,0.95,0.82,1.80,2816023,AOS.N,A O Smith Corp,Industrials,Capital Goods,Building Products,8150699352.90,68.02,-0.60,-1.26,-0.79,-8.69,-23.94,-16.13,-16.16,-16.16,366250.23,29.42,17.94,16.74,22.16,4.79,-0.05,0.00,0.36,22.15,2.00,3.26,16.82,4.06,"A. O. Smith Corporation applies technologies and solutions to products manufactured and marketed worldwide. The Company operates through two segments: North America and Rest of World. Both the segments manufacture and market a comprehensive line of residential and commercial gas and electric water heaters, boilers, tanks, and water treatment products. Its Rest of World segment is primarily comprised of China, Europe, and India. The North America segment serves residential and commercial end markets with a range of products, including water heaters, boilers, water treatment products, and other. The Company also manufactures expansion tanks, commercial solar water heating systems, swimming pool and spa heaters, related products and parts. Its Lochinvar brand is a residential and commercial boiler brand in the United States. Its water softener branded products and problem well water solutions include the Hague, Impact Water, Water-Right, Master Water, Atlantic Filter and Water Tec brands."
"Wynn Resorts, Limited",WYNN,Consumer Discretionary,Consumer Services,0.02,2963811,US9831341071,16.98,7.1,--,14.45,17.3,1.17,--,"9,435",0.36,11/05/2024,1.04,1.04,0.90,2.44,2963811,WYNN.OQ,Wynn Resorts Ltd,Consumer Discretionary,Consumer Services,Casinos & Gaming,9738391716.96,85.83,-3.21,-3.90,-2.59,-9.06,-10.24,-3.52,-4.76,-4.76,693124.03,-105.91,10.37,17.27,-20.73,26.28,-0.06,0.00,-1.96,38.01,1.17,4.45,17.11,4.97,"Wynn Resorts, Limited is a designer, developer, and operator of integrated resorts featuring luxury hotel rooms, high-end retail space, an array of dining and entertainment options, meeting and convention facilities, and gaming. Its segments include Wynn Palace, Wynn Macau, Las Vegas Operations, Encore Boston Harbor, and Wynn Interactive. Wynn Palace features a luxury hotel tower with a total of 1,706 guest rooms, suites, and villas, offering a health club, spa, salon, and pool. Wynn Palace offers 14 food and beverage outlets, approximately 107,000 square feet of high-end, brand-name retail space, and over 37,000 square feet of meeting and convention space. Wynn Macau features two luxury hotel towers with a total of 1,010 guest rooms and suites, offering two health clubs, two spas, a salon and a pool. Wynn Macau offers 14 food and beverage outlets, approximately 64,300 square feet of high-end, brand-name retail space, and over 31,000 square feet of meeting and convention space."
Invesco Ltd.,IVZ,Financials,Financial Services,0.02,B28XP76,BMG491BT1088,9.23,12.2,-3.06,12.81,10.4,4.66,0.73,"7,856",0.02,10/22/2024,0.43,0.43,0.44,0.86,B28XP76,IVZ.N,Invesco Ltd,Financials,Financial Services,Asset Management & Custody Banks,7946098351.36,17.48,-1.13,-2.18,0.00,-3.37,0.69,19.63,2.92,2.92,1110207.97,5.76,NULL,9.22,10.56,0.54,0.06,0.00,-0.36,27.23,4.69,2.42,9.13,1.90,"Invesco Ltd. is an independent investment management firm. It serves the retail and institutional markets within the investment management industry in the Americas, Europe, Middle East, and Africa and Asia-Pacific in 120 countries. It offers a range of investment strategies across asset classes, investment styles, and geographies. Its asset classes include equity, fixed income, balanced, alternatives and money market. Its retail assets under management include mutual funds, exchange-traded funds, separately managed accounts, individual savings accounts, investment companies with variable capital, investment trusts, open-end mutual funds, unit investment trusts, and variable insurance funds. Its institutional assets include institutional separate accounts, private funds, open-end mutual funds, and collective trust funds. Its client base includes public and private entities, unions, non-profit organizations, endowments, foundations, financial institutions, and sovereign wealth funds."
MGM Resorts International,MGM,Consumer Discretionary,Consumer Services,0.02,2547419,US5529531015,14.21,-1.5,26.48,9.79,13.8,--,3.16,"10,198",0.20,10/31/2024,0.55,0.55,0.54,--,2547419,MGM.N,MGM Resorts International,Consumer Discretionary,Consumer Services,Casinos & Gaming,10352436524.37,34.35,-1.21,-1.55,0.17,-10.41,-12.13,-22.70,-23.12,-23.12,1070691.93,21.99,12.27,14.97,-9.99,2.41,-0.20,0.00,-10.47,32.18,NULL,5.63,14.75,2.29,"MGM Resorts International is a holding company. The Company, through subsidiaries, is a global gaming and entertainment company with domestic and international locations. The Company's segments include Las Vegas Strip Resorts, Regional Operations, and MGM China. The Las Vegas Strip Resorts segment consists of casino resorts: Aria (including Vdara), Bellagio, The Cosmopolitan of Las Vegas; MGM Grand Las Vegas, Mandalay Bay (including Delano and Four Seasons), Luxor, New York-New York (including The Park), Excalibur, and Park MGM (including NoMad Las Vegas). The Regional Operations consist of casino properties: MGM Grand Detroit in Detroit, Michigan; Beau Rivage in Biloxi, Mississippi; Borgata in Atlantic City, New Jersey; MGM National Harbor in Prince George’s County, Maryland; MGM Springfield in Springfield, Massachusetts; Empire City in Yonkers, New York, and MGM Northfield Park in Northfield Park, Ohio. It operates approximately 16 domestic casino properties."
Mosaic Company,MOS,Materials,Materials,0.02,B3NPHP6,US61945C1036,9.59,-13.9,9.57,12.68,11.2,3.46,0.65,"7,629",0.09,11/12/2024,0.52,0.52,0.34,--,B3NPHP6,MOS.N,Mosaic Co,Materials,Materials,Fertilizers & Agricultural Chemicals,7582192833.60,24.00,0.54,-0.33,-1.15,-8.55,-9.65,-15.61,-30.79,-30.79,1196525.20,4.94,21.15,10.03,2.10,0.61,-0.03,0.00,24.09,35.46,3.67,2.68,10.25,2.39,"The Mosaic Company is a producer and marketer of concentrated phosphate and potash crop nutrients. The Company is a provider of phosphate and potash fertilizers and feed ingredients for the global agriculture industry. The Company operates through three segments: Phosphates, Potash and Mosaic Fertilizantes. Phosphates segment sells phosphate-based crop nutrients and animal feed ingredients throughout North America and internationally. Potash Segment sells potash throughout North America and internationally, principally as fertilizer, but also for use in industrial applications and, to a lesser degree, as animal feed ingredients. Mosaic Fertilizantes Segment produces and sells phosphate-and potash-based crop nutrients, and animal feed ingredients, in Brazil. In addition to five phosphate rock mines, four chemical plants and a potash mine in Brazil, the segment consists of sales offices, crop nutrient blending and bagging facilities, port terminals and warehouses in Brazil and Paraguay."
Celanese Corporation,CE,Materials,Materials,0.01,B05MZT4,US1508701034,7.37,13.5,30.94,11.20,8.4,4.10,1.02,"7,454",0.09,11/05/2024,2.85,2.85,2.44,0.62,B05MZT4,CE.N,Celanese Corp,Materials,Materials,Specialty Chemicals,7516308315.96,68.22,-0.79,-1.34,-1.42,-6.82,-49.55,-48.89,-55.22,-55.22,881103.43,11.79,6.80,7.37,4.23,0.89,-0.25,0.00,0.67,57.75,4.10,4.70,7.46,9.25,"Celanese Corporation is a global chemical and specialty materials company. It is a producer of engineered polymers that are used in a variety of applications. Its segments include Engineered Materials and Acetyl Chain. The Engineered Materials segment includes the engineered materials business and certain strategic affiliates. The Engineered Materials business develops, produces and supplies a portfolio of high-performance specialty polymers for automotive and medical applications, as well as industrial products and consumer electronics. The Acetyl Chain segment includes the integrated chain of intermediate chemistry, emulsion polymers, ethylene vinyl acetate polymers, redispersible powders (RDP), and acetate tow businesses. Its intermediate chemistry business produces and supplies acetyl products, including acetic acid, vinyl acetate monomer, acetic anhydride and acetate esters. It also produces organic solvents and intermediates for pharmaceutical, agricultural and chemical products."
"Huntington Ingalls Industries, Inc.",HII,Industrials,Capital Goods,0.01,B40SSC9,US4464131063,12.35,3.5,17.96,5.45,13.4,2.79,1.75,"7,372",0.12,10/31/2024,3.85,3.85,2.56,3.79,B40SSC9,HII.N,Huntington Ingalls Industries Inc,Industrials,Capital Goods,Aerospace & Defense,7451010255.74,188.41,-1.06,-1.78,-1.05,-4.80,-28.25,-22.64,-25.89,-25.89,209509.13,13.39,10.63,11.90,12.85,1.68,-0.14,0.00,0.06,53.32,2.87,2.37,11.75,15.84,"Huntington Ingalls Industries, Inc. is a global, all-domain defense provider. The Company delivers ships and all-domain solutions in service of the nation. It delivers critical capabilities extending from ships to unmanned systems, cyber, ISR, AI/ML and synthetic training. It operates through three segments: Ingalls Shipbuilding (Ingalls), Newport News Shipbuilding (Newport News), and Mission Technologies. Through its Ingalls segment, the Company designs and constructs non-nuclear ships for the United States Navy and Coast Guard, including amphibious assault ships, expeditionary warfare ships, surface combatants, and national security cutters (NSC). The core business of its Newport News segment is designing and constructing nuclear-powered aircraft carriers and submarines, and the refueling and overhaul and the inactivation of nuclear-powered aircraft carriers. Its Mission Technologies segment develops integrated solutions that enable connected, all-domain force."
"Hasbro, Inc.",HAS,Consumer Discretionary,Consumer Durables & Apparel,0.01,2414580,US4180561072,12.62,27.5,-76.48,3.84,14.4,3.77,6.04,"7,771",0.13,10/24/2024,1.29,1.29,1.73,0.53,2414580,HAS.OQ,Hasbro Inc,Consumer Discretionary,Consumer Durables & Apparel,Leisure Products,7909730400.60,55.71,-1.75,-2.26,-1.88,-14.49,-22.10,-2.68,14.39,14.39,734573.70,52.98,NULL,12.63,12.60,4.85,0.03,0.00,0.17,22.91,5.03,3.16,12.64,4.41,"Hasbro, Inc. (Hasbro) is a toy and game company. The Company operates through four segments: Consumer Products, Wizards of the Coast and Digital Gaming, Entertainment, and Corporate and Other. Consumer Products is engaged in the sourcing, marketing, and sales of toy and game products around the world. The Wizards of the Coast and Digital Gaming is engaged in the promotion of its brands through the development of trading cards, role-playing, and digital game experiences based on Hasbro and Wizards of the Coast properties. The Entertainment is engaged in the development, acquisition, production, distribution, and sale of entertainment content including film, scripted and unscripted television, children's programming, digital content, live entertainment and focused on the rich vault of Hasbro-owned properties. Hasbro's portfolio of brands includes MAGIC: THE GATHERING, Hasbro Gaming, PLAY-DOH, NERF, TRANSFORMERS, DUNGEONS & DRAGONS, and PEPPA PIG, as well as premier partner brands."
Caesars Entertainment Inc,CZR,Consumer Discretionary,Consumer Services,0.01,BMWWGB0,US12769G1004,26.98,-12.4,19.02,22.15,-25.3,--,1.67,"6,974",0.05,10/30/2024,0.21,0.21,-0.04,--,BMWWGB0,CZR.OQ,Caesars Entertainment Inc,Consumer Discretionary,Consumer Services,Casinos & Gaming,7030975443.30,32.82,-0.82,-1.53,-0.21,-14.73,-21.37,-17.41,-29.99,-29.99,1346211.17,-4.18,NULL,25.85,-8.85,1.45,0.31,0.00,-3.33,37.28,NULL,7.53,27.26,1.27,"Caesars Entertainment, Inc. is a casino-entertainment company in the United States and a diversified casino-entertainment provider. The Company's resorts operate primarily under the Caesars, Harrah’s, Horseshoe, and Eldorado brand names. It offers diversified gaming, entertainment and hospitality amenities, destinations, and a full suite of mobile and online gaming and sports betting experiences. It operates through four segments: Las Vegas, Regional, Caesars Digital, and Managed and Branded, in addition to Corporate and Other. The Company’s operations for retail and online sports betting, iGaming, and horse racing are included under the Caesars Digital segment. The Company owns, leases, brands or manages an aggregate of about 53 domestic properties in 18 states with approximately 50,900 slot machines, video lottery terminals and e-tables, approximately 2,700 table games and approximately 44,900 hotel rooms. It also owns WynnBET, a digital sports betting and casino gaming business."
BorgWarner Inc.,BWA,Consumer Discretionary,Automobiles & Components,0.01,2111955,US0997241064,6.92,10.2,9.68,8.68,7.5,1.39,1.12,"6,920",0.03,10/31/2024,0.93,0.93,1.09,0.74,2111955,BWA.N,Borgwarner Inc,Consumer Discretionary,Automobiles & Components,Automotive Parts & Equipment,7039949072.82,31.64,-1.71,-1.92,-1.13,-7.51,-12.53,-1.22,-10.58,-10.58,846708.47,14.85,7.84,6.87,7.19,0.97,0.02,0.00,0.10,27.29,1.39,4.39,6.92,4.61,"BorgWarner Inc. is engaged in clean technology solutions for combustion, hybrid and electric vehicles. The Company operates through four segments. The Turbos & Thermal Technologies segment’s products include turbochargers, e-boosters, e-turbos, emissions systems, thermal systems, gasoline ignition technology, smart remote actuators, and others. The Drivetrain & Morse Systems segment’s products include control modules, friction and mechanical clutch products for automatic transmissions, torque-management products and rear-wheel drive (RWD) and all-wheel drive (AWD) transfer case systems and coupling systems. The PowerDrive Systems segment’s products include power electronics such as inverters, onboard chargers, DC/DC converters and combination boxes, and others. The Battery & Charging Systems segment’s products include lithium-ion battery systems for electrified bus, truck and off-highway applications and DC fast chargers suitable for all types of electric vehicles."
Brown-Forman Corporation Class B,BF.B,Consumer Staples,Food Beverage & Tobacco,0.01,2146838,US1156372096,20.42,1.1,30.18,27.82,21.1,2.31,4.81,"17,829",0.02,12/05/2024,0.49,0.49,0.55,19.03,2146838,BFb.N,Brown-Forman Corp,Consumer Staples,"Food, Beverage & Tobacco",Distillers & Vintners,18243855372.18,37.72,-2.83,-4.48,-6.08,-9.90,-22.94,-11.80,-32.69,-32.69,919470.33,22.99,17.80,20.26,22.22,4.41,0.00,0.00,-0.01,28.46,2.40,7.59,20.30,1.86,"Brown-Forman Corporation manufactures, distills, bottles, imports, exports, markets, and sells a range of beverage alcohol products. Its brands include Jack Daniel's Tennessee Whiskey, Jack Daniel's Tennessee Honey, Gentleman Jack Rare Tennessee Whiskey, Jack Daniel's Tennessee Fire, Jack Daniel's Tennessee Apple, Jack Daniel's Bonded Tennessee Whiskey, Old Forester Whiskey Row Series, Jack Daniel's Sinatra Select, Old Forester Kentucky Straight Bourbon Whisky, Jack Daniel's Tennessee Rye, Old Forester Kentucky Straight Rye Whiskey, Jack Daniel’s Winter Jack, Woodford Reserve Kentucky Bourbon, Woodford Reserve Double Oaked, Fords Gin, Woodford Reserve Kentucky Rye Whiskey, Slane Irish Whiskey, Woodford Reserve Kentucky Straight Wheat Whiskey, Coopers' Craft Kentucky Bourbon, Woodford Reserve Kentucky Straight Malt Whiskey, The GlenDronach, el Jimador and Part Time Rangers RTDs. The Company's brands are sold in more than 170 countries worldwide."
DaVita Inc.,DVA,Health Care,Health Care Equipment & Services,0.01,2898087,US23918K1088,13.19,18.2,78.21,13.19,15.4,--,32.00,"12,376",0.07,10/30/2024,2.72,2.72,2.59,0.85,2898087,DVA.N,DaVita Inc,Health Care,Health Care Equipment & Services,Health Care  Services,12652600000.00,149.79,-2.92,-3.70,-2.11,-9.86,-8.63,8.10,42.98,42.98,264364.33,88.95,16.15,13.40,24.02,59.56,0.01,0.00,0.18,30.50,NULL,4.93,13.41,11.18,"DaVita Inc. is a healthcare provider focused on transforming care delivery to improve the quality of life for patients globally. The Company is a provider of kidney care services in the United States. Its United States dialysis and related lab services (U.S. dialysis) business treats patients with chronic kidney failure, end-stage kidney disease (ESKD). The Company’s robust platform delivers kidney care services and also includes established nephrology and payor relationships. The Company’s international operations provide dialysis and administrative services to a total of outpatient dialysis centers. The Company’s U.S. integrated kidney care (IKC) business provides integrated care and disease management services to patients in risk-based integrated care arrangements and to additional patients in other integrated care arrangements across the United States. It also maintains a few other ancillary services and investments outside its U.S. dialysis, U.S. IKC, or international operations."
"Walgreens Boots Alliance, Inc.",WBA,Consumer Staples,Consumer Staples Distribution & Retail,0.01,BTN1Y44,US9314271084,6.20,-21.7,-56.69,1.21,6.1,10.80,0.77,"8,001",0.02,10/15/2024,0.36,0.36,0.39,--,BTN1Y44,WBA.OQ,Walgreens Boots Alliance Inc,Consumer Staples,Consumer Staples Distribution & Retail,Drug Retail,8306751452.74,9.26,-3.74,-4.34,-0.43,2.66,6.33,-19.33,-61.68,-61.68,6724856.13,11.67,NULL,6.18,1.85,0.73,-0.18,0.00,-0.16,57.36,10.80,11.18,6.20,1.50,"Walgreens Boots Alliance, Inc. is an integrated healthcare, pharmacy and retailing company. The Company’s segments include U.S. Retail Pharmacy, International, and U.S. Healthcare. The U.S. Retail Pharmacy segment includes the Walgreens business, which includes the operations of retail drug stores, health and wellness services, and specialty and home delivery pharmacy services, and its equity method investment in Cencora, Inc. The International segment consists of pharmacy-led health and beauty retail businesses outside the United States and a pharmaceutical wholesaling and distribution business in Germany. The pharmacy-led health and beauty retail businesses include Boots branded stores in the United Kingdom, the Republic of Ireland and Thailand, and the Benavides brand in Mexico. The U.S. Healthcare segment is a consumer-centric, technology-enabled healthcare business that engages consumers through a personalized, omni-channel experience across the care journey."
"Franklin Resources, Inc.",BEN,Financials,Financial Services,0.01,2350684,US3546131018,8.19,2.2,3.54,16.07,8.3,6.17,0.84,"10,530",0.02,11/04/2024,0.60,0.60,0.59,3.88,2350684,BEN.N,Franklin Resources Inc,Financials,Financial Services,Asset Management & Custody Banks,10825484895.92,20.11,-2.66,-4.06,-0.15,-10.24,1.39,-7.18,-27.85,-27.85,1515674.57,9.65,23.94,8.17,5.70,0.80,-0.07,0.00,0.48,34.52,6.36,4.50,8.26,2.46,"Franklin Resources, Inc. is a global investment management company with subsidiaries operating as Franklin Templeton and serving clients in over 150 countries. Through its specialist investment managers, the Company offers specialization on a global scale, bringing capabilities in equity, fixed income, alternatives and multi-asset solutions. It provides its investment management and related services to retail, institutional and high-net-worth investors in jurisdictions worldwide. Its investment products include its sponsored funds, as well as institutional and high-net-worth separate accounts, retail separately managed account programs, sub-advised products, and other investment vehicles. Its funds include registered funds (including exchange-traded funds) and unregistered funds. It offers its services and products under its various distinct brand names, including, but not limited to, Alcentra, Benefit Street Partners, Brandywine Global Investment Management, Canvas, and others."
"Mohawk Industries, Inc.",MHK,Consumer Discretionary,Consumer Durables & Apparel,0.01,2598699,US6081901042,10.83,2.7,-5.62,7.27,12.3,--,0.95,"7,480",0.05,10/25/2024,2.89,2.89,2.90,4.56,2598699,MHK.N,Mohawk Industries Inc,Consumer Discretionary,Consumer Durables & Apparel,Home Furnishings,7500068588.48,118.54,-0.24,-0.94,-0.84,-14.61,-26.23,4.36,14.53,14.53,223695.00,7.00,13.16,10.80,9.21,0.87,-0.04,0.00,0.29,35.74,NULL,1.61,10.92,10.97,"Mohawk Industries, Inc. is a flooring manufacturer that creates products to enhance residential and commercial spaces around the world. The Company's segments include Global Ceramic, Flooring North America (Flooring NA) and Flooring Rest of the World (Flooring ROW). Its Global Ceramic segment designs, manufactures, sources, distributes and markets a line of ceramic, porcelain and natural stone tile products used for floor and wall applications in residential and commercial channels. Its Flooring NA segment designs, manufactures, sources, distributes and markets a range of floor covering products, including broadloom carpet, carpet tile, rugs and mats, carpet pad, laminate, medium-density fiberboard (MDF), wood flooring, LVT and sheet vinyl. Its Flooring ROW segment designs, manufactures, sources, distributes and markets a variety of laminate, LVT and sheet vinyl, wood flooring, broadloom carpet and carpet tile collections used in residential and commercial markets."
Paramount Global Class B,PARA,Communication Services,Media & Entertainment,0.01,BKTNTR9,US92556H2067,6.90,43.8,-5.89,-1.35,5.7,1.93,0.41,"6,897",0.07,11/08/2024,0.24,0.24,0.49,0.13,BKTNTR9,PARA.OQ,Paramount Global,Communication Services,Media & Entertainment,Broadcasting,7423345919.08,10.34,-0.58,-0.96,-0.10,-4.27,-2.19,0.45,-28.76,-28.76,3320851.73,-5.18,NULL,6.81,5.42,0.39,0.00,0.00,-0.65,32.02,1.93,10.46,6.64,1.52,"Paramount Global is a media, streaming and entertainment company. The Company has three segments. TV Media segment consists of its broadcast operations: CBS Television Network, CBS Stations and its international free-to-air networks; domestic premium and basic cable networks, including Paramount+ with Showtime, MTV, Comedy Central, Paramount Network, The Smithsonian Channel, Nickelodeon, BET Media Group, CBS Sports Network and international extensions of certain of these brands, and domestic and international television studio operations. Direct-to-Consumer segment includes its portfolio of domestic and international pay and free streaming services, including Paramount+, Pluto TV, BET+ and Noggin. Filmed Entertainment segment consists of Paramount Pictures, Paramount Players, Paramount Animation, Nickelodeon Studio, Awesomeness and Miramax. Filmed Entertainment segment consists of Paramount Pictures, Paramount Players, Paramount Animation, Nickelodeon Studio, Awesomeness and Miramax."
Fox Corporation Class B,FOX,Communication Services,Media & Entertainment,0.01,BJJMGY5,US35137L2043,11.61,10.6,14.23,17.73,11.1,1.15,1.87,"21,097",0.04,11/04/2024,1.13,1.13,1.45,1.05,BJJMGY5,FOX.OQ,Fox Corp,Communication Services,Media & Entertainment,Broadcasting,21925688713.60,46.08,-1.18,-1.79,-1.14,3.02,18.76,44.93,69.49,69.49,572948.83,15.91,11.93,11.67,16.53,1.69,0.07,0.00,0.13,18.74,1.17,NULL,NULL,3.95,"Fox Corporation is a news, sports and entertainment company. Its segments include Cable Network Programming, Television, Credible and the FOX Studio Lot. Cable Network Programming produces and licenses news and sports content distributed through traditional cable television systems, direct broadcast satellite operators and telecommunication companies (traditional MVPDs), virtual multi-channel video programming distributors (virtual MVPDs) and other digital platforms, in the United States. Television segment produces, acquires, markets and distributes programming through the FOX broadcast network, advertising supported video-on-demand service Tubi, 29 full power broadcast television stations, including 11 duopolies, and other digital platforms, in the United States. Credible is a United States consumer finance marketplace. The FOX Studio Lot provides television and film production services along with office space, studio operation services and includes all operations of the facility."
FMC Corporation,FMC,Materials,Materials,0.01,2328603,US3024913036,10.63,3.2,36.39,18.67,14.4,4.79,1.31,"6,048",0.07,10/30/2024,0.57,0.57,0.69,4.48,2328603,FMC.N,FMC Corp,Materials,Materials,Fertilizers & Agricultural Chemicals,6118191873.82,48.45,-1.14,-1.38,-2.59,-18.01,-26.52,-15.07,-20.97,-20.97,499444.30,9.58,3.98,10.72,6.56,1.28,0.01,0.00,0.26,33.72,4.79,5.05,11.27,4.52,"FMC Corporation is an agricultural sciences company. It is engaged in providing solutions to growers with a product in crop protection, and crop enhancement. It develops, markets, and sells all three classes of crop protection chemicals (insecticides, herbicides, and fungicides) and biologicals, crop nutrition, and seed treatment products, which is grouped as plant health. Its insecticides are used to control a range of pests, while its herbicide portfolio primarily targets a variety of difficult-to-control weeds. Its product portfolio features two diamide-class molecules, namely Rynaxypyr (chlorantraniliprole) and Cyazypyr (cyantraniliprole) actives. Cyazypyr active contains brands, under the trademarks Verimark, Benevia, and Exire. Fungicides are used for the protection of crops, including cereals, fruits, and vegetables from fungal disease. Herbicides are used for the protection of crops, including cotton, sugarcane, rice, corn, and soybeans."
News Corporation Class B,NWS,Communication Services,Media & Entertainment,0.01,BBGVT51,US65249B2088,33.52,19.0,3.29,8.04,36.8,0.66,2.09,"17,266",0.02,11/08/2024,0.17,0.17,0.21,1.93,BBGVT51,NWS.OQ,News Corp,Communication Services,Media & Entertainment,Publishing,16370957792.63,30.33,-1.46,-2.48,-2.22,-5.48,8.52,7.23,18.79,18.79,338570.90,6.50,44.33,31.59,33.54,NaN,0.05,0.00,1.25,20.21,0.66,NULL,NULL,0.96,"News Corporation is a diversified media and information services company. Its segments include Digital Real Estate Services, which include property and property-related advertising and services, including the sale of real estate listing and lead generation products and referral-based services to brokers, and homebuilders and landlords; Subscription Video Services, which provides sports, entertainment and news services to pay-television and streaming subscribers and other commercial licensees; Dow Jones, which consists of Dow Jones, a global provider of news and business information, which distributes its content and data through a variety of media channels, including newspapers, newswires and mobile apps; Book Publishing, which consists of HarperCollins, a publisher in the world, with operations in 15 countries, and The News Media, which consists of News Corp Australia, News UK and the New York Post and includes, among other publications, The Australian and The Daily Telegraph."
,,,,,,,,,,,,,,,,,,,,,,,,,,,,,,,,,,,,,,,,,,,,,,,,,,,
Portfolio Holdings As Of Date:,S&P 500 30-DEC-2024,,,,,,,,,,,,,,,,,,,,,,,,,,,,,,,,,,,,,,,,,,,,,,,,,,
Adv. Universe Options:,Portfolio AUO's : Derivatives > Futures > Apply Special Returns for Futures|Other > Contract for Difference > Apply Special Returns for CFDs,,,,,,,,,,,,,,,,,,,,,,,,,,,,,,,,,,,,,,,,,,,,,,,,,,
Asset Level:,Directly Held Assets,,,,,,,,,,,,,,,,,,,,,,,,,,,,,,,,,,,,,,,,,,,,,,,,,,
Portfolio Pricing Sources:,FactSet - Equity|Client Portfolio|FactSet - Options,,,,,,,,,,,,,,,,,,,,,,,,,,,,,,,,,,,,,,,,,,,,,,,,,,
Additional Pricing Options:,Calculate Returns with Missing Accrued Interest,,,,,,,,,,,,,,,,,,,,,,,,,,,,,,,,,,,,,,,,,,,,,,,,,,
Calendar:,Five Day,,,,,,,,,,,,,,,,,,,,,,,,,,,,,,,,,,,,,,,,,,,,,,,,,,
Fundamental DB Sources:,FactSet,,,,,,,,,,,,,,,,,,,,,,,,,,,,,,,,,,,,,,,,,,,,,,,,,,
Estimates DB Sources:,FactSet,,,,,,,,,,,,,,,,,,,,,,,,,,,,,,,,,,,,,,,,,,,,,,,,,,
Portfolio Analytics Sources:,FactSet - Equity|Client Portfolio|FactSet - Options,,,,,,,,,,,,,,,,,,,,,,,,,,,,,,,,,,,,,,,,,,,,,,,,,,
,,,,,,,,,,,,,,,,,,,,,,,,,,,,,,,,,,,,,,,,,,,,,,,,,,,
,,,,,,,,,,,,,,,,,,,,,,,,,,,,,,,,,,,,,,,,,,,,,,,,,,,
,,,,,,,,,,,,,,,,,,,,,,,,,,,,,,,,,,,,,,,,,,,,,,,,,,,
,,,,,,,,,,,,,,,,,,,,,,,,,,,,,,,,,,,,,,,,,,,,,,,,,,,
,,,,,,,,,,,,,,,,,,,,,,,,,,,,,,,,,,,,,,,,,,,,,,,,,,,
,,,,,,,,,,,,,,,,,,,,,,,,,,,,,,,,,,,,,,,,,,,,,,,,,,,
,,,,,,,,,,,,,,,,,,,,,,,,,,,,,,,,,,,,,,,,,,,,,,,,,,,
,,,,,,,,,,,,,,,,,,,,,,,,,,,,,,,,,,,,,,,,,,,,,,,,,,,
,,,,,,,,,,,,,,,,,,,,,,,,,,,,,,,,,,,,,,,,,,,,,,,,,,,
,,,,,,,,,,,,,,,,,,,,,,,,,,,,,,,,,,,,,,,,,,,,,,,,,,,
,,,,,,,,,,,,,,,,,,,,,,,,,,,,,,,,,,,,,,,,,,,,,,,,,,,
,,,,,,,,,,,,,,,,,,,,,,,,,,,,,,,,,,,,,,,,,,,,,,,,,,,
,,,,,,,,,,,,,,,,,,,,,,,,,,,,,,,,,,,,,,,,,,,,,,,,,,,
,,,,,,,,,,,,,,,,,,,,,,,,,,,,,,,,,,,,,,,,,,,,,,,,,,,
,,,,,,,,,,,,,,,,,,,,,,,,,,,,,,,,,,,,,,,,,,,,,,,,,,,
,,,,,,,,,,,,,,,,,,,,,,,,,,,,,,,,,,,,,,,,,,,,,,,,,,,
,,,,,,,,,,,,,,,,,,,,,,,,,,,,,,,,,,,,,,,,,,,,,,,,,,,
,,,,,,,,,,,,,,,,,,,,,,,,,,,,,,,,,,,,,,,,,,,,,,,,,,,
,,,,,,,,,,,,,,,,,,,,,,,,,,,,,,,,,,,,,,,,,,,,,,,,,,,
,,,,,,,,,,,,,,,,,,,,,,,,,,,,,,,,,,,,,,,,,,,,,,,,,,,
,,,,,,,,,,,,,,,,,,,,,,,,,,,,,,,,,,,,,,,,,,,,,,,,,,,
,,,,,,,,,,,,,,,,,,,,,,,,,,,,,,,,,,,,,,,,,,,,,,,,,,,
,,,,,,,,,,,,,,,,,,,,,,,,,,,,,,,,,,,,,,,,,,,,,,,,,,,
,,,,,,,,,,,,,,,,,,,,,,,,,,,,,,,,,,,,,,,,,,,,,,,,,,,
,,,,,,,,,,,,,,,,,,,,,,,,,,,,,,,,,,,,,,,,,,,,,,,,,,,
,,,,,,,,,,,,,,,,,,,,,,,,,,,,,,,,,,,,,,,,,,,,,,,,,,,
,,,,,,,,,,,,,,,,,,,,,,,,,,,,,,,,,,,,,,,,,,,,,,,,,,,
,,,,,,,,,,,,,,,,,,,,,,,,,,,,,,,,,,,,,,,,,,,,,,,,,,,
,,,,,,,,,,,,,,,,,,,,,,,,,,,,,,,,,,,,,,,,,,,,,,,,,,,
,,,,,,,,,,,,,,,,,,,,,,,,,,,,,,,,,,,,,,,,,,,,,,,,,,,
,,,,,,,,,,,,,,,,,,,,,,,,,,,,,,,,,,,,,,,,,,,,,,,,,,,
,,,,,,,,,,,,,,,,,,,,,,,,,,,,,,,,,,,,,,,,,,,,,,,,,,,
,,,,,,,,,,,,,,,,,,,,,,,,,,,,,,,,,,,,,,,,,,,,,,,,,,,
,,,,,,,,,,,,,,,,,,,,,,,,,,,,,,,,,,,,,,,,,,,,,,,,,,,
,,,,,,,,,,,,,,,,,,,,,,,,,,,,,,,,,,,,,,,,,,,,,,,,,,,
,,,,,,,,,,,,,,,,,,,,,,,,,,,,,,,,,,,,,,,,,,,,,,,,,,,
,,,,,,,,,,,,,,,,,,,,,,,,,,,,,,,,,,,,,,,,,,,,,,,,,,,
,,,,,,,,,,,,,,,,,,,,,,,,,,,,,,,,,,,,,,,,,,,,,,,,,,,
,,,,,,,,,,,,,,,,,,,,,,,,,,,,,,,,,,,,,,,,,,,,,,,,,,,
,,,,,,,,,,,,,,,,,,,,,,,,,,,,,,,,,,,,,,,,,,,,,,,,,,,
,,,,,,,,,,,,,,,,,,,,,,,,,,,,,,,,,,,,,,,,,,,,,,,,,,,
,,,,,,,,,,,,,,,,,,,,,,,,,,,,,,,,,,,,,,,,,,,,,,,,,,,
,,,,,,,,,,,,,,,,,,,,,,,,,,,,,,,,,,,,,,,,,,,,,,,,,,,
,,,,,,,,,,,,,,,,,,,,,,,,,,,,,,,,,,,,,,,,,,,,,,,,,,,
,,,,,,,,,,,,,,,,,,,,,,,,,,,,,,,,,,,,,,,,,,,,,,,,,,,
,,,,,,,,,,,,,,,,,,,,,,,,,,,,,,,,,,,,,,,,,,,,,,,,,,,
,,,,,,,,,,,,,,,,,,,,,,,,,,,,,,,,,,,,,,,,,,,,,,,,,,,
,,,,,,,,,,,,,,,,,,,,,,,,,,,,,,,,,,,,,,,,,,,,,,,,,,,
,,,,,,,,,,,,,,,,,,,,,,,,,,,,,,,,,,,,,,,,,,,,,,,,,,,
,,,,,,,,,,,,,,,,,,,,,,,,,,,,,,,,,,,,,,,,,,,,,,,,,,,
,,,,,,,,,,,,,,,,,,,,,,,,,,,,,,,,,,,,,,,,,,,,,,,,,,,
,,,,,,,,,,,,,,,,,,,,,,,,,,,,,,,,,,,,,,,,,,,,,,,,,,,
,,,,,,,,,,,,,,,,,,,,,,,,,,,,,,,,,,,,,,,,,,,,,,,,,,,
,,,,,,,,,,,,,,,,,,,,,,,,,,,,,,,,,,,,,,,,,,,,,,,,,,,
,,,,,,,,,,,,,,,,,,,,,,,,,,,,,,,,,,,,,,,,,,,,,,,,,,,
,,,,,,,,,,,,,,,,,,,,,,,,,,,,,,,,,,,,,,,,,,,,,,,,,,,
,,,,,,,,,,,,,,,,,,,,,,,,,,,,,,,,,,,,,,,,,,,,,,,,,,,
,,,,,,,,,,,,,,,,,,,,,,,,,,,,,,,,,,,,,,,,,,,,,,,,,,,
,,,,,,,,,,,,,,,,,,,,,,,,,,,,,,,,,,,,,,,,,,,,,,,,,,,
,,,,,,,,,,,,,,,,,,,,,,,,,,,,,,,,,,,,,,,,,,,,,,,,,,,
,,,,,,,,,,,,,,,,,,,,,,,,,,,,,,,,,,,,,,,,,,,,,,,,,,,
,,,,,,,,,,,,,,,,,,,,,,,,,,,,,,,,,,,,,,,,,,,,,,,,,,,
,,,,,,,,,,,,,,,,,,,,,,,,,,,,,,,,,,,,,,,,,,,,,,,,,,,
,,,,,,,,,,,,,,,,,,,,,,,,,,,,,,,,,,,,,,,,,,,,,,,,,,,
,,,,,,,,,,,,,,,,,,,,,,,,,,,,,,,,,,,,,,,,,,,,,,,,,,,
,,,,,,,,,,,,,,,,,,,,,,,,,,,,,,,,,,,,,,,,,,,,,,,,,,,
,,,,,,,,,,,,,,,,,,,,,,,,,,,,,,,,,,,,,,,,,,,,,,,,,,,
,,,,,,,,,,,,,,,,,,,,,,,,,,,,,,,,,,,,,,,,,,,,,,,,,,,
,,,,,,,,,,,,,,,,,,,,,,,,,,,,,,,,,,,,,,,,,,,,,,,,,,,
,,,,,,,,,,,,,,,,,,,,,,,,,,,,,,,,,,,,,,,,,,,,,,,,,,,
,,,,,,,,,,,,,,,,,,,,,,,,,,,,,,,,,,,,,,,,,,,,,,,,,,,
,,,,,,,,,,,,,,,,,,,,,,,,,,,,,,,,,,,,,,,,,,,,,,,,,,,
,,,,,,,,,,,,,,,,,,,,,,,,,,,,,,,,,,,,,,,,,,,,,,,,,,,
,,,,,,,,,,,,,,,,,,,,,,,,,,,,,,,,,,,,,,,,,,,,,,,,,,,
,,,,,,,,,,,,,,,,,,,,,,,,,,,,,,,,,,,,,,,,,,,,,,,,,,,
,,,,,,,,,,,,,,,,,,,,,,,,,,,,,,,,,,,,,,,,,,,,,,,,,,,
,,,,,,,,,,,,,,,,,,,,,,,,,,,,,,,,,,,,,,,,,,,,,,,,,,,
,,,,,,,,,,,,,,,,,,,,,,,,,,,,,,,,,,,,,,,,,,,,,,,,,,,
,,,,,,,,,,,,,,,,,,,,,,,,,,,,,,,,,,,,,,,,,,,,,,,,,,,
,,,,,,,,,,,,,,,,,,,,,,,,,,,,,,,,,,,,,,,,,,,,,,,,,,,
,,,,,,,,,,,,,,,,,,,,,,,,,,,,,,,,,,,,,,,,,,,,,,,,,,,
,,,,,,,,,,,,,,,,,,,,,,,,,,,,,,,,,,,,,,,,,,,,,,,,,,,
,,,,,,,,,,,,,,,,,,,,,,,,,,,,,,,,,,,,,,,,,,,,,,,,,,,
,,,,,,,,,,,,,,,,,,,,,,,,,,,,,,,,,,,,,,,,,,,,,,,,,,,
,,,,,,,,,,,,,,,,,,,,,,,,,,,,,,,,,,,,,,,,,,,,,,,,,,,
,,,,,,,,,,,,,,,,,,,,,,,,,,,,,,,,,,,,,,,,,,,,,,,,,,,
,,,,,,,,,,,,,,,,,,,,,,,,,,,,,,,,,,,,,,,,,,,,,,,,,,,
,,,,,,,,,,,,,,,,,,,,,,,,,,,,,,,,,,,,,,,,,,,,,,,,,,,
,,,,,,,,,,,,,,,,,,,,,,,,,,,,,,,,,,,,,,,,,,,,,,,,,,,
,,,,,,,,,,,,,,,,,,,,,,,,,,,,,,,,,,,,,,,,,,,,,,,,,,,
,,,,,,,,,,,,,,,,,,,,,,,,,,,,,,,,,,,,,,,,,,,,,,,,,,,
,,,,,,,,,,,,,,,,,,,,,,,,,,,,,,,,,,,,,,,,,,,,,,,,,,,
,,,,,,,,,,,,,,,,,,,,,,,,,,,,,,,,,,,,,,,,,,,,,,,,,,,
,,,,,,,,,,,,,,,,,,,,,,,,,,,,,,,,,,,,,,,,,,,,,,,,,,,
,,,,,,,,,,,,,,,,,,,,,,,,,,,,,,,,,,,,,,,,,,,,,,,,,,,
,,,,,,,,,,,,,,,,,,,,,,,,,,,,,,,,,,,,,,,,,,,,,,,,,,,
,,,,,,,,,,,,,,,,,,,,,,,,,,,,,,,,,,,,,,,,,,,,,,,,,,,
,,,,,,,,,,,,,,,,,,,,,,,,,,,,,,,,,,,,,,,,,,,,,,,,,,,
,,,,,,,,,,,,,,,,,,,,,,,,,,,,,,,,,,,,,,,,,,,,,,,,,,,
,,,,,,,,,,,,,,,,,,,,,,,,,,,,,,,,,,,,,,,,,,,,,,,,,,,
,,,,,,,,,,,,,,,,,,,,,,,,,,,,,,,,,,,,,,,,,,,,,,,,,,,
,,,,,,,,,,,,,,,,,,,,,,,,,,,,,,,,,,,,,,,,,,,,,,,,,,,
,,,,,,,,,,,,,,,,,,,,,,,,,,,,,,,,,,,,,,,,,,,,,,,,,,,
,,,,,,,,,,,,,,,,,,,,,,,,,,,,,,,,,,,,,,,,,,,,,,,,,,,
,,,,,,,,,,,,,,,,,,,,,,,,,,,,,,,,,,,,,,,,,,,,,,,,,,,
,,,,,,,,,,,,,,,,,,,,,,,,,,,,,,,,,,,,,,,,,,,,,,,,,,,
,,,,,,,,,,,,,,,,,,,,,,,,,,,,,,,,,,,,,,,,,,,,,,,,,,,
,,,,,,,,,,,,,,,,,,,,,,,,,,,,,,,,,,,,,,,,,,,,,,,,,,,
,,,,,,,,,,,,,,,,,,,,,,,,,,,,,,,,,,,,,,,,,,,,,,,,,,,
,,,,,,,,,,,,,,,,,,,,,,,,,,,,,,,,,,,,,,,,,,,,,,,,,,,
,,,,,,,,,,,,,,,,,,,,,,,,,,,,,,,,,,,,,,,,,,,,,,,,,,,
,,,,,,,,,,,,,,,,,,,,,,,,,,,,,,,,,,,,,,,,,,,,,,,,,,,
,,,,,,,,,,,,,,,,,,,,,,,,,,,,,,,,,,,,,,,,,,,,,,,,,,,
,,,,,,,,,,,,,,,,,,,,,,,,,,,,,,,,,,,,,,,,,,,,,,,,,,,
,,,,,,,,,,,,,,,,,,,,,,,,,,,,,,,,,,,,,,,,,,,,,,,,,,,
,,,,,,,,,,,,,,,,,,,,,,,,,,,,,,,,,,,,,,,,,,,,,,,,,,,
,,,,,,,,,,,,,,,,,,,,,,,,,,,,,,,,,,,,,,,,,,,,,,,,,,,
,,,,,,,,,,,,,,,,,,,,,,,,,,,,,,,,,,,,,,,,,,,,,,,,,,,
,,,,,,,,,,,,,,,,,,,,,,,,,,,,,,,,,,,,,,,,,,,,,,,,,,,
,,,,,,,,,,,,,,,,,,,,,,,,,,,,,,,,,,,,,,,,,,,,,,,,,,,
,,,,,,,,,,,,,,,,,,,,,,,,,,,,,,,,,,,,,,,,,,,,,,,,,,,
,,,,,,,,,,,,,,,,,,,,,,,,,,,,,,,,,,,,,,,,,,,,,,,,,,,
,,,,,,,,,,,,,,,,,,,,,,,,,,,,,,,,,,,,,,,,,,,,,,,,,,,
,,,,,,,,,,,,,,,,,,,,,,,,,,,,,,,,,,,,,,,,,,,,,,,,,,,
,,,,,,,,,,,,,,,,,,,,,,,,,,,,,,,,,,,,,,,,,,,,,,,,,,,
,,,,,,,,,,,,,,,,,,,,,,,,,,,,,,,,,,,,,,,,,,,,,,,,,,,
,,,,,,,,,,,,,,,,,,,,,,,,,,,,,,,,,,,,,,,,,,,,,,,,,,,
,,,,,,,,,,,,,,,,,,,,,,,,,,,,,,,,,,,,,,,,,,,,,,,,,,,
,,,,,,,,,,,,,,,,,,,,,,,,,,,,,,,,,,,,,,,,,,,,,,,,,,,
,,,,,,,,,,,,,,,,,,,,,,,,,,,,,,,,,,,,,,,,,,,,,,,,,,,
,,,,,,,,,,,,,,,,,,,,,,,,,,,,,,,,,,,,,,,,,,,,,,,,,,,
,,,,,,,,,,,,,,,,,,,,,,,,,,,,,,,,,,,,,,,,,,,,,,,,,,,
,,,,,,,,,,,,,,,,,,,,,,,,,,,,,,,,,,,,,,,,,,,,,,,,,,,
,,,,,,,,,,,,,,,,,,,,,,,,,,,,,,,,,,,,,,,,,,,,,,,,,,,
,,,,,,,,,,,,,,,,,,,,,,,,,,,,,,,,,,,,,,,,,,,,,,,,,,,
,,,,,,,,,,,,,,,,,,,,,,,,,,,,,,,,,,,,,,,,,,,,,,,,,,,
,,,,,,,,,,,,,,,,,,,,,,,,,,,,,,,,,,,,,,,,,,,,,,,,,,,
,,,,,,,,,,,,,,,,,,,,,,,,,,,,,,,,,,,,,,,,,,,,,,,,,,,
,,,,,,,,,,,,,,,,,,,,,,,,,,,,,,,,,,,,,,,,,,,,,,,,,,,
,,,,,,,,,,,,,,,,,,,,,,,,,,,,,,,,,,,,,,,,,,,,,,,,,,,
,,,,,,,,,,,,,,,,,,,,,,,,,,,,,,,,,,,,,,,,,,,,,,,,,,,
,,,,,,,,,,,,,,,,,,,,,,,,,,,,,,,,,,,,,,,,,,,,,,,,,,,
,,,,,,,,,,,,,,,,,,,,,,,,,,,,,,,,,,,,,,,,,,,,,,,,,,,
,,,,,,,,,,,,,,,,,,,,,,,,,,,,,,,,,,,,,,,,,,,,,,,,,,,
,,,,,,,,,,,,,,,,,,,,,,,,,,,,,,,,,,,,,,,,,,,,,,,,,,,
,,,,,,,,,,,,,,,,,,,,,,,,,,,,,,,,,,,,,,,,,,,,,,,,,,,
,,,,,,,,,,,,,,,,,,,,,,,,,,,,,,,,,,,,,,,,,,,,,,,,,,,
,,,,,,,,,,,,,,,,,,,,,,,,,,,,,,,,,,,,,,,,,,,,,,,,,,,
,,,,,,,,,,,,,,,,,,,,,,,,,,,,,,,,,,,,,,,,,,,,,,,,,,,
,,,,,,,,,,,,,,,,,,,,,,,,,,,,,,,,,,,,,,,,,,,,,,,,,,,
,,,,,,,,,,,,,,,,,,,,,,,,,,,,,,,,,,,,,,,,,,,,,,,,,,,
,,,,,,,,,,,,,,,,,,,,,,,,,,,,,,,,,,,,,,,,,,,,,,,,,,,
,,,,,,,,,,,,,,,,,,,,,,,,,,,,,,,,,,,,,,,,,,,,,,,,,,,
,,,,,,,,,,,,,,,,,,,,,,,,,,,,,,,,,,,,,,,,,,,,,,,,,,,
,,,,,,,,,,,,,,,,,,,,,,,,,,,,,,,,,,,,,,,,,,,,,,,,,,,
,,,,,,,,,,,,,,,,,,,,,,,,,,,,,,,,,,,,,,,,,,,,,,,,,,,
,,,,,,,,,,,,,,,,,,,,,,,,,,,,,,,,,,,,,,,,,,,,,,,,,,,
,,,,,,,,,,,,,,,,,,,,,,,,,,,,,,,,,,,,,,,,,,,,,,,,,,,
,,,,,,,,,,,,,,,,,,,,,,,,,,,,,,,,,,,,,,,,,,,,,,,,,,,
,,,,,,,,,,,,,,,,,,,,,,,,,,,,,,,,,,,,,,,,,,,,,,,,,,,
,,,,,,,,,,,,,,,,,,,,,,,,,,,,,,,,,,,,,,,,,,,,,,,,,,,
,,,,,,,,,,,,,,,,,,,,,,,,,,,,,,,,,,,,,,,,,,,,,,,,,,,
,,,,,,,,,,,,,,,,,,,,,,,,,,,,,,,,,,,,,,,,,,,,,,,,,,,
,,,,,,,,,,,,,,,,,,,,,,,,,,,,,,,,,,,,,,,,,,,,,,,,,,,
,,,,,,,,,,,,,,,,,,,,,,,,,,,,,,,,,,,,,,,,,,,,,,,,,,,
,,,,,,,,,,,,,,,,,,,,,,,,,,,,,,,,,,,,,,,,,,,,,,,,,,,
,,,,,,,,,,,,,,,,,,,,,,,,,,,,,,,,,,,,,,,,,,,,,,,,,,,
,,,,,,,,,,,,,,,,,,,,,,,,,,,,,,,,,,,,,,,,,,,,,,,,,,,
,,,,,,,,,,,,,,,,,,,,,,,,,,,,,,,,,,,,,,,,,,,,,,,,,,,
,,,,,,,,,,,,,,,,,,,,,,,,,,,,,,,,,,,,,,,,,,,,,,,,,,,
,,,,,,,,,,,,,,,,,,,,,,,,,,,,,,,,,,,,,,,,,,,,,,,,,,,
,,,,,,,,,,,,,,,,,,,,,,,,,,,,,,,,,,,,,,,,,,,,,,,,,,,
,,,,,,,,,,,,,,,,,,,,,,,,,,,,,,,,,,,,,,,,,,,,,,,,,,,
,,,,,,,,,,,,,,,,,,,,,,,,,,,,,,,,,,,,,,,,,,,,,,,,,,,
,,,,,,,,,,,,,,,,,,,,,,,,,,,,,,,,,,,,,,,,,,,,,,,,,,,
,,,,,,,,,,,,,,,,,,,,,,,,,,,,,,,,,,,,,,,,,,,,,,,,,,,
,,,,,,,,,,,,,,,,,,,,,,,,,,,,,,,,,,,,,,,,,,,,,,,,,,,
,,,,,,,,,,,,,,,,,,,,,,,,,,,,,,,,,,,,,,,,,,,,,,,,,,,
,,,,,,,,,,,,,,,,,,,,,,,,,,,,,,,,,,,,,,,,,,,,,,,,,,,
,,,,,,,,,,,,,,,,,,,,,,,,,,,,,,,,,,,,,,,,,,,,,,,,,,,
,,,,,,,,,,,,,,,,,,,,,,,,,,,,,,,,,,,,,,,,,,,,,,,,,,,
,,,,,,,,,,,,,,,,,,,,,,,,,,,,,,,,,,,,,,,,,,,,,,,,,,,
,,,,,,,,,,,,,,,,,,,,,,,,,,,,,,,,,,,,,,,,,,,,,,,,,,,
,,,,,,,,,,,,,,,,,,,,,,,,,,,,,,,,,,,,,,,,,,,,,,,,,,,
,,,,,,,,,,,,,,,,,,,,,,,,,,,,,,,,,,,,,,,,,,,,,,,,,,,
,,,,,,,,,,,,,,,,,,,,,,,,,,,,,,,,,,,,,,,,,,,,,,,,,,,
,,,,,,,,,,,,,,,,,,,,,,,,,,,,,,,,,,,,,,,,,,,,,,,,,,,
,,,,,,,,,,,,,,,,,,,,,,,,,,,,,,,,,,,,,,,,,,,,,,,,,,,
,,,,,,,,,,,,,,,,,,,,,,,,,,,,,,,,,,,,,,,,,,,,,,,,,,,
,,,,,,,,,,,,,,,,,,,,,,,,,,,,,,,,,,,,,,,,,,,,,,,,,,,
,,,,,,,,,,,,,,,,,,,,,,,,,,,,,,,,,,,,,,,,,,,,,,,,,,,
,,,,,,,,,,,,,,,,,,,,,,,,,,,,,,,,,,,,,,,,,,,,,,,,,,,
,,,,,,,,,,,,,,,,,,,,,,,,,,,,,,,,,,,,,,,,,,,,,,,,,,,
,,,,,,,,,,,,,,,,,,,,,,,,,,,,,,,,,,,,,,,,,,,,,,,,,,,
,,,,,,,,,,,,,,,,,,,,,,,,,,,,,,,,,,,,,,,,,,,,,,,,,,,
,,,,,,,,,,,,,,,,,,,,,,,,,,,,,,,,,,,,,,,,,,,,,,,,,,,
,,,,,,,,,,,,,,,,,,,,,,,,,,,,,,,,,,,,,,,,,,,,,,,,,,,
,,,,,,,,,,,,,,,,,,,,,,,,,,,,,,,,,,,,,,,,,,,,,,,,,,,
,,,,,,,,,,,,,,,,,,,,,,,,,,,,,,,,,,,,,,,,,,,,,,,,,,,
,,,,,,,,,,,,,,,,,,,,,,,,,,,,,,,,,,,,,,,,,,,,,,,,,,,
,,,,,,,,,,,,,,,,,,,,,,,,,,,,,,,,,,,,,,,,,,,,,,,,,,,
,,,,,,,,,,,,,,,,,,,,,,,,,,,,,,,,,,,,,,,,,,,,,,,,,,,
,,,,,,,,,,,,,,,,,,,,,,,,,,,,,,,,,,,,,,,,,,,,,,,,,,,
,,,,,,,,,,,,,,,,,,,,,,,,,,,,,,,,,,,,,,,,,,,,,,,,,,,
,,,,,,,,,,,,,,,,,,,,,,,,,,,,,,,,,,,,,,,,,,,,,,,,,,,
,,,,,,,,,,,,,,,,,,,,,,,,,,,,,,,,,,,,,,,,,,,,,,,,,,,
,,,,,,,,,,,,,,,,,,,,,,,,,,,,,,,,,,,,,,,,,,,,,,,,,,,
,,,,,,,,,,,,,,,,,,,,,,,,,,,,,,,,,,,,,,,,,,,,,,,,,,,
,,,,,,,,,,,,,,,,,,,,,,,,,,,,,,,,,,,,,,,,,,,,,,,,,,,
,,,,,,,,,,,,,,,,,,,,,,,,,,,,,,,,,,,,,,,,,,,,,,,,,,,
,,,,,,,,,,,,,,,,,,,,,,,,,,,,,,,,,,,,,,,,,,,,,,,,,,,
,,,,,,,,,,,,,,,,,,,,,,,,,,,,,,,,,,,,,,,,,,,,,,,,,,,
,,,,,,,,,,,,,,,,,,,,,,,,,,,,,,,,,,,,,,,,,,,,,,,,,,,
,,,,,,,,,,,,,,,,,,,,,,,,,,,,,,,,,,,,,,,,,,,,,,,,,,,
,,,,,,,,,,,,,,,,,,,,,,,,,,,,,,,,,,,,,,,,,,,,,,,,,,,
,,,,,,,,,,,,,,,,,,,,,,,,,,,,,,,,,,,,,,,,,,,,,,,,,,,
,,,,,,,,,,,,,,,,,,,,,,,,,,,,,,,,,,,,,,,,,,,,,,,,,,,
,,,,,,,,,,,,,,,,,,,,,,,,,,,,,,,,,,,,,,,,,,,,,,,,,,,
,,,,,,,,,,,,,,,,,,,,,,,,,,,,,,,,,,,,,,,,,,,,,,,,,,,
,,,,,,,,,,,,,,,,,,,,,,,,,,,,,,,,,,,,,,,,,,,,,,,,,,,
,,,,,,,,,,,,,,,,,,,,,,,,,,,,,,,,,,,,,,,,,,,,,,,,,,,
,,,,,,,,,,,,,,,,,,,,,,,,,,,,,,,,,,,,,,,,,,,,,,,,,,,
,,,,,,,,,,,,,,,,,,,,,,,,,,,,,,,,,,,,,,,,,,,,,,,,,,,
,,,,,,,,,,,,,,,,,,,,,,,,,,,,,,,,,,,,,,,,,,,,,,,,,,,
,,,,,,,,,,,,,,,,,,,,,,,,,,,,,,,,,,,,,,,,,,,,,,,,,,,
,,,,,,,,,,,,,,,,,,,,,,,,,,,,,,,,,,,,,,,,,,,,,,,,,,,
,,,,,,,,,,,,,,,,,,,,,,,,,,,,,,,,,,,,,,,,,,,,,,,,,,,
,,,,,,,,,,,,,,,,,,,,,,,,,,,,,,,,,,,,,,,,,,,,,,,,,,,
,,,,,,,,,,,,,,,,,,,,,,,,,,,,,,,,,,,,,,,,,,,,,,,,,,,
,,,,,,,,,,,,,,,,,,,,,,,,,,,,,,,,,,,,,,,,,,,,,,,,,,,
,,,,,,,,,,,,,,,,,,,,,,,,,,,,,,,,,,,,,,,,,,,,,,,,,,,
,,,,,,,,,,,,,,,,,,,,,,,,,,,,,,,,,,,,,,,,,,,,,,,,,,,
,,,,,,,,,,,,,,,,,,,,,,,,,,,,,,,,,,,,,,,,,,,,,,,,,,,
,,,,,,,,,,,,,,,,,,,,,,,,,,,,,,,,,,,,,,,,,,,,,,,,,,,
,,,,,,,,,,,,,,,,,,,,,,,,,,,,,,,,,,,,,,,,,,,,,,,,,,,
,,,,,,,,,,,,,,,,,,,,,,,,,,,,,,,,,,,,,,,,,,,,,,,,,,,
,,,,,,,,,,,,,,,,,,,,,,,,,,,,,,,,,,,,,,,,,,,,,,,,,,,
,,,,,,,,,,,,,,,,,,,,,,,,,,,,,,,,,,,,,,,,,,,,,,,,,,,
,,,,,,,,,,,,,,,,,,,,,,,,,,,,,,,,,,,,,,,,,,,,,,,,,,,
,,,,,,,,,,,,,,,,,,,,,,,,,,,,,,,,,,,,,,,,,,,,,,,,,,,
,,,,,,,,,,,,,,,,,,,,,,,,,,,,,,,,,,,,,,,,,,,,,,,,,,,
,,,,,,,,,,,,,,,,,,,,,,,,,,,,,,,,,,,,,,,,,,,,,,,,,,,
,,,,,,,,,,,,,,,,,,,,,,,,,,,,,,,,,,,,,,,,,,,,,,,,,,,
,,,,,,,,,,,,,,,,,,,,,,,,,,,,,,,,,,,,,,,,,,,,,,,,,,,
,,,,,,,,,,,,,,,,,,,,,,,,,,,,,,,,,,,,,,,,,,,,,,,,,,,
,,,,,,,,,,,,,,,,,,,,,,,,,,,,,,,,,,,,,,,,,,,,,,,,,,,
,,,,,,,,,,,,,,,,,,,,,,,,,,,,,,,,,,,,,,,,,,,,,,,,,,,
,,,,,,,,,,,,,,,,,,,,,,,,,,,,,,,,,,,,,,,,,,,,,,,,,,,
,,,,,,,,,,,,,,,,,,,,,,,,,,,,,,,,,,,,,,,,,,,,,,,,,,,
,,,,,,,,,,,,,,,,,,,,,,,,,,,,,,,,,,,,,,,,,,,,,,,,,,,
,,,,,,,,,,,,,,,,,,,,,,,,,,,,,,,,,,,,,,,,,,,,,,,,,,,
,,,,,,,,,,,,,,,,,,,,,,,,,,,,,,,,,,,,,,,,,,,,,,,,,,,
,,,,,,,,,,,,,,,,,,,,,,,,,,,,,,,,,,,,,,,,,,,,,,,,,,,
,,,,,,,,,,,,,,,,,,,,,,,,,,,,,,,,,,,,,,,,,,,,,,,,,,,
,,,,,,,,,,,,,,,,,,,,,,,,,,,,,,,,,,,,,,,,,,,,,,,,,,,
,,,,,,,,,,,,,,,,,,,,,,,,,,,,,,,,,,,,,,,,,,,,,,,,,,,
,,,,,,,,,,,,,,,,,,,,,,,,,,,,,,,,,,,,,,,,,,,,,,,,,,,
,,,,,,,,,,,,,,,,,,,,,,,,,,,,,,,,,,,,,,,,,,,,,,,,,,,
,,,,,,,,,,,,,,,,,,,,,,,,,,,,,,,,,,,,,,,,,,,,,,,,,,,
,,,,,,,,,,,,,,,,,,,,,,,,,,,,,,,,,,,,,,,,,,,,,,,,,,,
,,,,,,,,,,,,,,,,,,,,,,,,,,,,,,,,,,,,,,,,,,,,,,,,,,,
,,,,,,,,,,,,,,,,,,,,,,,,,,,,,,,,,,,,,,,,,,,,,,,,,,,
,,,,,,,,,,,,,,,,,,,,,,,,,,,,,,,,,,,,,,,,,,,,,,,,,,,
,,,,,,,,,,,,,,,,,,,,,,,,,,,,,,,,,,,,,,,,,,,,,,,,,,,
,,,,,,,,,,,,,,,,,,,,,,,,,,,,,,,,,,,,,,,,,,,,,,,,,,,
,,,,,,,,,,,,,,,,,,,,,,,,,,,,,,,,,,,,,,,,,,,,,,,,,,,
,,,,,,,,,,,,,,,,,,,,,,,,,,,,,,,,,,,,,,,,,,,,,,,,,,,
,,,,,,,,,,,,,,,,,,,,,,,,,,,,,,,,,,,,,,,,,,,,,,,,,,,
,,,,,,,,,,,,,,,,,,,,,,,,,,,,,,,,,,,,,,,,,,,,,,,,,,,
,,,,,,,,,,,,,,,,,,,,,,,,,,,,,,,,,,,,,,,,,,,,,,,,,,,
,,,,,,,,,,,,,,,,,,,,,,,,,,,,,,,,,,,,,,,,,,,,,,,,,,,
,,,,,,,,,,,,,,,,,,,,,,,,,,,,,,,,,,,,,,,,,,,,,,,,,,,
,,,,,,,,,,,,,,,,,,,,,,,,,,,,,,,,,,,,,,,,,,,,,,,,,,,
,,,,,,,,,,,,,,,,,,,,,,,,,,,,,,,,,,,,,,,,,,,,,,,,,,,
,,,,,,,,,,,,,,,,,,,,,,,,,,,,,,,,,,,,,,,,,,,,,,,,,,,
,,,,,,,,,,,,,,,,,,,,,,,,,,,,,,,,,,,,,,,,,,,,,,,,,,,
,,,,,,,,,,,,,,,,,,,,,,,,,,,,,,,,,,,,,,,,,,,,,,,,,,,
,,,,,,,,,,,,,,,,,,,,,,,,,,,,,,,,,,,,,,,,,,,,,,,,,,,
,,,,,,,,,,,,,,,,,,,,,,,,,,,,,,,,,,,,,,,,,,,,,,,,,,,
,,,,,,,,,,,,,,,,,,,,,,,,,,,,,,,,,,,,,,,,,,,,,,,,,,,
,,,,,,,,,,,,,,,,,,,,,,,,,,,,,,,,,,,,,,,,,,,,,,,,,,,
,,,,,,,,,,,,,,,,,,,,,,,,,,,,,,,,,,,,,,,,,,,,,,,,,,,
,,,,,,,,,,,,,,,,,,,,,,,,,,,,,,,,,,,,,,,,,,,,,,,,,,,
,,,,,,,,,,,,,,,,,,,,,,,,,,,,,,,,,,,,,,,,,,,,,,,,,,,
,,,,,,,,,,,,,,,,,,,,,,,,,,,,,,,,,,,,,,,,,,,,,,,,,,,
,,,,,,,,,,,,,,,,,,,,,,,,,,,,,,,,,,,,,,,,,,,,,,,,,,,
,,,,,,,,,,,,,,,,,,,,,,,,,,,,,,,,,,,,,,,,,,,,,,,,,,,
,,,,,,,,,,,,,,,,,,,,,,,,,,,,,,,,,,,,,,,,,,,,,,,,,,,
,,,,,,,,,,,,,,,,,,,,,,,,,,,,,,,,,,,,,,,,,,,,,,,,,,,
,,,,,,,,,,,,,,,,,,,,,,,,,,,,,,,,,,,,,,,,,,,,,,,,,,,
,,,,,,,,,,,,,,,,,,,,,,,,,,,,,,,,,,,,,,,,,,,,,,,,,,,
,,,,,,,,,,,,,,,,,,,,,,,,,,,,,,,,,,,,,,,,,,,,,,,,,,,
,,,,,,,,,,,,,,,,,,,,,,,,,,,,,,,,,,,,,,,,,,,,,,,,,,,
,,,,,,,,,,,,,,,,,,,,,,,,,,,,,,,,,,,,,,,,,,,,,,,,,,,
,,,,,,,,,,,,,,,,,,,,,,,,,,,,,,,,,,,,,,,,,,,,,,,,,,,
,,,,,,,,,,,,,,,,,,,,,,,,,,,,,,,,,,,,,,,,,,,,,,,,,,,
,,,,,,,,,,,,,,,,,,,,,,,,,,,,,,,,,,,,,,,,,,,,,,,,,,,
,,,,,,,,,,,,,,,,,,,,,,,,,,,,,,,,,,,,,,,,,,,,,,,,,,,
,,,,,,,,,,,,,,,,,,,,,,,,,,,,,,,,,,,,,,,,,,,,,,,,,,,
,,,,,,,,,,,,,,,,,,,,,,,,,,,,,,,,,,,,,,,,,,,,,,,,,,,
,,,,,,,,,,,,,,,,,,,,,,,,,,,,,,,,,,,,,,,,,,,,,,,,,,,
,,,,,,,,,,,,,,,,,,,,,,,,,,,,,,,,,,,,,,,,,,,,,,,,,,,
,,,,,,,,,,,,,,,,,,,,,,,,,,,,,,,,,,,,,,,,,,,,,,,,,,,
,,,,,,,,,,,,,,,,,,,,,,,,,,,,,,,,,,,,,,,,,,,,,,,,,,,
,,,,,,,,,,,,,,,,,,,,,,,,,,,,,,,,,,,,,,,,,,,,,,,,,,,
,,,,,,,,,,,,,,,,,,,,,,,,,,,,,,,,,,,,,,,,,,,,,,,,,,,
,,,,,,,,,,,,,,,,,,,,,,,,,,,,,,,,,,,,,,,,,,,,,,,,,,,
,,,,,,,,,,,,,,,,,,,,,,,,,,,,,,,,,,,,,,,,,,,,,,,,,,,
,,,,,,,,,,,,,,,,,,,,,,,,,,,,,,,,,,,,,,,,,,,,,,,,,,,
,,,,,,,,,,,,,,,,,,,,,,,,,,,,,,,,,,,,,,,,,,,,,,,,,,,
,,,,,,,,,,,,,,,,,,,,,,,,,,,,,,,,,,,,,,,,,,,,,,,,,,,
,,,,,,,,,,,,,,,,,,,,,,,,,,,,,,,,,,,,,,,,,,,,,,,,,,,
,,,,,,,,,,,,,,,,,,,,,,,,,,,,,,,,,,,,,,,,,,,,,,,,,,,
,,,,,,,,,,,,,,,,,,,,,,,,,,,,,,,,,,,,,,,,,,,,,,,,,,,
,,,,,,,,,,,,,,,,,,,,,,,,,,,,,,,,,,,,,,,,,,,,,,,,,,,
,,,,,,,,,,,,,,,,,,,,,,,,,,,,,,,,,,,,,,,,,,,,,,,,,,,
,,,,,,,,,,,,,,,,,,,,,,,,,,,,,,,,,,,,,,,,,,,,,,,,,,,
,,,,,,,,,,,,,,,,,,,,,,,,,,,,,,,,,,,,,,,,,,,,,,,,,,,
,,,,,,,,,,,,,,,,,,,,,,,,,,,,,,,,,,,,,,,,,,,,,,,,,,,
,,,,,,,,,,,,,,,,,,,,,,,,,,,,,,,,,,,,,,,,,,,,,,,,,,,
,,,,,,,,,,,,,,,,,,,,,,,,,,,,,,,,,,,,,,,,,,,,,,,,,,,
,,,,,,,,,,,,,,,,,,,,,,,,,,,,,,,,,,,,,,,,,,,,,,,,,,,
,,,,,,,,,,,,,,,,,,,,,,,,,,,,,,,,,,,,,,,,,,,,,,,,,,,
,,,,,,,,,,,,,,,,,,,,,,,,,,,,,,,,,,,,,,,,,,,,,,,,,,,
,,,,,,,,,,,,,,,,,,,,,,,,,,,,,,,,,,,,,,,,,,,,,,,,,,,
,,,,,,,,,,,,,,,,,,,,,,,,,,,,,,,,,,,,,,,,,,,,,,,,,,,
,,,,,,,,,,,,,,,,,,,,,,,,,,,,,,,,,,,,,,,,,,,,,,,,,,,
,,,,,,,,,,,,,,,,,,,,,,,,,,,,,,,,,,,,,,,,,,,,,,,,,,,
,,,,,,,,,,,,,,,,,,,,,,,,,,,,,,,,,,,,,,,,,,,,,,,,,,,
,,,,,,,,,,,,,,,,,,,,,,,,,,,,,,,,,,,,,,,,,,,,,,,,,,,
,,,,,,,,,,,,,,,,,,,,,,,,,,,,,,,,,,,,,,,,,,,,,,,,,,,
,,,,,,,,,,,,,,,,,,,,,,,,,,,,,,,,,,,,,,,,,,,,,,,,,,,
,,,,,,,,,,,,,,,,,,,,,,,,,,,,,,,,,,,,,,,,,,,,,,,,,,,
,,,,,,,,,,,,,,,,,,,,,,,,,,,,,,,,,,,,,,,,,,,,,,,,,,,
,,,,,,,,,,,,,,,,,,,,,,,,,,,,,,,,,,,,,,,,,,,,,,,,,,,
,,,,,,,,,,,,,,,,,,,,,,,,,,,,,,,,,,,,,,,,,,,,,,,,,,,
,,,,,,,,,,,,,,,,,,,,,,,,,,,,,,,,,,,,,,,,,,,,,,,,,,,
,,,,,,,,,,,,,,,,,,,,,,,,,,,,,,,,,,,,,,,,,,,,,,,,,,,
,,,,,,,,,,,,,,,,,,,,,,,,,,,,,,,,,,,,,,,,,,,,,,,,,,,
,,,,,,,,,,,,,,,,,,,,,,,,,,,,,,,,,,,,,,,,,,,,,,,,,,,
,,,,,,,,,,,,,,,,,,,,,,,,,,,,,,,,,,,,,,,,,,,,,,,,,,,
,,,,,,,,,,,,,,,,,,,,,,,,,,,,,,,,,,,,,,,,,,,,,,,,,,,
,,,,,,,,,,,,,,,,,,,,,,,,,,,,,,,,,,,,,,,,,,,,,,,,,,,
,,,,,,,,,,,,,,,,,,,,,,,,,,,,,,,,,,,,,,,,,,,,,,,,,,,
,,,,,,,,,,,,,,,,,,,,,,,,,,,,,,,,,,,,,,,,,,,,,,,,,,,
,,,,,,,,,,,,,,,,,,,,,,,,,,,,,,,,,,,,,,,,,,,,,,,,,,,
,,,,,,,,,,,,,,,,,,,,,,,,,,,,,,,,,,,,,,,,,,,,,,,,,,,
,,,,,,,,,,,,,,,,,,,,,,,,,,,,,,,,,,,,,,,,,,,,,,,,,,,
,,,,,,,,,,,,,,,,,,,,,,,,,,,,,,,,,,,,,,,,,,,,,,,,,,,
,,,,,,,,,,,,,,,,,,,,,,,,,,,,,,,,,,,,,,,,,,,,,,,,,,,
,,,,,,,,,,,,,,,,,,,,,,,,,,,,,,,,,,,,,,,,,,,,,,,,,,,
,,,,,,,,,,,,,,,,,,,,,,,,,,,,,,,,,,,,,,,,,,,,,,,,,,,
,,,,,,,,,,,,,,,,,,,,,,,,,,,,,,,,,,,,,,,,,,,,,,,,,,,
,,,,,,,,,,,,,,,,,,,,,,,,,,,,,,,,,,,,,,,,,,,,,,,,,,,
,,,,,,,,,,,,,,,,,,,,,,,,,,,,,,,,,,,,,,,,,,,,,,,,,,,
,,,,,,,,,,,,,,,,,,,,,,,,,,,,,,,,,,,,,,,,,,,,,,,,,,,
,,,,,,,,,,,,,,,,,,,,,,,,,,,,,,,,,,,,,,,,,,,,,,,,,,,
,,,,,,,,,,,,,,,,,,,,,,,,,,,,,,,,,,,,,,,,,,,,,,,,,,,
,,,,,,,,,,,,,,,,,,,,,,,,,,,,,,,,,,,,,,,,,,,,,,,,,,,
,,,,,,,,,,,,,,,,,,,,,,,,,,,,,,,,,,,,,,,,,,,,,,,,,,,
,,,,,,,,,,,,,,,,,,,,,,,,,,,,,,,,,,,,,,,,,,,,,,,,,,,
,,,,,,,,,,,,,,,,,,,,,,,,,,,,,,,,,,,,,,,,,,,,,,,,,,,
,,,,,,,,,,,,,,,,,,,,,,,,,,,,,,,,,,,,,,,,,,,,,,,,,,,
,,,,,,,,,,,,,,,,,,,,,,,,,,,,,,,,,,,,,,,,,,,,,,,,,,,
,,,,,,,,,,,,,,,,,,,,,,,,,,,,,,,,,,,,,,,,,,,,,,,,,,,
,,,,,,,,,,,,,,,,,,,,,,,,,,,,,,,,,,,,,,,,,,,,,,,,,,,
,,,,,,,,,,,,,,,,,,,,,,,,,,,,,,,,,,,,,,,,,,,,,,,,,,,
,,,,,,,,,,,,,,,,,,,,,,,,,,,,,,,,,,,,,,,,,,,,,,,,,,,
,,,,,,,,,,,,,,,,,,,,,,,,,,,,,,,,,,,,,,,,,,,,,,,,,,,
,,,,,,,,,,,,,,,,,,,,,,,,,,,,,,,,,,,,,,,,,,,,,,,,,,,
,,,,,,,,,,,,,,,,,,,,,,,,,,,,,,,,,,,,,,,,,,,,,,,,,,,
,,,,,,,,,,,,,,,,,,,,,,,,,,,,,,,,,,,,,,,,,,,,,,,,,,,
,,,,,,,,,,,,,,,,,,,,,,,,,,,,,,,,,,,,,,,,,,,,,,,,,,,
,,,,,,,,,,,,,,,,,,,,,,,,,,,,,,,,,,,,,,,,,,,,,,,,,,,
,,,,,,,,,,,,,,,,,,,,,,,,,,,,,,,,,,,,,,,,,,,,,,,,,,,
,,,,,,,,,,,,,,,,,,,,,,,,,,,,,,,,,,,,,,,,,,,,,,,,,,,
,,,,,,,,,,,,,,,,,,,,,,,,,,,,,,,,,,,,,,,,,,,,,,,,,,,
,,,,,,,,,,,,,,,,,,,,,,,,,,,,,,,,,,,,,,,,,,,,,,,,,,,
,,,,,,,,,,,,,,,,,,,,,,,,,,,,,,,,,,,,,,,,,,,,,,,,,,,
,,,,,,,,,,,,,,,,,,,,,,,,,,,,,,,,,,,,,,,,,,,,,,,,,,,
,,,,,,,,,,,,,,,,,,,,,,,,,,,,,,,,,,,,,,,,,,,,,,,,,,,
,,,,,,,,,,,,,,,,,,,,,,,,,,,,,,,,,,,,,,,,,,,,,,,,,,,
,,,,,,,,,,,,,,,,,,,,,,,,,,,,,,,,,,,,,,,,,,,,,,,,,,,
,,,,,,,,,,,,,,,,,,,,,,,,,,,,,,,,,,,,,,,,,,,,,,,,,,,
,,,,,,,,,,,,,,,,,,,,,,,,,,,,,,,,,,,,,,,,,,,,,,,,,,,
,,,,,,,,,,,,,,,,,,,,,,,,,,,,,,,,,,,,,,,,,,,,,,,,,,,
,,,,,,,,,,,,,,,,,,,,,,,,,,,,,,,,,,,,,,,,,,,,,,,,,,,
,,,,,,,,,,,,,,,,,,,,,,,,,,,,,,,,,,,,,,,,,,,,,,,,,,,
,,,,,,,,,,,,,,,,,,,,,,,,,,,,,,,,,,,,,,,,,,,,,,,,,,,
,,,,,,,,,,,,,,,,,,,,,,,,,,,,,,,,,,,,,,,,,,,,,,,,,,,
,,,,,,,,,,,,,,,,,,,,,,,,,,,,,,,,,,,,,,,,,,,,,,,,,,,
,,,,,,,,,,,,,,,,,,,,,,,,,,,,,,,,,,,,,,,,,,,,,,,,,,,
,,,,,,,,,,,,,,,,,,,,,,,,,,,,,,,,,,,,,,,,,,,,,,,,,,,
,,,,,,,,,,,,,,,,,,,,,,,,,,,,,,,,,,,,,,,,,,,,,,,,,,,
,,,,,,,,,,,,,,,,,,,,,,,,,,,,,,,,,,,,,,,,,,,,,,,,,,,
,,,,,,,,,,,,,,,,,,,,,,,,,,,,,,,,,,,,,,,,,,,,,,,,,,,
,,,,,,,,,,,,,,,,,,,,,,,,,,,,,,,,,,,,,,,,,,,,,,,,,,,
,,,,,,,,,,,,,,,,,,,,,,,,,,,,,,,,,,,,,,,,,,,,,,,,,,,
,,,,,,,,,,,,,,,,,,,,,,,,,,,,,,,,,,,,,,,,,,,,,,,,,,,
,,,,,,,,,,,,,,,,,,,,,,,,,,,,,,,,,,,,,,,,,,,,,,,,,,,
,,,,,,,,,,,,,,,,,,,,,,,,,,,,,,,,,,,,,,,,,,,,,,,,,,,
,,,,,,,,,,,,,,,,,,,,,,,,,,,,,,,,,,,,,,,,,,,,,,,,,,,
,,,,,,,,,,,,,,,,,,,,,,,,,,,,,,,,,,,,,,,,,,,,,,,,,,,
,,,,,,,,,,,,,,,,,,,,,,,,,,,,,,,,,,,,,,,,,,,,,,,,,,,
,,,,,,,,,,,,,,,,,,,,,,,,,,,,,,,,,,,,,,,,,,,,,,,,,,,
,,,,,,,,,,,,,,,,,,,,,,,,,,,,,,,,,,,,,,,,,,,,,,,,,,,
,,,,,,,,,,,,,,,,,,,,,,,,,,,,,,,,,,,,,,,,,,,,,,,,,,,
,,,,,,,,,,,,,,,,,,,,,,,,,,,,,,,,,,,,,,,,,,,,,,,,,,,
,,,,,,,,,,,,,,,,,,,,,,,,,,,,,,,,,,,,,,,,,,,,,,,,,,,
,,,,,,,,,,,,,,,,,,,,,,,,,,,,,,,,,,,,,,,,,,,,,,,,,,,
,,,,,,,,,,,,,,,,,,,,,,,,,,,,,,,,,,,,,,,,,,,,,,,,,,,
,,,,,,,,,,,,,,,,,,,,,,,,,,,,,,,,,,,,,,,,,,,,,,,,,,,
,,,,,,,,,,,,,,,,,,,,,,,,,,,,,,,,,,,,,,,,,,,,,,,,,,,
,,,,,,,,,,,,,,,,,,,,,,,,,,,,,,,,,,,,,,,,,,,,,,,,,,,
,,,,,,,,,,,,,,,,,,,,,,,,,,,,,,,,,,,,,,,,,,,,,,,,,,,
,,,,,,,,,,,,,,,,,,,,,,,,,,,,,,,,,,,,,,,,,,,,,,,,,,,
,,,,,,,,,,,,,,,,,,,,,,,,,,,,,,,,,,,,,,,,,,,,,,,,,,,
,,,,,,,,,,,,,,,,,,,,,,,,,,,,,,,,,,,,,,,,,,,,,,,,,,,
,,,,,,,,,,,,,,,,,,,,,,,,,,,,,,,,,,,,,,,,,,,,,,,,,,,
,,,,,,,,,,,,,,,,,,,,,,,,,,,,,,,,,,,,,,,,,,,,,,,,,,,
,,,,,,,,,,,,,,,,,,,,,,,,,,,,,,,,,,,,,,,,,,,,,,,,,,,
,,,,,,,,,,,,,,,,,,,,,,,,,,,,,,,,,,,,,,,,,,,,,,,,,,,
,,,,,,,,,,,,,,,,,,,,,,,,,,,,,,,,,,,,,,,,,,,,,,,,,,,
,,,,,,,,,,,,,,,,,,,,,,,,,,,,,,,,,,,,,,,,,,,,,,,,,,,
,,,,,,,,,,,,,,,,,,,,,,,,,,,,,,,,,,,,,,,,,,,,,,,,,,,
,,,,,,,,,,,,,,,,,,,,,,,,,,,,,,,,,,,,,,,,,,,,,,,,,,,
,,,,,,,,,,,,,,,,,,,,,,,,,,,,,,,,,,,,,,,,,,,,,,,,,,,
,,,,,,,,,,,,,,,,,,,,,,,,,,,,,,,,,,,,,,,,,,,,,,,,,,,
,,,,,,,,,,,,,,,,,,,,,,,,,,,,,,,,,,,,,,,,,,,,,,,,,,,
,,,,,,,,,,,,,,,,,,,,,,,,,,,,,,,,,,,,,,,,,,,,,,,,,,,
,,,,,,,,,,,,,,,,,,,,,,,,,,,,,,,,,,,,,,,,,,,,,,,,,,,
,,,,,,,,,,,,,,,,,,,,,,,,,,,,,,,,,,,,,,,,,,,,,,,,,,,
,,,,,,,,,,,,,,,,,,,,,,,,,,,,,,,,,,,,,,,,,,,,,,,,,,,
,,,,,,,,,,,,,,,,,,,,,,,,,,,,,,,,,,,,,,,,,,,,,,,,,,,
,,,,,,,,,,,,,,,,,,,,,,,,,,,,,,,,,,,,,,,,,,,,,,,,,,,
,,,,,,,,,,,,,,,,,,,,,,,,,,,,,,,,,,,,,,,,,,,,,,,,,,,
,,,,,,,,,,,,,,,,,,,,,,,,,,,,,,,,,,,,,,,,,,,,,,,,,,,
,,,,,,,,,,,,,,,,,,,,,,,,,,,,,,,,,,,,,,,,,,,,,,,,,,,
,,,,,,,,,,,,,,,,,,,,,,,,,,,,,,,,,,,,,,,,,,,,,,,,,,,
,,,,,,,,,,,,,,,,,,,,,,,,,,,,,,,,,,,,,,,,,,,,,,,,,,,
,,,,,,,,,,,,,,,,,,,,,,,,,,,,,,,,,,,,,,,,,,,,,,,,,,,
,,,,,,,,,,,,,,,,,,,,,,,,,,,,,,,,,,,,,,,,,,,,,,,,,,,
,,,,,,,,,,,,,,,,,,,,,,,,,,,,,,,,,,,,,,,,,,,,,,,,,,,
,,,,,,,,,,,,,,,,,,,,,,,,,,,,,,,,,,,,,,,,,,,,,,,,,,,
,,,,,,,,,,,,,,,,,,,,,,,,,,,,,,,,,,,,,,,,,,,,,,,,,,,
,,,,,,,,,,,,,,,,,,,,,,,,,,,,,,,,,,,,,,,,,,,,,,,,,,,
,,,,,,,,,,,,,,,,,,,,,,,,,,,,,,,,,,,,,,,,,,,,,,,,,,,
,,,,,,,,,,,,,,,,,,,,,,,,,,,,,,,,,,,,,,,,,,,,,,,,,,,
,,,,,,,,,,,,,,,,,,,,,,,,,,,,,,,,,,,,,,,,,,,,,,,,,,,
,,,,,,,,,,,,,,,,,,,,,,,,,,,,,,,,,,,,,,,,,,,,,,,,,,,
,,,,,,,,,,,,,,,,,,,,,,,,,,,,,,,,,,,,,,,,,,,,,,,,,,,
,,,,,,,,,,,,,,,,,,,,,,,,,,,,,,,,,,,,,,,,,,,,,,,,,,,
,,,,,,,,,,,,,,,,,,,,,,,,,,,,,,,,,,,,,,,,,,,,,,,,,,,
,,,,,,,,,,,,,,,,,,,,,,,,,,,,,,,,,,,,,,,,,,,,,,,,,,,
,,,,,,,,,,,,,,,,,,,,,,,,,,,,,,,,,,,,,,,,,,,,,,,,,,,
,,,,,,,,,,,,,,,,,,,,,,,,,,,,,,,,,,,,,,,,,,,,,,,,,,,
,,,,,,,,,,,,,,,,,,,,,,,,,,,,,,,,,,,,,,,,,,,,,,,,,,,
,,,,,,,,,,,,,,,,,,,,,,,,,,,,,,,,,,,,,,,,,,,,,,,,,,,
,,,,,,,,,,,,,,,,,,,,,,,,,,,,,,,,,,,,,,,,,,,,,,,,,,,
,,,,,,,,,,,,,,,,,,,,,,,,,,,,,,,,,,,,,,,,,,,,,,,,,,,
,,,,,,,,,,,,,,,,,,,,,,,,,,,,,,,,,,,,,,,,,,,,,,,,,,,
,,,,,,,,,,,,,,,,,,,,,,,,,,,,,,,,,,,,,,,,,,,,,,,,,,,
,,,,,,,,,,,,,,,,,,,,,,,,,,,,,,,,,,,,,,,,,,,,,,,,,,,
,,,,,,,,,,,,,,,,,,,,,,,,,,,,,,,,,,,,,,,,,,,,,,,,,,,
,,,,,,,,,,,,,,,,,,,,,,,,,,,,,,,,,,,,,,,,,,,,,,,,,,,
,,,,,,,,,,,,,,,,,,,,,,,,,,,,,,,,,,,,,,,,,,,,,,,,,,,
,,,,,,,,,,,,,,,,,,,,,,,,,,,,,,,,,,,,,,,,,,,,,,,,,,,
,,,,,,,,,,,,,,,,,,,,,,,,,,,,,,,,,,,,,,,,,,,,,,,,,,,
,,,,,,,,,,,,,,,,,,,,,,,,,,,,,,,,,,,,,,,,,,,,,,,,,,,
,,,,,,,,,,,,,,,,,,,,,,,,,,,,,,,,,,,,,,,,,,,,,,,,,,,
,,,,,,,,,,,,,,,,,,,,,,,,,,,,,,,,,,,,,,,,,,,,,,,,,,,
,,,,,,,,,,,,,,,,,,,,,,,,,,,,,,,,,,,,,,,,,,,,,,,,,,,
,,,,,,,,,,,,,,,,,,,,,,,,,,,,,,,,,,,,,,,,,,,,,,,,,,,
,,,,,,,,,,,,,,,,,,,,,,,,,,,,,,,,,,,,,,,,,,,,,,,,,,,
,,,,,,,,,,,,,,,,,,,,,,,,,,,,,,,,,,,,,,,,,,,,,,,,,,,
,,,,,,,,,,,,,,,,,,,,,,,,,,,,,,,,,,,,,,,,,,,,,,,,,,,
,,,,,,,,,,,,,,,,,,,,,,,,,,,,,,,,,,,,,,,,,,,,,,,,,,,
,,,,,,,,,,,,,,,,,,,,,,,,,,,,,,,,,,,,,,,,,,,,,,,,,,,
,,,,,,,,,,,,,,,,,,,,,,,,,,,,,,,,,,,,,,,,,,,,,,,,,,,
,,,,,,,,,,,,,,,,,,,,,,,,,,,,,,,,,,,,,,,,,,,,,,,,,,,
,,,,,,,,,,,,,,,,,,,,,,,,,,,,,,,,,,,,,,,,,,,,,,,,,,,
,,,,,,,,,,,,,,,,,,,,,,,,,,,,,,,,,,,,,,,,,,,,,,,,,,,
,,,,,,,,,,,,,,,,,,,,,,,,,,,,,,,,,,,,,,,,,,,,,,,,,,,
,,,,,,,,,,,,,,,,,,,,,,,,,,,,,,,,,,,,,,,,,,,,,,,,,,,
,,,,,,,,,,,,,,,,,,,,,,,,,,,,,,,,,,,,,,,,,,,,,,,,,,,
,,,,,,,,,,,,,,,,,,,,,,,,,,,,,,,,,,,,,,,,,,,,,,,,,,,
,,,,,,,,,,,,,,,,,,,,,,,,,,,,,,,,,,,,,,,,,,,,,,,,,,,
